// สร้างจาก tools/weather_icons.py — ห้ามแก้มือ
#include "weather_icons.h"

static const uint8_t wi_sunny_map[] = {
  0x00, 0x00, 0x00, 0x00, 0x00, 0x00, 0x00, 0x00, 0x00, 0x00, 0x00, 0x00, 0x00, 0x00, 0x00, 0x00,
  0x00, 0x00, 0xE1, 0xF5, 0xE0, 0xFD, 0xA0, 0xFD, 0x00, 0x00, 0x00, 0x00, 0x00, 0x00, 0x00, 0x00,
  0xC0, 0xF5, 0xE0, 0xFD, 0xE1, 0xFD, 0x00, 0x00, 0x00, 0x00, 0x00, 0x00, 0x00, 0x00, 0x00, 0x00,
  0x00, 0x00, 0x00, 0x00, 0x00, 0x00, 0x00, 0x00, 0x00, 0x00, 0x00, 0x00, 0x00, 0x00, 0x00, 0x00,
  0x00, 0x00, 0x00, 0x00, 0xE0, 0xFF, 0xEF, 0xFF, 0x00, 0xFE, 0xC0, 0xFD, 0x60, 0xED, 0x03, 0xFE,
  0x24, 0xFE, 0x04, 0xFE, 0x24, 0xFE, 0x04, 0xFE, 0x02, 0xFE, 0xC0, 0xFD, 0xC0, 0xFD, 0x00, 0xFE,
  0xEF, 0xFF, 0xE0, 0xFF, 0x00, 0x00, 0x00, 0x00, 0x00, 0x00, 0x00, 0x00, 0x00, 0x00, 0x00, 0x00,
  0x00, 0x00, 0x00, 0x00, 0x00, 0x00, 0x00, 0x00, 0x00, 0xF8, 0xE0, 0xFF, 0xE0, 0xFF, 0x00, 0x00,
  0x02, 0xFE, 0x89, 0xFE, 0x89, 0xFE, 0x69, 0xFE, 0x88, 0xFE, 0xA8, 0xFE, 0xA7, 0xFE, 0x68, 0xFE,
  0x68, 0xFE, 0x68, 0xFE, 0x67, 0xFE, 0xE1, 0xFD, 0x00, 0x00, 0xE0, 0xFF, 0xE0, 0xFF, 0x00, 0xF8,
  0x00, 0x00, 0x00, 0x00, 0x00, 0x00, 0x00, 0x00, 0x00, 0x00, 0x00, 0x00, 0x00, 0x00, 0x00, 0x00,
  0x00, 0x00, 0x00, 0x00, 0x00, 0x00, 0x46, 0xFE, 0x88, 0xFE, 0xCA, 0xFE, 0xC9, 0xFE, 0x89, 0xFE,
  0x68, 0xFE, 0x68, 0xFE, 0x68, 0xFE, 0x48, 0xFE, 0x68, 0xFE, 0xA8, 0xFE, 0xA7, 0xFE, 0x66, 0xFE,
  0x04, 0xFE, 0x00, 0x00, 0x00, 0x00, 0x00, 0x00, 0x00, 0x00, 0x00, 0x00, 0x00, 0x00, 0x00, 0x00,
  0x00, 0x00, 0x00, 0x00, 0x00, 0x00, 0xE0, 0xFF, 0xE0, 0xFD, 0xC1, 0xFD, 0x47, 0xFE, 0xC8, 0xFE,
  0x89, 0xFE, 0x69, 0xFE, 0x68, 0xFE, 0x68, 0xFE, 0x68, 0xFE, 0x68, 0xFE, 0x48, 0xFE, 0x47, 0xFE,
  0x47, 0xFE, 0x47, 0xFE, 0x47, 0xFE, 0x67, 0xFE, 0xA6, 0xFE, 0x24, 0xFE, 0xC0, 0xFD, 0xC0, 0xFD,
  0xE0, 0xFF, 0x00, 0x00, 0x00, 0x00, 0x00, 0x00, 0x00, 0x00, 0xE0, 0xFF, 0xE0, 0xFF, 0xC0, 0xFD,
  0x21, 0xFE, 0x68, 0xFE, 0xE9, 0xFE, 0x69, 0xFE, 0x69, 0xFE, 0x68, 0xFE, 0x68, 0xFE, 0x68, 0xFE,
  0x68, 0xFE, 0x48, 0xFE, 0x47, 0xFE, 0x47, 0xFE, 0x47, 0xFE, 0x47, 0xFE, 0x47, 0xFE, 0x26, 0xFE,
  0x46, 0xFE, 0xA6, 0xFE, 0x45, 0xFE, 0xE1, 0xFD, 0xE0, 0xFD, 0xE0, 0xFF, 0xE0, 0xFF, 0x00, 0x00,
  0xE0, 0xFF, 0x00, 0x00, 0x21, 0xF6, 0xC0, 0xFD, 0x8A, 0xFE, 0xEA, 0xFE, 0x69, 0xFE, 0x69, 0xFE,
  0x68, 0xFE, 0x68, 0xFE, 0x68, 0xFE, 0x68, 0xFE, 0x48, 0xFE, 0x47, 0xFE, 0x47, 0xFE, 0x47, 0xFE,
  0x47, 0xFE, 0x46, 0xFE, 0x46, 0xFE, 0x46, 0xFE, 0x46, 0xFE, 0x26, 0xFE, 0xA6, 0xFE, 0x25, 0xFE,
  0xA0, 0xFD, 0x01, 0xFE, 0x00, 0x00, 0xE0, 0xFF, 0xE0, 0xFF, 0x00, 0x00, 0x60, 0xFD, 0x47, 0xFE,
  0xCA, 0xFE, 0x69, 0xFE, 0x69, 0xFE, 0x68, 0xFE, 0x68, 0xFE, 0x68, 0xFE, 0x68, 0xFE, 0x68, 0xFE,
  0x47, 0xFE, 0x47, 0xFE, 0x47, 0xFE, 0x47, 0xFE, 0x46, 0xFE, 0x46, 0xFE, 0x46, 0xFE, 0x46, 0xFE,
  0x26, 0xFE, 0x25, 0xFE, 0x25, 0xFE, 0x85, 0xFE, 0x04, 0xFE, 0xC0, 0xFD, 0x00, 0x00, 0xE0, 0xFF,
  0xE0, 0xFF, 0x00, 0x00, 0xE2, 0xFD, 0x68, 0xFE, 0x89, 0xFE, 0x69, 0xFE, 0x68, 0xFE, 0x68, 0xFE,
  0x68, 0xFE, 0x68, 0xFE, 0x68, 0xFE, 0x47, 0xFE, 0x47, 0xFE, 0x47, 0xFE, 0x47, 0xFE, 0x46, 0xFE,
  0x46, 0xFE, 0x46, 0xFE, 0x46, 0xFE, 0x26, 0xFE, 0x25, 0xFE, 0x25, 0xFE, 0x25, 0xFE, 0x45, 0xFE,
  0x04, 0xFE, 0xE1, 0xFD, 0x00, 0x00, 0xE0, 0xFF, 0xE7, 0xFD, 0xE0, 0xFF, 0x67, 0xFE, 0xC8, 0xFE,
  0x69, 0xFE, 0x68, 0xFE, 0x68, 0xFE, 0x68, 0xFE, 0x68, 0xFE, 0x48, 0xFE, 0x47, 0xFE, 0x47, 0xFE,
  0x47, 0xFE, 0x47, 0xFE, 0x46, 0xFE, 0x46, 0xFE, 0x46, 0xFE, 0x46, 0xFE, 0x26, 0xFE, 0x25, 0xFE,
  0x25, 0xFE, 0x25, 0xFE, 0x25, 0xFE, 0x24, 0xFE, 0x64, 0xFE, 0x03, 0xFE, 0xE0, 0xFF, 0xE0, 0xFD,
  0xEF, 0xFF, 0x00, 0x00, 0x47, 0xFE, 0xA8, 0xFE, 0x69, 0xFE, 0x68, 0xFE, 0x68, 0xFE, 0x68, 0xFE,
  0x48, 0xFE, 0x47, 0xFE, 0x47, 0xFE, 0x47, 0xFE, 0x47, 0xFE, 0x46, 0xFE, 0x46, 0xFE, 0x46, 0xFE,
  0x46, 0xFE, 0x26, 0xFE, 0x25, 0xFE, 0x25, 0xFE, 0x25, 0xFE, 0x25, 0xFE, 0x24, 0xFE, 0x24, 0xFE,
  0x64, 0xFE, 0x03, 0xFE, 0x00, 0x00, 0xE0, 0xFF, 0x00, 0x00, 0x03, 0xFE, 0x47, 0xFE, 0x89, 0xFE,
  0x68, 0xFE, 0x68, 0xFE, 0x68, 0xFE, 0x68, 0xFE, 0x47, 0xFE, 0x47, 0xFE, 0x47, 0xFE, 0x47, 0xFE,
  0x46, 0xFE, 0x46, 0xFE, 0x46, 0xFE, 0x26, 0xFE, 0x26, 0xFE, 0x25, 0xFE, 0x25, 0xFE, 0x25, 0xFE,
  0x25, 0xFE, 0x24, 0xFE, 0x24, 0xFE, 0x24, 0xFE, 0x24, 0xFE, 0x03, 0xFE, 0x01, 0xF6, 0x00, 0x00,
  0xC0, 0xFC, 0x24, 0xFE, 0x88, 0xFE, 0x68, 0xFE, 0x68, 0xFE, 0x68, 0xFE, 0x68, 0xFE, 0x47, 0xFE,
  0x47, 0xFE, 0x47, 0xFE, 0x47, 0xFE, 0x47, 0xFE, 0x46, 0xFE, 0x46, 0xFE, 0x46, 0xFE, 0x26, 0xFE,
  0x25, 0xFE, 0x25, 0xFE, 0x25, 0xFE, 0x25, 0xFE, 0x24, 0xFE, 0x24, 0xFE, 0x24, 0xFE, 0x04, 0xFE,
  0x04, 0xFE, 0x23, 0xFE, 0x01, 0xFE, 0xE0, 0xFF, 0xA0, 0xFD, 0x46, 0xFE, 0x89, 0xFE, 0x68, 0xFE,
  0x68, 0xFE, 0x48, 0xFE, 0x47, 0xFE, 0x47, 0xFE, 0x47, 0xFE, 0x47, 0xFE, 0x46, 0xFE, 0x46, 0xFE,
  0x46, 0xFE, 0x46, 0xFE, 0x26, 0xFE, 0x25, 0xFE, 0x25, 0xFE, 0x25, 0xFE, 0x25, 0xFE, 0x24, 0xFE,
  0x24, 0xFE, 0x24, 0xFE, 0x24, 0xFE, 0x04, 0xFE, 0x03, 0xFE, 0x23, 0xFE, 0xE2, 0xFD, 0xE0, 0xFD,
  0x40, 0xF5, 0x46, 0xFE, 0x88, 0xFE, 0x48, 0xFE, 0x68, 0xFE, 0x47, 0xFE, 0x47, 0xFE, 0x47, 0xFE,
  0x47, 0xFE, 0x46, 0xFE, 0x46, 0xFE, 0x46, 0xFE, 0x46, 0xFE, 0x26, 0xFE, 0x25, 0xFE, 0x25, 0xFE,
  0x25, 0xFE, 0x25, 0xFE, 0x24, 0xFE, 0x24, 0xFE, 0x24, 0xFE, 0x24, 0xFE, 0x04, 0xFE, 0x03, 0xFE,
  0x03, 0xFE, 0x23, 0xFE, 0x02, 0xFE, 0xA0, 0xFD, 0xE0, 0xFB, 0x03, 0xFE, 0x68, 0xFE, 0x48, 0xFE,
  0x47, 0xFE, 0x47, 0xFE, 0x47, 0xFE, 0x47, 0xFE, 0x46, 0xFE, 0x46, 0xFE, 0x46, 0xFE, 0x46, 0xFE,
  0x46, 0xFE, 0x25, 0xFE, 0x25, 0xFE, 0x25, 0xFE, 0x25, 0xFE, 0x24, 0xFE, 0x24, 0xFE, 0x24, 0xFE,
  0x24, 0xFE, 0x04, 0xFE, 0x03, 0xFE, 0x03, 0xFE, 0x03, 0xFE, 0x23, 0xFE, 0x01, 0xFE, 0xC0, 0xFC,
  0x00, 0x00, 0x03, 0xFE, 0x46, 0xFE, 0x67, 0xFE, 0x47, 0xFE, 0x47, 0xFE, 0x47, 0xFE, 0x47, 0xFE,
  0x46, 0xFE, 0x46, 0xFE, 0x46, 0xFE, 0x26, 0xFE, 0x25, 0xFE, 0x25, 0xFE, 0x25, 0xFE, 0x25, 0xFE,
  0x24, 0xFE, 0x24, 0xFE, 0x24, 0xFE, 0x24, 0xFE, 0x04, 0xFE, 0x03, 0xFE, 0x03, 0xFE, 0x03, 0xFE,
  0x23, 0xFE, 0xE2, 0xFD, 0x01, 0xFE, 0x00, 0x00, 0xEF, 0xFF, 0x00, 0x00, 0x46, 0xFE, 0xA7, 0xFE,
  0x47, 0xFE, 0x47, 0xFE, 0x46, 0xFE, 0x46, 0xFE, 0x46, 0xFE, 0x46, 0xFE, 0x25, 0xFE, 0x25, 0xFE,
  0x25, 0xFE, 0x25, 0xFE, 0x25, 0xFE, 0x24, 0xFE, 0x24, 0xFE, 0x24, 0xFE, 0x24, 0xFE, 0x04, 0xFE,
  0x03, 0xFE, 0x03, 0xFE, 0x03, 0xFE, 0x03, 0xFE, 0x42, 0xFE, 0xE2, 0xFD, 0x00, 0x00, 0xE0, 0xFF,
  0xE7, 0xFD, 0xE0, 0xFF, 0x46, 0xFE, 0xA6, 0xFE, 0x47, 0xFE, 0x46, 0xFE, 0x46, 0xFE, 0x46, 0xFE,
  0x46, 0xFE, 0x26, 0xFE, 0x25, 0xFE, 0x25, 0xFE, 0x25, 0xFE, 0x25, 0xFE, 0x24, 0xFE, 0x24, 0xFE,
  0x24, 0xFE, 0x24, 0xFE, 0x04, 0xFE, 0x03, 0xFE, 0x03, 0xFE, 0x03, 0xFE, 0x03, 0xFE, 0x02, 0xFE,
  0x42, 0xFE, 0xE2, 0xFD, 0xE0, 0xFF, 0xE0, 0xFD, 0xE0, 0xFF, 0x00, 0x00, 0x21, 0xFE, 0x26, 0xFE,
  0x67, 0xFE, 0x46, 0xFE, 0x46, 0xFE, 0x46, 0xFE, 0x26, 0xFE, 0x25, 0xFE, 0x25, 0xFE, 0x25, 0xFE,
  0x25, 0xFE, 0x24, 0xFE, 0x24, 0xFE, 0x24, 0xFE, 0x04, 0xFE, 0x04, 0xFE, 0x03, 0xFE, 0x03, 0xFE,
  0x03, 0xFE, 0x03, 0xFE, 0x02, 0xFE, 0x22, 0xFE, 0xE2, 0xFD, 0xE1, 0xFD, 0x00, 0x00, 0xE0, 0xFF,
  0xE0, 0xFF, 0x00, 0x00, 0x60, 0xFD, 0x25, 0xFE, 0x87, 0xFE, 0x46, 0xFE, 0x46, 0xFE, 0x26, 0xFE,
  0x25, 0xFE, 0x25, 0xFE, 0x25, 0xFE, 0x25, 0xFE, 0x24, 0xFE, 0x24, 0xFE, 0x24, 0xFE, 0x04, 0xFE,
  0x04, 0xFE, 0x03, 0xFE, 0x03, 0xFE, 0x03, 0xFE, 0x03, 0xFE, 0x02, 0xFE, 0x02, 0xFE, 0x42, 0xFE,
  0xE1, 0xFD, 0xC0, 0xFD, 0x00, 0x00, 0xE0, 0xFF, 0xE0, 0xFF, 0x00, 0x00, 0x01, 0xFE, 0xA0, 0xF5,
  0x46, 0xFE, 0xA6, 0xFE, 0x26, 0xFE, 0x25, 0xFE, 0x25, 0xFE, 0x25, 0xFE, 0x25, 0xFE, 0x24, 0xFE,
  0x24, 0xFE, 0x24, 0xFE, 0x24, 0xFE, 0x04, 0xFE, 0x03, 0xFE, 0x03, 0xFE, 0x03, 0xFE, 0x03, 0xFE,
  0x02, 0xFE, 0xE2, 0xFD, 0x62, 0xFE, 0xE2, 0xFD, 0x00, 0xFE, 0xC0, 0xF5, 0x00, 0x00, 0xE0, 0xFF,
  0x00, 0x00, 0xE0, 0xFF, 0xE0, 0xFF, 0xE0, 0xFD, 0x01, 0xFE, 0x45, 0xFE, 0xA6, 0xFE, 0x25, 0xFE,
  0x25, 0xFE, 0x25, 0xFE, 0x24, 0xFE, 0x24, 0xFE, 0x24, 0xFE, 0x24, 0xFE, 0x04, 0xFE, 0x03, 0xFE,
  0x03, 0xFE, 0x03, 0xFE, 0x03, 0xFE, 0x02, 0xFE, 0x02, 0xFE, 0x62, 0xFE, 0x02, 0xFE, 0x00, 0xFE,
  0xC0, 0xFD, 0xE0, 0xFF, 0xE0, 0xFF, 0x00, 0x00, 0x00, 0x00, 0x00, 0x00, 0x00, 0x00, 0xE0, 0xFF,
  0xC0, 0xFD, 0xC0, 0xFD, 0x24, 0xFE, 0x84, 0xFE, 0x45, 0xFE, 0x24, 0xFE, 0x24, 0xFE, 0x04, 0xFE,
  0x24, 0xFE, 0x04, 0xFE, 0x03, 0xFE, 0x03, 0xFE, 0x03, 0xFE, 0x03, 0xFE, 0x02, 0xFE, 0x22, 0xFE,
  0x42, 0xFE, 0x01, 0xFE, 0xC0, 0xFD, 0xE0, 0xFD, 0xE0, 0xFF, 0x00, 0x00, 0x00, 0x00, 0x00, 0x00,
  0x00, 0x00, 0x00, 0x00, 0x00, 0x00, 0x00, 0x00, 0x00, 0x00, 0x00, 0x00, 0x00, 0x00, 0x03, 0xFE,
  0x24, 0xFE, 0x85, 0xFE, 0x64, 0xFE, 0x44, 0xFE, 0x04, 0xFE, 0x03, 0xFE, 0x03, 0xFE, 0x03, 0xFE,
  0x23, 0xFE, 0x63, 0xFE, 0x42, 0xFE, 0x22, 0xFE, 0x01, 0xFE, 0x00, 0x00, 0x00, 0x00, 0x00, 0x00,
  0x00, 0x00, 0x00, 0x00, 0x00, 0x00, 0x00, 0x00, 0x00, 0x00, 0x00, 0x00, 0x00, 0x00, 0x00, 0x00,
  0x00, 0xF8, 0xE0, 0xFF, 0xE0, 0xFF, 0x00, 0x00, 0xE0, 0xFD, 0x24, 0xFE, 0x24, 0xFE, 0x24, 0xFE,
  0x23, 0xFE, 0x43, 0xFE, 0x43, 0xFE, 0x23, 0xFE, 0x02, 0xFE, 0x02, 0xFE, 0x02, 0xFE, 0xE0, 0xFD,
  0x00, 0x00, 0xE0, 0xFF, 0xE0, 0xFF, 0x00, 0xF8, 0x00, 0x00, 0x00, 0x00, 0x00, 0x00, 0x00, 0x00,
  0x00, 0x00, 0x00, 0x00, 0x00, 0x00, 0x00, 0x00, 0x00, 0x00, 0x00, 0x00, 0xE0, 0xFF, 0xE0, 0xFF,
  0x00, 0xFE, 0xE0, 0xFD, 0x60, 0xED, 0xE1, 0xFD, 0xE1, 0xFD, 0xE1, 0xFD, 0x01, 0xFE, 0xE1, 0xFD,
  0xE1, 0xFD, 0xE0, 0xED, 0xC0, 0xFD, 0x00, 0xFE, 0xE0, 0xFF, 0xE0, 0xFF, 0x00, 0x00, 0x00, 0x00,
  0x00, 0x00, 0x00, 0x00, 0x00, 0x00, 0x00, 0x00, 0x00, 0x00, 0x00, 0x00, 0x00, 0x00, 0x00, 0x00,
  0x00, 0x00, 0x00, 0x00, 0x00, 0x00, 0x00, 0x00, 0x00, 0x00, 0xE1, 0xFD, 0xE0, 0xFD, 0x00, 0xFE,
  0x00, 0x00, 0x00, 0x00, 0x00, 0x00, 0x00, 0x00, 0xA0, 0xFD, 0xE0, 0xFD, 0xE0, 0xF5, 0x00, 0x00,
  0x00, 0x00, 0x00, 0x00, 0x00, 0x00, 0x00, 0x00, 0x00, 0x00, 0x00, 0x00, 0x00, 0x00, 0x00, 0x00,
  0x00, 0x00, 0x00, 0x00, 0x00, 0x00, 0x00, 0x00, 0x00, 0x18, 0x2C, 0x19, 0x00, 0x00, 0x00, 0x00,
  0x1A, 0x2C, 0x17, 0x00, 0x00, 0x00, 0x00, 0x00, 0x00, 0x00, 0x00, 0x00, 0x00, 0x00, 0x00, 0x00,
  0x00, 0x00, 0x01, 0x02, 0x19, 0x25, 0x10, 0x38, 0x5D, 0x45, 0x47, 0x5F, 0x38, 0x0F, 0x24, 0x19,
  0x02, 0x01, 0x00, 0x00, 0x00, 0x00, 0x00, 0x00, 0x00, 0x00, 0x00, 0x00, 0x01, 0x02, 0x01, 0x00,
  0x45, 0x64, 0xB4, 0xE8, 0xFF, 0xFF, 0xFF, 0xFF, 0xE7, 0xB3, 0x64, 0x41, 0x00, 0x01, 0x02, 0x01,
  0x00, 0x00, 0x00, 0x00, 0x00, 0x00, 0x00, 0x00, 0x00, 0x00, 0x00, 0x6B, 0xEB, 0xFF, 0xFF, 0xFF,
  0xFE, 0xFD, 0xFC, 0xFE, 0xFF, 0xFF, 0xFF, 0xE6, 0x6C, 0x00, 0x00, 0x00, 0x00, 0x00, 0x00, 0x00,
  0x00, 0x00, 0x00, 0x01, 0x14, 0x29, 0xAC, 0xFF, 0xFF, 0xFB, 0xFC, 0xFE, 0xFF, 0xFF, 0xFF, 0xFE,
  0xFE, 0xFC, 0xFC, 0xFF, 0xFF, 0xAB, 0x29, 0x13, 0x01, 0x00, 0x00, 0x00, 0x00, 0x01, 0x02, 0x2C,
  0x31, 0xD2, 0xFF, 0xFB, 0xFD, 0xFE, 0xFF, 0xFF, 0xFF, 0xFF, 0xFF, 0xFF, 0xFF, 0xFF, 0xFF, 0xFE,
  0xFB, 0xFF, 0xD3, 0x32, 0x2B, 0x02, 0x01, 0x00, 0x01, 0x00, 0x1A, 0x21, 0x9E, 0xFF, 0xF9, 0xFF,
  0xFF, 0xFF, 0xFF, 0xFF, 0xFF, 0xFF, 0xFF, 0xFF, 0xFF, 0xFF, 0xFF, 0xFF, 0xFF, 0xF9, 0xFF, 0x9F,
  0x20, 0x19, 0x00, 0x01, 0x01, 0x00, 0x13, 0x7F, 0xFF, 0xFC, 0xFE, 0xFF, 0xFF, 0xFE, 0xFF, 0xFF,
  0xFF, 0xFF, 0xFF, 0xFF, 0xFF, 0xFF, 0xFF, 0xFF, 0xFF, 0xFF, 0xFC, 0xFF, 0x7E, 0x13, 0x00, 0x01,
  0x01, 0x00, 0x18, 0xEF, 0xFE, 0xFD, 0xFF, 0xFF, 0xFF, 0xFF, 0xFF, 0xFE, 0xFF, 0xFF, 0xFF, 0xFF,
  0xFF, 0xFF, 0xFF, 0xFF, 0xFF, 0xFF, 0xFD, 0xFE, 0xF3, 0x1B, 0x00, 0x01, 0x04, 0x01, 0x64, 0xFF,
  0xFC, 0xFF, 0xFF, 0xFF, 0xFF, 0xFF, 0xFF, 0xFF, 0xFF, 0xFF, 0xFF, 0xFF, 0xFF, 0xFF, 0xFF, 0xFF,
  0xFF, 0xFF, 0xFF, 0xFC, 0xFF, 0x63, 0x01, 0x04, 0x02, 0x00, 0xBB, 0xFE, 0xFC, 0xFF, 0xFF, 0xFF,
  0xFF, 0xFF, 0xFF, 0xFF, 0xFF, 0xFF, 0xFF, 0xFF, 0xFF, 0xFF, 0xFF, 0xFF, 0xFF, 0xFF, 0xFF, 0xFB,
  0xFE, 0xBB, 0x00, 0x02, 0x00, 0x1D, 0xF2, 0xFF, 0xFE, 0xFF, 0xFF, 0xFF, 0xFF, 0xFF, 0xFE, 0xFF,
  0xFF, 0xFF, 0xFF, 0xFF, 0xFF, 0xFF, 0xFF, 0xFF, 0xFF, 0xFF, 0xFF, 0xFD, 0xFF, 0xF2, 0x1D, 0x00,
  0x05, 0x62, 0xFF, 0xFF, 0xFE, 0xFF, 0xFF, 0xFE, 0xFF, 0xFF, 0xFE, 0xFF, 0xFF, 0xFF, 0xFF, 0xFF,
  0xFF, 0xFF, 0xFF, 0xFF, 0xFF, 0xFF, 0xFF, 0xFE, 0xFF, 0xFF, 0x62, 0x03, 0x18, 0x5A, 0xFE, 0xFE,
  0xFF, 0xFF, 0xFF, 0xFF, 0xFF, 0xFF, 0xFF, 0xFF, 0xFF, 0xFF, 0xFF, 0xFF, 0xFF, 0xFF, 0xFF, 0xFF,
  0xFF, 0xFF, 0xFF, 0xFF, 0xFD, 0xFF, 0x59, 0x17, 0x18, 0x59, 0xFE, 0xFE, 0xFF, 0xFF, 0xFE, 0xFE,
  0xFF, 0xFF, 0xFF, 0xFF, 0xFF, 0xFF, 0xFE, 0xFF, 0xFF, 0xFF, 0xFF, 0xFF, 0xFF, 0xFF, 0xFF, 0xFE,
  0xFE, 0xFE, 0x5A, 0x18, 0x04, 0x62, 0xFF, 0xFF, 0xFE, 0xFF, 0xFF, 0xFF, 0xFF, 0xFF, 0xFF, 0xFF,
  0xFF, 0xFF, 0xFF, 0xFE, 0xFF, 0xFF, 0xFF, 0xFF, 0xFF, 0xFF, 0xFF, 0xFE, 0xFF, 0xFF, 0x62, 0x05,
  0x00, 0x1D, 0xF2, 0xFF, 0xFE, 0xFF, 0xFF, 0xFF, 0xFF, 0xFF, 0xFF, 0xFF, 0xFF, 0xFF, 0xFF, 0xFF,
  0xFF, 0xFF, 0xFF, 0xFF, 0xFF, 0xFF, 0xFF, 0xFE, 0xFF, 0xF2, 0x1D, 0x00, 0x02, 0x00, 0xBB, 0xFE,
  0xFB, 0xFF, 0xFF, 0xFF, 0xFF, 0xFF, 0xFF, 0xFF, 0xFF, 0xFF, 0xFF, 0xFE, 0xFF, 0xFF, 0xFF, 0xFF,
  0xFE, 0xFF, 0xFF, 0xFC, 0xFE, 0xBB, 0x00, 0x02, 0x04, 0x01, 0x63, 0xFF, 0xFC, 0xFF, 0xFF, 0xFF,
  0xFF, 0xFF, 0xFF, 0xFF, 0xFF, 0xFF, 0xFF, 0xFE, 0xFF, 0xFF, 0xFF, 0xFF, 0xFF, 0xFF, 0xFE, 0xFC,
  0xFF, 0x64, 0x01, 0x04, 0x01, 0x00, 0x1B, 0xF3, 0xFE, 0xFD, 0xFF, 0xFF, 0xFF, 0xFF, 0xFF, 0xFF,
  0xFF, 0xFF, 0xFF, 0xFE, 0xFE, 0xFF, 0xFF, 0xFF, 0xFF, 0xFE, 0xFD, 0xFE, 0xF0, 0x18, 0x00, 0x01,
  0x01, 0x00, 0x13, 0x7E, 0xFF, 0xFC, 0xFF, 0xFF, 0xFF, 0xFF, 0xFF, 0xFF, 0xFF, 0xFF, 0xFF, 0xFF,
  0xFE, 0xFF, 0xFF, 0xFF, 0xFF, 0xFF, 0xFC, 0xFF, 0x7F, 0x12, 0x00, 0x01, 0x01, 0x00, 0x19, 0x20,
  0x9F, 0xFF, 0xF9, 0xFF, 0xFF, 0xFF, 0xFF, 0xFF, 0xFF, 0xFF, 0xFF, 0xFF, 0xFF, 0xFF, 0xFF, 0xFF,
  0xFF, 0xFA, 0xFF, 0x9E, 0x21, 0x1A, 0x00, 0x01, 0x00, 0x01, 0x02, 0x2B, 0x32, 0xD3, 0xFF, 0xFB,
  0xFD, 0xFF, 0xFF, 0xFF, 0xFF, 0xFF, 0xFF, 0xFF, 0xFF, 0xFF, 0xFF, 0xFE, 0xFB, 0xFF, 0xD2, 0x32,
  0x2C, 0x02, 0x01, 0x00, 0x00, 0x00, 0x00, 0x01, 0x13, 0x29, 0xAB, 0xFF, 0xFF, 0xFC, 0xFC, 0xFE,
  0xFE, 0xFF, 0xFF, 0xFE, 0xFD, 0xFC, 0xFC, 0xFF, 0xFF, 0xAC, 0x29, 0x14, 0x01, 0x00, 0x00, 0x00,
  0x00, 0x00, 0x00, 0x00, 0x00, 0x00, 0x00, 0x6C, 0xE7, 0xFF, 0xFF, 0xFF, 0xFE, 0xFC, 0xFC, 0xFE,
  0xFF, 0xFF, 0xFF, 0xEB, 0x6B, 0x00, 0x00, 0x00, 0x00, 0x00, 0x00, 0x00, 0x00, 0x00, 0x00, 0x00,
  0x01, 0x02, 0x01, 0x00, 0x41, 0x64, 0xB3, 0xE7, 0xFF, 0xFF, 0xFF, 0xFF, 0xE7, 0xB4, 0x63, 0x45,
  0x00, 0x01, 0x02, 0x01, 0x00, 0x00, 0x00, 0x00, 0x00, 0x00, 0x00, 0x00, 0x00, 0x00, 0x01, 0x02,
  0x19, 0x24, 0x10, 0x38, 0x5F, 0x47, 0x45, 0x5D, 0x38, 0x10, 0x25, 0x19, 0x02, 0x01, 0x00, 0x00,
  0x00, 0x00, 0x00, 0x00, 0x00, 0x00, 0x00, 0x00, 0x00, 0x00, 0x00, 0x00, 0x00, 0x17, 0x2C, 0x19,
  0x00, 0x00, 0x00, 0x00, 0x19, 0x2C, 0x18, 0x00, 0x00, 0x00, 0x00, 0x00, 0x00, 0x00, 0x00, 0x00
};

const lv_image_dsc_t wi_sunny = {
  .header = { .magic = LV_IMAGE_HEADER_MAGIC, .cf = LV_COLOR_FORMAT_RGB565A8,
               .flags = 0, .w = 28, .h = 28, .stride = 56 },
  .data_size = sizeof(wi_sunny_map), .data = wi_sunny_map,
};

static const uint8_t wi_partly_cloudy_map[] = {
  0x00, 0x00, 0x00, 0x00, 0x00, 0x00, 0x00, 0x00, 0x00, 0x00, 0x00, 0x00, 0xE0, 0xFF, 0xE0, 0xFF,
  0x00, 0x00, 0x69, 0xFE, 0xA9, 0xFE, 0x88, 0xFE, 0x68, 0xFE, 0x47, 0xFE, 0x47, 0xFE, 0x67, 0xFE,
  0x66, 0xFE, 0x66, 0xFE, 0x46, 0xF6, 0x00, 0x00, 0xE0, 0xFF, 0xE0, 0xFF, 0x00, 0x00, 0x00, 0x00,
  0x00, 0x00, 0x00, 0x00, 0x00, 0x00, 0x00, 0x00, 0x00, 0x00, 0x00, 0x00, 0x00, 0x00, 0x00, 0x00,
  0x00, 0x00, 0xE0, 0xFF, 0x00, 0x00, 0x00, 0x00, 0x89, 0xFE, 0x89, 0xFE, 0xA9, 0xFE, 0xA8, 0xFE,
  0x68, 0xFE, 0x47, 0xFE, 0x47, 0xFE, 0x66, 0xFE, 0x86, 0xFE, 0x86, 0xFE, 0x65, 0xFE, 0x45, 0xFE,
  0x00, 0x00, 0x00, 0x00, 0xE0, 0xFF, 0x00, 0x00, 0x00, 0x00, 0x00, 0x00, 0x00, 0x00, 0x00, 0x00,
  0x00, 0x00, 0x00, 0x00, 0x00, 0x00, 0x00, 0x00, 0xE0, 0xFF, 0x00, 0x00, 0x09, 0xF6, 0x89, 0xFE,
  0xE9, 0xFE, 0x88, 0xFE, 0x48, 0xFE, 0x47, 0xFE, 0x47, 0xFE, 0x47, 0xFE, 0x46, 0xFE, 0x46, 0xFE,
  0x26, 0xFE, 0x25, 0xFE, 0x45, 0xFE, 0xA5, 0xFE, 0x44, 0xFE, 0x03, 0xF6, 0x00, 0x00, 0xE0, 0xFF,
  0x00, 0x00, 0x00, 0x00, 0x00, 0x00, 0x00, 0x00, 0x00, 0x00, 0x00, 0x00, 0x00, 0x00, 0xE0, 0xFF,
  0xEF, 0xFF, 0x69, 0xE6, 0x69, 0xFE, 0xE9, 0xFE, 0x68, 0xFE, 0x48, 0xFE, 0x47, 0xFE, 0x47, 0xFE,
  0x47, 0xFE, 0x46, 0xFE, 0x46, 0xFE, 0x46, 0xFE, 0x25, 0xFE, 0x25, 0xFE, 0x25, 0xFE, 0x04, 0xFE,
  0xA4, 0xFE, 0x24, 0xFE, 0x23, 0xFE, 0xE0, 0xFF, 0xE0, 0xFF, 0x00, 0x00, 0x00, 0x00, 0x00, 0x00,
  0x00, 0x00, 0x00, 0x00, 0x00, 0x00, 0xEF, 0xFF, 0x00, 0x00, 0x69, 0xFE, 0xE9, 0xFE, 0x48, 0xFE,
  0x68, 0xFE, 0x47, 0xFE, 0x47, 0xFE, 0x47, 0xFE, 0x46, 0xFE, 0x46, 0xFE, 0x26, 0xFE, 0x25, 0xFE,
  0x25, 0xFE, 0x25, 0xFE, 0x24, 0xFE, 0x24, 0xFE, 0x03, 0xFE, 0x83, 0xFE, 0x03, 0xFE, 0x00, 0x00,
  0xE0, 0xFF, 0x00, 0x00, 0x00, 0x00, 0x00, 0x00, 0x00, 0x00, 0x00, 0x00, 0x4A, 0xFD, 0x00, 0x00,
  0x68, 0xFE, 0xA9, 0xFE, 0x68, 0xFE, 0x68, 0xFE, 0x47, 0xFE, 0x47, 0xFE, 0x47, 0xFE, 0x46, 0xFE,
  0x46, 0xFE, 0x46, 0xFE, 0x25, 0xFE, 0x25, 0xFE, 0x25, 0xFE, 0x24, 0xFE, 0x24, 0xFE, 0x03, 0xFE,
  0x03, 0xFE, 0x03, 0xFE, 0x43, 0xFE, 0x02, 0xFE, 0x00, 0x00, 0x40, 0xFD, 0x00, 0x00, 0x00, 0x00,
  0x00, 0x00, 0x00, 0x00, 0xEF, 0xFF, 0x00, 0x00, 0x68, 0xFE, 0xC8, 0xFE, 0x47, 0xFE, 0x47, 0xFE,
  0x47, 0xFE, 0x46, 0xFE, 0x46, 0xFE, 0x46, 0xFE, 0x25, 0xFE, 0x25, 0xFE, 0x25, 0xFE, 0x24, 0xFE,
  0x24, 0xFE, 0x24, 0xFE, 0x03, 0xFE, 0x03, 0xFE, 0x03, 0xFE, 0x02, 0xFE, 0x42, 0xFE, 0xE2, 0xFD,
  0x00, 0x00, 0xE0, 0xFF, 0x00, 0x00, 0x00, 0x00, 0x00, 0x00, 0xE0, 0xFF, 0x00, 0x00, 0x47, 0xF6,
  0x68, 0xFE, 0x68, 0xFE, 0x47, 0xFE, 0x47, 0xFE, 0x46, 0xFE, 0x46, 0xFE, 0x46, 0xFE, 0x25, 0xFE,
  0x25, 0xFE, 0x25, 0xFE, 0x24, 0xFE, 0x24, 0xFE, 0x24, 0xFE, 0x03, 0xFE, 0x03, 0xFE, 0x03, 0xFE,
  0x02, 0xFE, 0xE2, 0xFD, 0x02, 0xFE, 0xE1, 0xFD, 0xE1, 0xF5, 0x00, 0x00, 0xE0, 0xFB, 0x00, 0x00,
  0x00, 0x00, 0xEA, 0xFF, 0x00, 0x00, 0x68, 0xFE, 0xA8, 0xFE, 0x47, 0xFE, 0x47, 0xFE, 0x46, 0xFE,
  0x46, 0xFE, 0x46, 0xFE, 0x25, 0xFE, 0x25, 0xFE, 0x25, 0xFE, 0x24, 0xFE, 0x24, 0xFE, 0x24, 0xFE,
  0x03, 0xFE, 0x03, 0xFE, 0x03, 0xFE, 0x02, 0xFE, 0x02, 0xFE, 0xE2, 0xFD, 0xE1, 0xFD, 0x21, 0xFE,
  0xE1, 0xFD, 0x00, 0x00, 0xE0, 0xFF, 0x00, 0x00, 0x00, 0x00, 0xE7, 0xFD, 0x00, 0x00, 0x67, 0xFE,
  0xC8, 0xFE, 0x47, 0xFE, 0x46, 0xFE, 0x46, 0xFE, 0x46, 0xFE, 0x25, 0xFE, 0x25, 0xFE, 0x25, 0xFE,
  0x24, 0xFE, 0x24, 0xFE, 0x24, 0xFE, 0x03, 0xFE, 0x03, 0xFE, 0x03, 0xFE, 0x02, 0xFE, 0x02, 0xFE,
  0xE2, 0xFD, 0xE1, 0xFD, 0xE1, 0xFD, 0x41, 0xFE, 0xE0, 0xFD, 0x00, 0x00, 0xE0, 0xFD, 0x00, 0x00,
  0x00, 0x00, 0xE7, 0xFD, 0x00, 0x00, 0x47, 0xFE, 0xC7, 0xFE, 0x46, 0xFE, 0x46, 0xFE, 0x46, 0xFE,
  0x25, 0xFE, 0x25, 0xFE, 0x25, 0xFE, 0x24, 0xFE, 0x24, 0xFE, 0x04, 0xFE, 0x04, 0xFE, 0x03, 0xFE,
  0x03, 0xFE, 0x02, 0xFE, 0x02, 0xFE, 0xE2, 0xFD, 0xE1, 0xFD, 0xE1, 0xFD, 0xE0, 0xFD, 0x40, 0xFE,
  0xC0, 0xFD, 0x00, 0x00, 0xE0, 0xFD, 0x00, 0x00, 0x00, 0x00, 0xE7, 0xFD, 0x00, 0x00, 0x46, 0xFE,
  0xA7, 0xFE, 0x46, 0xFE, 0x46, 0xFE, 0x25, 0xFE, 0x25, 0xFE, 0x25, 0xFE, 0x24, 0xFE, 0x24, 0xFE,
  0x24, 0xFE, 0x03, 0xFE, 0x02, 0xFE, 0x02, 0xFE, 0xE1, 0xFD, 0xE1, 0xFD, 0xE0, 0xFD, 0xE0, 0xFD,
  0xE1, 0xFD, 0xE1, 0xFD, 0xC0, 0xFD, 0x40, 0xFE, 0xE0, 0xFD, 0x00, 0x00, 0xE0, 0xFD, 0x00, 0x00,
  0x00, 0x00, 0xEA, 0xFF, 0x00, 0x00, 0x46, 0xFE, 0x86, 0xFE, 0x26, 0xFE, 0x25, 0xFE, 0x25, 0xFE,
  0x25, 0xFE, 0x24, 0xFE, 0x24, 0xFE, 0x03, 0xFE, 0x02, 0xFE, 0x25, 0xFE, 0x6A, 0xF6, 0x8D, 0xF6,
  0xAF, 0xF6, 0xAF, 0xF6, 0x6C, 0xF6, 0x26, 0xFE, 0xC0, 0xFD, 0xC0, 0xFD, 0xE0, 0xFD, 0x20, 0xFE,
  0xC0, 0xFD, 0x00, 0x00, 0xE0, 0xFF, 0x00, 0x00, 0x00, 0x00, 0xE0, 0xFB, 0x00, 0x00, 0x45, 0xF6,
  0x25, 0xFE, 0x45, 0xFE, 0x25, 0xFE, 0x24, 0xFE, 0x24, 0xFE, 0x24, 0xFE, 0x03, 0xFE, 0x03, 0xFE,
  0x6B, 0xF6, 0xD1, 0xF6, 0xF3, 0xF6, 0xF4, 0xF6, 0xF5, 0xEE, 0x16, 0xEF, 0x18, 0xEF, 0x18, 0xEF,
  0xB2, 0xEE, 0x03, 0xFE, 0xE0, 0xFD, 0xE0, 0xFD, 0xA0, 0xF5, 0x00, 0x00, 0xE0, 0xFF, 0x00, 0x00,
  0x00, 0x00, 0x00, 0x00, 0xE0, 0xFF, 0x00, 0x00, 0x25, 0xFE, 0x85, 0xFE, 0x24, 0xFE, 0x24, 0xFE,
  0x24, 0xFE, 0x03, 0xFE, 0x04, 0xFE, 0xAD, 0xF6, 0xF2, 0xF6, 0xD2, 0xF6, 0xD3, 0xF6, 0xF4, 0xEE,
  0xF5, 0xEE, 0xF6, 0xEE, 0xF7, 0xEE, 0x18, 0xEF, 0x3B, 0xE7, 0x19, 0xE7, 0x65, 0xFE, 0xC0, 0xFD,
  0x00, 0x00, 0xE0, 0xFB, 0x00, 0x00, 0x00, 0x00, 0x00, 0x00, 0x00, 0x00, 0x4A, 0xFD, 0x00, 0x00,
  0x25, 0xFE, 0x65, 0xFE, 0x24, 0xFE, 0x04, 0xFE, 0x03, 0xFE, 0x03, 0xFE, 0x8D, 0xF6, 0xD2, 0xF6,
  0xD2, 0xF6, 0xD3, 0xF6, 0xF4, 0xEE, 0xF5, 0xEE, 0xF6, 0xEE, 0x17, 0xEF, 0x18, 0xEF, 0x19, 0xEF,
  0x19, 0xEF, 0x3C, 0xE7, 0x59, 0xF7, 0x49, 0xF6, 0xFF, 0xFF, 0xEF, 0xFD, 0x00, 0x00, 0x00, 0x00,
  0x00, 0x00, 0x00, 0x00, 0x00, 0x00, 0xE0, 0xFF, 0x00, 0x00, 0x04, 0xFE, 0xA4, 0xFE, 0x03, 0xFE,
  0x02, 0xFE, 0x48, 0xFE, 0xD2, 0xF6, 0xD2, 0xF6, 0xD3, 0xF6, 0xF4, 0xF6, 0xF5, 0xEE, 0xF6, 0xEE,
  0xF7, 0xEE, 0x18, 0xEF, 0x19, 0xEF, 0x1A, 0xEF, 0x3B, 0xE7, 0x1B, 0xE7, 0xBF, 0xF7, 0x7E, 0xE7,
  0x00, 0x00, 0x5F, 0xAD, 0x00, 0x00, 0x00, 0x00, 0x00, 0x00, 0x00, 0x00, 0x00, 0x00, 0xE0, 0xFF,
  0xE0, 0xFF, 0x23, 0xFE, 0x23, 0xFE, 0x83, 0xFE, 0x02, 0xFE, 0xAE, 0xF6, 0xD2, 0xF6, 0xD2, 0xF6,
  0xF4, 0xF6, 0xF5, 0xEE, 0xF6, 0xEE, 0xF7, 0xEE, 0x17, 0xEF, 0x18, 0xEF, 0x19, 0xEF, 0x1A, 0xE7,
  0x3B, 0xE7, 0x3C, 0xE7, 0x7D, 0xEF, 0x5D, 0xEF, 0x5D, 0xEF, 0x00, 0x00, 0xEF, 0x7B, 0x00, 0x00,
  0x00, 0x00, 0x00, 0x00, 0x00, 0x00, 0x00, 0x00, 0xE0, 0xFF, 0x00, 0x00, 0xA3, 0xF5, 0x02, 0xFE,
  0x64, 0xFE, 0xD1, 0xF6, 0xD3, 0xF6, 0xF3, 0xF6, 0xF4, 0xEE, 0xF5, 0xEE, 0xF6, 0xEE, 0x17, 0xEF,
  0x18, 0xEF, 0x19, 0xEF, 0x1A, 0xE7, 0x3B, 0xE7, 0x3C, 0xE7, 0x5D, 0xEF, 0x5D, 0xE7, 0xBE, 0xF7,
  0x3D, 0xE7, 0x00, 0x00, 0xFF, 0xFF, 0x00, 0x00, 0x00, 0x00, 0x00, 0x00, 0x00, 0x00, 0x00, 0x00,
  0x00, 0x00, 0xE0, 0xFF, 0x00, 0x00, 0x00, 0xF8, 0x8C, 0xF6, 0x34, 0xFF, 0xD2, 0xF6, 0xF4, 0xEE,
  0xF5, 0xEE, 0xF6, 0xEE, 0xF7, 0xEE, 0x18, 0xEF, 0x19, 0xEF, 0x1A, 0xE7, 0x3B, 0xE7, 0x5C, 0xE7,
  0x5D, 0xEF, 0x5D, 0xEF, 0x5D, 0xE7, 0xDF, 0xF7, 0x5D, 0xE7, 0x00, 0x00, 0xFF, 0xFF, 0x00, 0x00,
  0x00, 0x00, 0x00, 0x00, 0x00, 0x00, 0x00, 0x00, 0x00, 0x00, 0x00, 0x00, 0xF7, 0xDE, 0x00, 0x00,
  0xDF, 0xE7, 0xDE, 0xFF, 0x3A, 0xEF, 0x17, 0xEF, 0x17, 0xEF, 0x17, 0xEF, 0x18, 0xEF, 0x19, 0xEF,
  0x3B, 0xEF, 0x5C, 0xEF, 0x5D, 0xEF, 0x5D, 0xEF, 0x5D, 0xE7, 0x5D, 0xE7, 0x5D, 0xE7, 0xDF, 0xF7,
  0x3D, 0xE7, 0x00, 0x00, 0xFF, 0xFF, 0x00, 0x00, 0x00, 0x00, 0x00, 0x00, 0x00, 0x00, 0x00, 0x00,
  0xFF, 0xFF, 0x00, 0x00, 0x00, 0x00, 0xBE, 0xEF, 0xBE, 0xF7, 0xBF, 0xF7, 0x9F, 0xEF, 0x9E, 0xEF,
  0x7D, 0xEF, 0x7D, 0xEF, 0x7D, 0xEF, 0x7D, 0xEF, 0x5D, 0xEF, 0x5D, 0xEF, 0x5D, 0xEF, 0x5D, 0xE7,
  0x5D, 0xE7, 0x5D, 0xE7, 0x3C, 0xE7, 0xBE, 0xF7, 0x3C, 0xE7, 0x00, 0x00, 0xF7, 0xBD, 0x00, 0x00,
  0x00, 0x00, 0x00, 0x00, 0x00, 0x00, 0xFF, 0xFF, 0xFF, 0xFF, 0xFF, 0xFF, 0xBF, 0xF7, 0xDF, 0xF7,
  0xFF, 0xFF, 0xBF, 0xF7, 0xBF, 0xF7, 0xBF, 0xF7, 0xBF, 0xF7, 0x9E, 0xEF, 0x7D, 0xEF, 0x5D, 0xEF,
  0x5D, 0xEF, 0x5D, 0xEF, 0x5D, 0xE7, 0x5D, 0xE7, 0x5D, 0xE7, 0x3C, 0xE7, 0x3C, 0xE7, 0x5D, 0xEF,
  0x5D, 0xE7, 0x00, 0x00, 0xFF, 0xFF, 0x00, 0x00, 0x00, 0x00, 0x00, 0x00, 0xFF, 0xFF, 0x5F, 0xAD,
  0x5F, 0xAD, 0xBF, 0xF7, 0xFF, 0xFF, 0xBF, 0xF7, 0x9F, 0xEF, 0xBF, 0xF7, 0xBF, 0xF7, 0xBF, 0xF7,
  0xBF, 0xF7, 0xBF, 0xF7, 0x9E, 0xEF, 0x5D, 0xEF, 0x5D, 0xEF, 0x5D, 0xE7, 0x5D, 0xE7, 0x5D, 0xE7,
  0x3C, 0xE7, 0x3C, 0xE7, 0x9E, 0xF7, 0x3C, 0xE7, 0x00, 0x00, 0xFF, 0xFF, 0x00, 0x00, 0x00, 0x00,
  0x00, 0x00, 0x00, 0x00, 0xFF, 0xFF, 0x00, 0x00, 0xBF, 0xF7, 0xFF, 0xFF, 0x9F, 0xEF, 0x9F, 0xEF,
  0xBF, 0xF7, 0xBF, 0xF7, 0xBF, 0xF7, 0xBF, 0xF7, 0xBF, 0xF7, 0xBF, 0xF7, 0xBF, 0xF7, 0x9E, 0xEF,
  0x5D, 0xE7, 0x5D, 0xE7, 0x3D, 0xE7, 0x3C, 0xE7, 0x3C, 0xE7, 0x5D, 0xE7, 0x7D, 0xEF, 0x3C, 0xE7,
  0x00, 0x00, 0x55, 0xAD, 0x00, 0x00, 0x00, 0x00, 0x00, 0x00, 0xFF, 0xFF, 0x00, 0x00, 0xFF, 0xF7,
  0xBF, 0xF7, 0xDF, 0xF7, 0x9F, 0xEF, 0xBF, 0xF7, 0xBF, 0xF7, 0xBF, 0xF7, 0xBF, 0xF7, 0xBF, 0xF7,
  0xBF, 0xF7, 0xBF, 0xF7, 0xBF, 0xF7, 0xBF, 0xF7, 0x5D, 0xEF, 0x3C, 0xE7, 0x3C, 0xE7, 0x3C, 0xE7,
  0x7D, 0xEF, 0x9E, 0xEF, 0xFB, 0xDE, 0x00, 0x00, 0x55, 0xAD, 0x00, 0x00, 0x00, 0x00, 0x00, 0x00,
  0x00, 0x00, 0xFF, 0xBD, 0x00, 0x00, 0xBF, 0xF7, 0xFF, 0xFF, 0x9F, 0xEF, 0xBF, 0xF7, 0xBF, 0xF7,
  0xBF, 0xF7, 0xBF, 0xF7, 0xBF, 0xF7, 0xBF, 0xF7, 0xBF, 0xF7, 0xBF, 0xF7, 0xBF, 0xF7, 0xBF, 0xF7,
  0x7D, 0xEF, 0x3C, 0xE7, 0x7D, 0xEF, 0x9E, 0xF7, 0x5D, 0xEF, 0x1C, 0xDF, 0x00, 0x00, 0xFF, 0xFF,
  0x00, 0x00, 0x00, 0x00, 0x00, 0x00, 0x00, 0x00, 0x00, 0x00, 0xFF, 0xFF, 0x00, 0x00, 0xBF, 0xF7,
  0xFF, 0xFF, 0x9F, 0xEF, 0xBF, 0xF7, 0xBF, 0xF7, 0xBF, 0xF7, 0xBF, 0xF7, 0xBF, 0xF7, 0xBF, 0xF7,
  0xBF, 0xF7, 0xBF, 0xF7, 0xBF, 0xF7, 0xBF, 0xF7, 0x7E, 0xEF, 0x3C, 0xE7, 0x3C, 0xE7, 0x5D, 0xEF,
  0xFB, 0xDE, 0x00, 0x00, 0xFF, 0xFF, 0x00, 0x00, 0x00, 0x00, 0x00, 0x00, 0x00, 0x00, 0x00, 0x00,
  0x00, 0x00, 0x00, 0x00, 0x00, 0x00, 0x01, 0x01, 0x00, 0x15, 0x6B, 0xBA, 0xE6, 0xFD, 0xFC, 0xE7,
  0xBB, 0x6A, 0x13, 0x00, 0x01, 0x01, 0x00, 0x00, 0x00, 0x00, 0x00, 0x00, 0x00, 0x00, 0x00, 0x00,
  0x00, 0x01, 0x00, 0x00, 0x70, 0xE3, 0xFF, 0xFF, 0xFF, 0xFF, 0xFF, 0xFF, 0xFF, 0xFF, 0xE1, 0x70,
  0x00, 0x00, 0x01, 0x00, 0x00, 0x00, 0x00, 0x00, 0x00, 0x00, 0x00, 0x00, 0x01, 0x00, 0x11, 0xB4,
  0xFF, 0xFF, 0xFD, 0xFD, 0xFE, 0xFF, 0xFF, 0xFE, 0xFD, 0xFD, 0xFF, 0xFF, 0xB5, 0x11, 0x00, 0x01,
  0x00, 0x00, 0x00, 0x00, 0x00, 0x00, 0x00, 0x01, 0x02, 0x0A, 0xC5, 0xFF, 0xFA, 0xFE, 0xFF, 0xFF,
  0xFF, 0xFF, 0xFF, 0xFF, 0xFF, 0xFF, 0xFE, 0xFA, 0xFF, 0xC4, 0x09, 0x02, 0x01, 0x00, 0x00, 0x00,
  0x00, 0x00, 0x00, 0x02, 0x00, 0x9B, 0xFF, 0xF9, 0xFF, 0xFF, 0xFF, 0xFF, 0xFF, 0xFF, 0xFF, 0xFF,
  0xFF, 0xFF, 0xFF, 0xFF, 0xF9, 0xFF, 0x9A, 0x00, 0x02, 0x00, 0x00, 0x00, 0x00, 0x00, 0x03, 0x00,
  0x3E, 0xFF, 0xFB, 0xFF, 0xFF, 0xFF, 0xFF, 0xFF, 0xFF, 0xFF, 0xFF, 0xFF, 0xFF, 0xFF, 0xFF, 0xFF,
  0xFF, 0xFB, 0xFF, 0x3F, 0x00, 0x03, 0x00, 0x00, 0x00, 0x00, 0x02, 0x00, 0xB2, 0xFE, 0xFC, 0xFF,
  0xFF, 0xFF, 0xFF, 0xFF, 0xFF, 0xFF, 0xFF, 0xFF, 0xFF, 0xFF, 0xFF, 0xFF, 0xFF, 0xFC, 0xFE, 0xB5,
  0x00, 0x02, 0x00, 0x00, 0x00, 0x01, 0x00, 0x1C, 0xF5, 0xFE, 0xFE, 0xFF, 0xFF, 0xFF, 0xFF, 0xFF,
  0xFF, 0xFF, 0xFF, 0xFF, 0xFF, 0xFF, 0xFF, 0xFF, 0xFF, 0xFE, 0xFF, 0xF5, 0x1C, 0x00, 0x02, 0x00,
  0x00, 0x03, 0x00, 0x52, 0xFF, 0xFC, 0xFF, 0xFF, 0xFF, 0xFF, 0xFF, 0xFF, 0xFF, 0xFF, 0xFF, 0xFF,
  0xFF, 0xFF, 0xFF, 0xFF, 0xFF, 0xFF, 0xFD, 0xFF, 0x51, 0x00, 0x03, 0x00, 0x00, 0x04, 0x00, 0x73,
  0xFF, 0xFB, 0xFF, 0xFF, 0xFF, 0xFF, 0xFF, 0xFF, 0xFF, 0xFF, 0xFF, 0xFF, 0xFF, 0xFF, 0xFF, 0xFF,
  0xFF, 0xFF, 0xFB, 0xFF, 0x74, 0x00, 0x04, 0x00, 0x00, 0x04, 0x00, 0x81, 0xFF, 0xFB, 0xFF, 0xFF,
  0xFF, 0xFF, 0xFF, 0xFF, 0xFF, 0xFF, 0xFF, 0xFF, 0xFF, 0xFF, 0xFF, 0xFF, 0xFF, 0xFF, 0xFB, 0xFF,
  0x81, 0x00, 0x04, 0x00, 0x00, 0x04, 0x00, 0x74, 0xFF, 0xFB, 0xFF, 0xFF, 0xFF, 0xFF, 0xFF, 0xFF,
  0xFF, 0xFF, 0xFF, 0xFF, 0xFF, 0xFF, 0xFF, 0xFF, 0xFF, 0xFF, 0xFB, 0xFF, 0x73, 0x00, 0x04, 0x00,
  0x00, 0x03, 0x00, 0x51, 0xFF, 0xFD, 0xFF, 0xFF, 0xFF, 0xFF, 0xFF, 0xFF, 0xFF, 0xFF, 0xFF, 0xFF,
  0xFF, 0xFF, 0xFF, 0xFF, 0xFF, 0xFF, 0xFC, 0xFF, 0x52, 0x00, 0x03, 0x00, 0x00, 0x02, 0x00, 0x1C,
  0xF5, 0xFF, 0xFE, 0xFF, 0xFF, 0xFF, 0xFF, 0xFF, 0xFF, 0xFF, 0xFF, 0xFF, 0xFF, 0xFF, 0xFF, 0xFF,
  0xFF, 0xFE, 0xFF, 0xF6, 0x1C, 0x00, 0x01, 0x00, 0x00, 0x00, 0x02, 0x00, 0xB5, 0xFE, 0xFC, 0xFF,
  0xFF, 0xFF, 0xFF, 0xFF, 0xFF, 0xFF, 0xFF, 0xFF, 0xFF, 0xFF, 0xFF, 0xFF, 0xFF, 0xFC, 0xFF, 0xAF,
  0x00, 0x02, 0x00, 0x00, 0x00, 0x00, 0x03, 0x00, 0x3F, 0xFF, 0xFB, 0xFF, 0xFF, 0xFF, 0xFF, 0xFF,
  0xFF, 0xFF, 0xFF, 0xFF, 0xFF, 0xFF, 0xFF, 0xFF, 0xFF, 0xFC, 0xFF, 0x49, 0x01, 0x04, 0x00, 0x00,
  0x00, 0x00, 0x00, 0x02, 0x00, 0x9A, 0xFF, 0xF9, 0xFF, 0xFF, 0xFF, 0xFF, 0xFF, 0xFF, 0xFF, 0xFF,
  0xFF, 0xFF, 0xFF, 0xFF, 0xFF, 0xFC, 0xFF, 0x99, 0x00, 0x03, 0x00, 0x00, 0x00, 0x00, 0x00, 0x01,
  0x02, 0x09, 0xC4, 0xFF, 0xFB, 0xFF, 0xFF, 0xFF, 0xFF, 0xFF, 0xFF, 0xFF, 0xFF, 0xFF, 0xFF, 0xFF,
  0xFF, 0xFE, 0xFF, 0xF6, 0x1A, 0x00, 0x02, 0x00, 0x00, 0x00, 0x00, 0x00, 0x01, 0x00, 0x11, 0xB5,
  0xFF, 0xFD, 0xFF, 0xFF, 0xFF, 0xFF, 0xFF, 0xFF, 0xFF, 0xFF, 0xFF, 0xFF, 0xFF, 0xFF, 0xFC, 0xFF,
  0x57, 0x00, 0x03, 0x00, 0x00, 0x00, 0x00, 0x00, 0x00, 0x01, 0x00, 0x01, 0x8A, 0xFF, 0xFD, 0xFF,
  0xFF, 0xFF, 0xFF, 0xFF, 0xFF, 0xFF, 0xFF, 0xFF, 0xFF, 0xFE, 0xFA, 0xFE, 0x7B, 0x00, 0x04, 0x00,
  0x00, 0x00, 0x00, 0x00, 0x00, 0x00, 0x08, 0x00, 0x27, 0xFF, 0xFD, 0xFF, 0xFF, 0xFF, 0xFF, 0xFF,
  0xFF, 0xFF, 0xFF, 0xFF, 0xFF, 0xFF, 0xFA, 0xFF, 0x7E, 0x00, 0x04, 0x00, 0x00, 0x00, 0x00, 0x00,
  0x01, 0x00, 0x00, 0x1B, 0x7D, 0xFE, 0xFE, 0xFF, 0xFF, 0xFF, 0xFF, 0xFF, 0xFF, 0xFF, 0xFF, 0xFF,
  0xFF, 0xFF, 0xFB, 0xFF, 0x64, 0x00, 0x04, 0x00, 0x00, 0x00, 0x00, 0x01, 0x01, 0x01, 0x7F, 0xEF,
  0xFF, 0xFE, 0xFF, 0xFF, 0xFF, 0xFF, 0xFF, 0xFF, 0xFF, 0xFF, 0xFF, 0xFF, 0xFF, 0xFE, 0xFE, 0xFB,
  0x28, 0x00, 0x02, 0x00, 0x00, 0x00, 0x01, 0x03, 0x03, 0xAA, 0xFF, 0xFF, 0xFC, 0xFF, 0xFF, 0xFF,
  0xFF, 0xFF, 0xFF, 0xFF, 0xFE, 0xFF, 0xFF, 0xFF, 0xFF, 0xFB, 0xFF, 0xB8, 0x00, 0x02, 0x00, 0x00,
  0x00, 0x00, 0x03, 0x00, 0x77, 0xFF, 0xF9, 0xFE, 0xFF, 0xFF, 0xFF, 0xFF, 0xFF, 0xFF, 0xFF, 0xFF,
  0xFF, 0xFF, 0xFF, 0xFF, 0xFC, 0xFD, 0xFB, 0x33, 0x00, 0x03, 0x00, 0x00, 0x00, 0x01, 0x00, 0x14,
  0xEF, 0xFD, 0xFD, 0xFF, 0xFF, 0xFF, 0xFF, 0xFF, 0xFF, 0xFF, 0xFF, 0xFF, 0xFF, 0xFF, 0xFD, 0xFC,
  0xFF, 0xFF, 0x61, 0x00, 0x03, 0x00, 0x00, 0x00, 0x00, 0x04, 0x00, 0x56, 0xFF, 0xFC, 0xFF, 0xFF,
  0xFF, 0xFF, 0xFF, 0xFF, 0xFF, 0xFF, 0xFF, 0xFF, 0xFF, 0xFF, 0xFF, 0xFF, 0xE0, 0x51, 0x00, 0x03,
  0x00, 0x00, 0x00, 0x00, 0x00, 0x04, 0x00, 0x7B, 0xFE, 0xFB, 0xFF, 0xFF, 0xFF, 0xFF, 0xFF, 0xFF,
  0xFF, 0xFF, 0xFF, 0xFF, 0xFF, 0xF5, 0xCE, 0x7D, 0x17, 0x00, 0x03, 0x00, 0x00, 0x00, 0x00, 0x00
};

const lv_image_dsc_t wi_partly_cloudy = {
  .header = { .magic = LV_IMAGE_HEADER_MAGIC, .cf = LV_COLOR_FORMAT_RGB565A8,
               .flags = 0, .w = 28, .h = 28, .stride = 56 },
  .data_size = sizeof(wi_partly_cloudy_map), .data = wi_partly_cloudy_map,
};

static const uint8_t wi_mostly_cloudy_map[] = {
  0x00, 0x00, 0x4A, 0xFD, 0x00, 0x00, 0x48, 0xF6, 0x88, 0xFE, 0x88, 0xFE, 0x67, 0xFE, 0x47, 0xFE,
  0x66, 0xFE, 0x66, 0xFE, 0x06, 0xFE, 0x00, 0x00, 0x40, 0xFD, 0x00, 0x00, 0x00, 0x00, 0x00, 0x00,
  0x00, 0x00, 0x00, 0x00, 0x00, 0x00, 0x00, 0x00, 0x00, 0x00, 0x00, 0x00, 0x00, 0x00, 0x00, 0x00,
  0x00, 0x00, 0x00, 0x00, 0x00, 0x00, 0x00, 0x00, 0x4A, 0xFD, 0x00, 0x00, 0x69, 0xFE, 0xA9, 0xFE,
  0xA8, 0xFE, 0x88, 0xFE, 0x47, 0xFE, 0x46, 0xFE, 0x66, 0xFE, 0x86, 0xFE, 0x45, 0xFE, 0x04, 0xFE,
  0x00, 0x00, 0x40, 0xFD, 0x00, 0x00, 0x00, 0x00, 0x00, 0x00, 0x00, 0x00, 0x00, 0x00, 0x00, 0x00,
  0x00, 0x00, 0x00, 0x00, 0x00, 0x00, 0x00, 0x00, 0x00, 0x00, 0x00, 0x00, 0x00, 0x00, 0x00, 0x00,
  0x00, 0x00, 0x69, 0xFE, 0xE9, 0xFE, 0x88, 0xFE, 0x47, 0xFE, 0x47, 0xFE, 0x46, 0xFE, 0x46, 0xFE,
  0x25, 0xFE, 0x25, 0xFE, 0x44, 0xFE, 0x84, 0xFE, 0x03, 0xFE, 0x00, 0x00, 0x40, 0xFD, 0x00, 0x00,
  0x00, 0x00, 0x00, 0x00, 0x00, 0x00, 0x00, 0x00, 0x00, 0x00, 0x00, 0x00, 0x00, 0x00, 0x00, 0x00,
  0x00, 0x00, 0x00, 0x00, 0x00, 0x00, 0x00, 0x00, 0x69, 0xFE, 0x68, 0xFE, 0x88, 0xFE, 0x47, 0xFE,
  0x47, 0xFE, 0x46, 0xFE, 0x26, 0xFE, 0x25, 0xFE, 0x25, 0xFE, 0x24, 0xFE, 0x04, 0xFE, 0x23, 0xFE,
  0x03, 0xFE, 0x03, 0xF6, 0x00, 0xF8, 0xE0, 0xFB, 0x00, 0x00, 0x00, 0x00, 0x00, 0x00, 0x00, 0x00,
  0x00, 0x00, 0x00, 0x00, 0x00, 0x00, 0x00, 0x00, 0x00, 0x00, 0x00, 0x00, 0x00, 0x00, 0x00, 0x00,
  0x68, 0xFE, 0xC8, 0xFE, 0x47, 0xFE, 0x47, 0xFE, 0x46, 0xFE, 0x46, 0xFE, 0x25, 0xFE, 0x25, 0xFE,
  0x24, 0xFE, 0x04, 0xFE, 0x03, 0xFE, 0x03, 0xFE, 0x62, 0xFE, 0xE2, 0xFD, 0x00, 0x00, 0xE0, 0xFD,
  0xFF, 0xFF, 0xFF, 0xFF, 0xFF, 0xFF, 0x00, 0x00, 0x00, 0x00, 0x00, 0x00, 0x00, 0x00, 0x00, 0x00,
  0x00, 0x00, 0x00, 0x00, 0x00, 0x00, 0x00, 0x00, 0x68, 0xFE, 0x67, 0xFE, 0x47, 0xFE, 0x46, 0xFE,
  0x26, 0xFE, 0x25, 0xFE, 0x25, 0xFE, 0x24, 0xFE, 0x04, 0xFE, 0x03, 0xFE, 0x03, 0xFE, 0x02, 0xFE,
  0x22, 0xFE, 0xE1, 0xFD, 0xF3, 0xFF, 0xEF, 0x7B, 0x00, 0x00, 0x00, 0x00, 0x00, 0x00, 0xFF, 0xFF,
  0xFF, 0xBD, 0x55, 0xAD, 0x00, 0x00, 0x00, 0x00, 0x00, 0x00, 0x00, 0x00, 0x00, 0x00, 0x00, 0x00,
  0x47, 0xFE, 0x47, 0xFE, 0x46, 0xFE, 0x26, 0xFE, 0x25, 0xFE, 0x25, 0xFE, 0x24, 0xFE, 0x03, 0xFE,
  0x03, 0xFE, 0x02, 0xFE, 0x02, 0xFE, 0xE2, 0xFD, 0x01, 0xFE, 0xC0, 0xFD, 0x00, 0x00, 0x00, 0x00,
  0x5A, 0xEF, 0x7D, 0xEF, 0xFF, 0xE7, 0x00, 0x00, 0x00, 0x00, 0x00, 0x00, 0xFF, 0xFF, 0xFF, 0xFF,
  0x00, 0x00, 0x00, 0x00, 0x00, 0x00, 0x00, 0x00, 0x47, 0xFE, 0x46, 0xFE, 0x25, 0xFE, 0x25, 0xFE,
  0x24, 0xFE, 0x24, 0xFE, 0x03, 0xFE, 0x03, 0xFE, 0x02, 0xFE, 0xE2, 0xFD, 0xE2, 0xFD, 0xE0, 0xFD,
  0xE0, 0xFD, 0x26, 0xF6, 0x5C, 0xEF, 0x7E, 0xEF, 0x7D, 0xEF, 0x7E, 0xEF, 0x7D, 0xEF, 0x7E, 0xEF,
  0x9E, 0xEF, 0x7E, 0xEF, 0x00, 0x00, 0x00, 0x00, 0xFF, 0xFF, 0x00, 0x00, 0x00, 0x00, 0x00, 0x00,
  0x46, 0xFE, 0x66, 0xFE, 0x25, 0xFE, 0x24, 0xFE, 0x24, 0xFE, 0x03, 0xFE, 0x03, 0xFE, 0x02, 0xFE,
  0x02, 0xFE, 0xE2, 0xFD, 0xC0, 0xFD, 0x03, 0xFE, 0x8F, 0xF6, 0x18, 0xEF, 0xFF, 0xFF, 0xDF, 0xF7,
  0x9E, 0xF7, 0x9E, 0xEF, 0x9E, 0xEF, 0xBE, 0xF7, 0xDF, 0xFF, 0x9E, 0xEF, 0x7E, 0xEF, 0x1D, 0xE7,
  0x00, 0x00, 0xFF, 0xFF, 0x00, 0x00, 0x00, 0x00, 0x45, 0xFE, 0x85, 0xFE, 0x24, 0xFE, 0x24, 0xFE,
  0x03, 0xFE, 0x03, 0xFE, 0x02, 0xFE, 0x02, 0xFE, 0xE1, 0xFD, 0xE0, 0xFD, 0x27, 0xF6, 0xF5, 0xEE,
  0x17, 0xEF, 0x3A, 0xEF, 0x7E, 0xEF, 0x7D, 0xEF, 0x7D, 0xEF, 0x5D, 0xEF, 0x5D, 0xEF, 0x5D, 0xEF,
  0x5D, 0xE7, 0x5D, 0xE7, 0xBF, 0xF7, 0x9E, 0xEF, 0x3D, 0xE7, 0x00, 0x00, 0xFF, 0xFF, 0x00, 0x00,
  0x25, 0xF6, 0x24, 0xFE, 0x44, 0xFE, 0x03, 0xFE, 0x03, 0xFE, 0x02, 0xFE, 0xE2, 0xFD, 0xE1, 0xFD,
  0xC0, 0xFD, 0x47, 0xF6, 0x16, 0xEF, 0xF6, 0xEE, 0x17, 0xEF, 0x7D, 0xEF, 0x7E, 0xEF, 0x7D, 0xEF,
  0x7D, 0xEF, 0x5D, 0xEF, 0x5D, 0xEF, 0x5D, 0xEF, 0x5D, 0xE7, 0x5D, 0xE7, 0x3D, 0xE7, 0x5D, 0xEF,
  0x9E, 0xF7, 0x3C, 0xE7, 0x00, 0x00, 0xFF, 0xFF, 0x00, 0x00, 0x03, 0xFE, 0x83, 0xFE, 0x23, 0xFE,
  0xE2, 0xFD, 0xE2, 0xFD, 0xE1, 0xFD, 0xC0, 0xFD, 0x04, 0xFE, 0xF5, 0xEE, 0xF7, 0xEE, 0xF7, 0xEE,
  0x5C, 0xEF, 0x7E, 0xEF, 0x7D, 0xEF, 0x5D, 0xEF, 0x5D, 0xEF, 0x5D, 0xEF, 0x5D, 0xEF, 0x5D, 0xE7,
  0x5D, 0xE7, 0x5D, 0xE7, 0x5D, 0xE7, 0x3D, 0xE7, 0x5D, 0xEF, 0x5D, 0xEF, 0x3C, 0xE7, 0xFF, 0xFF,
  0x40, 0xFD, 0x00, 0x00, 0xE2, 0xFD, 0x22, 0xFE, 0x62, 0xFE, 0x21, 0xFE, 0x01, 0xFE, 0xE0, 0xFD,
  0xB0, 0xF6, 0x18, 0xEF, 0x18, 0xEF, 0x5C, 0xEF, 0x7E, 0xEF, 0x7D, 0xEF, 0x7D, 0xEF, 0x5D, 0xEF,
  0x5D, 0xEF, 0x5D, 0xEF, 0x5D, 0xE7, 0x5D, 0xE7, 0x5D, 0xE7, 0x5D, 0xE7, 0x3D, 0xE7, 0x3D, 0xE7,
  0x3D, 0xE7, 0xBE, 0xF7, 0x1C, 0xE7, 0x00, 0x00, 0x00, 0x00, 0x40, 0xFD, 0x00, 0x00, 0xA1, 0xF5,
  0x01, 0xFE, 0x01, 0xFE, 0xC0, 0xFD, 0x25, 0xF6, 0x39, 0xEF, 0x3A, 0xEF, 0x7D, 0xEF, 0x7E, 0xEF,
  0x7D, 0xEF, 0x7D, 0xEF, 0x5D, 0xEF, 0x5D, 0xEF, 0x5D, 0xEF, 0x5D, 0xE7, 0x5D, 0xE7, 0x5D, 0xE7,
  0x5D, 0xE7, 0x3D, 0xE7, 0x3D, 0xE7, 0x3D, 0xE7, 0x3D, 0xE7, 0x3D, 0xE7, 0x5D, 0xE7, 0x3C, 0xE7,
  0x00, 0x00, 0x00, 0x00, 0x40, 0xFD, 0x00, 0x00, 0x00, 0x00, 0xFF, 0xFF, 0xC0, 0xFD, 0x5C, 0xEF,
  0xFF, 0xFF, 0x7E, 0xEF, 0x7D, 0xEF, 0x7D, 0xEF, 0x7D, 0xEF, 0x5D, 0xEF, 0x5D, 0xEF, 0x5D, 0xEF,
  0x5D, 0xE7, 0x5D, 0xE7, 0x5D, 0xE7, 0x3D, 0xE7, 0x3D, 0xE7, 0x3D, 0xE7, 0x3D, 0xE7, 0x3D, 0xE7,
  0x3D, 0xE7, 0x3C, 0xE7, 0x7E, 0xEF, 0x3C, 0xE7, 0x00, 0x00, 0x00, 0x00, 0x00, 0x00, 0xE0, 0xFB,
  0xE0, 0xFD, 0xFF, 0xFF, 0x00, 0x00, 0x7E, 0xEF, 0xDF, 0xF7, 0x7D, 0xEF, 0x7D, 0xEF, 0x7D, 0xEF,
  0x5D, 0xEF, 0x5D, 0xEF, 0x5D, 0xEF, 0x5D, 0xE7, 0x5D, 0xE7, 0x5D, 0xE7, 0x3D, 0xE7, 0x3D, 0xE7,
  0x3D, 0xE7, 0x3D, 0xE7, 0x3D, 0xE7, 0x3D, 0xE7, 0x3C, 0xE7, 0x1C, 0xE7, 0x5D, 0xE7, 0x1C, 0xE7,
  0x00, 0x00, 0x00, 0x00, 0x00, 0x00, 0x00, 0x00, 0xFF, 0xFF, 0x00, 0x00, 0xFC, 0xFF, 0x7D, 0xEF,
  0x9E, 0xF7, 0x7D, 0xEF, 0x5D, 0xEF, 0x5D, 0xEF, 0x5D, 0xEF, 0x5D, 0xEF, 0x5D, 0xE7, 0x5D, 0xE7,
  0x5D, 0xE7, 0x5D, 0xE7, 0x3D, 0xE7, 0x3D, 0xE7, 0x3D, 0xE7, 0x3D, 0xE7, 0x3D, 0xE7, 0x3C, 0xE7,
  0x3C, 0xE7, 0x1C, 0xE7, 0x3C, 0xE7, 0x1C, 0xE7, 0x00, 0x00, 0x00, 0x00, 0x00, 0x00, 0x00, 0x00,
  0xFF, 0xFF, 0xFF, 0xFF, 0x9E, 0xF7, 0x7D, 0xEF, 0x9E, 0xEF, 0x5D, 0xEF, 0x5D, 0xEF, 0x5D, 0xEF,
  0x5D, 0xEF, 0x5D, 0xEF, 0x5D, 0xE7, 0x5D, 0xE7, 0x3D, 0xE7, 0x3D, 0xE7, 0x3D, 0xE7, 0x3D, 0xE7,
  0x3D, 0xE7, 0x3D, 0xE7, 0x3C, 0xE7, 0x3C, 0xE7, 0x1C, 0xE7, 0x1C, 0xE7, 0x1C, 0xE7, 0x1C, 0xE7,
  0x00, 0x00, 0x00, 0x00, 0x00, 0x00, 0xFF, 0xFF, 0xFF, 0xFF, 0x00, 0x00, 0x00, 0x00, 0x5D, 0xEF,
  0x9E, 0xF7, 0x5D, 0xEF, 0x5D, 0xEF, 0x5D, 0xEF, 0x5D, 0xE7, 0x5D, 0xE7, 0x5D, 0xE7, 0x5D, 0xE7,
  0x3D, 0xE7, 0x3D, 0xE7, 0x3D, 0xE7, 0x3D, 0xE7, 0x3C, 0xE7, 0x3C, 0xE7, 0x1C, 0xE7, 0x1C, 0xE7,
  0x1C, 0xE7, 0x1C, 0xE7, 0x1C, 0xE7, 0x1C, 0xDF, 0x00, 0x00, 0x00, 0x00, 0xFF, 0xFF, 0x00, 0x00,
  0x00, 0x00, 0xDF, 0xFF, 0xDF, 0xF7, 0x9E, 0xEF, 0xBF, 0xF7, 0x9E, 0xEF, 0x9E, 0xEF, 0x7E, 0xEF,
  0x5D, 0xE7, 0x3D, 0xE7, 0x5D, 0xE7, 0x3D, 0xE7, 0x3D, 0xE7, 0x3D, 0xE7, 0x3D, 0xE7, 0x3C, 0xE7,
  0x3C, 0xE7, 0x1C, 0xE7, 0x1C, 0xE7, 0x1C, 0xE7, 0x1C, 0xE7, 0x1C, 0xDF, 0x3D, 0xE7, 0x1C, 0xDF,
  0x00, 0x00, 0xFF, 0xFF, 0x00, 0x00, 0x7E, 0xE7, 0xDF, 0xF7, 0xDF, 0xF7, 0xFF, 0xFF, 0xBF, 0xF7,
  0xBF, 0xF7, 0xBF, 0xF7, 0xBF, 0xF7, 0xBF, 0xF7, 0x9F, 0xEF, 0x7D, 0xEF, 0x3D, 0xE7, 0x3D, 0xE7,
  0x3D, 0xE7, 0x3D, 0xE7, 0x3D, 0xE7, 0x3C, 0xE7, 0x3C, 0xE7, 0x1C, 0xE7, 0x1C, 0xE7, 0x1C, 0xE7,
  0x1C, 0xDF, 0x1C, 0xDF, 0x7D, 0xEF, 0x1C, 0xDF, 0xFF, 0xFF, 0x00, 0x00, 0x9F, 0xEF, 0xDF, 0xF7,
  0xFF, 0xFF, 0xBF, 0xF7, 0x9F, 0xEF, 0x9F, 0xEF, 0xBF, 0xF7, 0xBF, 0xF7, 0xBF, 0xF7, 0xBF, 0xF7,
  0xBF, 0xF7, 0xBF, 0xF7, 0x7E, 0xEF, 0x3D, 0xE7, 0x3D, 0xE7, 0x3D, 0xE7, 0x3C, 0xE7, 0x3C, 0xE7,
  0x1C, 0xE7, 0x1C, 0xE7, 0x1C, 0xE7, 0x1C, 0xE7, 0x1C, 0xDF, 0x1C, 0xDF, 0x1C, 0xE7, 0x1C, 0xE7,
  0xFF, 0xFF, 0xBF, 0xF7, 0xBF, 0xF7, 0xFF, 0xFF, 0x9F, 0xEF, 0xBF, 0xF7, 0xBF, 0xF7, 0xBF, 0xF7,
  0xBF, 0xF7, 0xBF, 0xF7, 0xBF, 0xF7, 0xBF, 0xF7, 0xBF, 0xF7, 0xBF, 0xF7, 0xBF, 0xF7, 0x7E, 0xEF,
  0x3C, 0xE7, 0x3C, 0xE7, 0x3C, 0xE7, 0x3C, 0xE7, 0x1C, 0xE7, 0x1C, 0xE7, 0x1C, 0xDF, 0x1C, 0xDF,
  0xFC, 0xDE, 0x7E, 0xEF, 0xFC, 0xDE, 0x00, 0x00, 0xFF, 0xFF, 0x9F, 0xEF, 0xFF, 0xFF, 0x9E, 0xEF,
  0xBF, 0xF7, 0xBF, 0xF7, 0xBF, 0xF7, 0xBF, 0xF7, 0xBF, 0xF7, 0xBF, 0xF7, 0xBF, 0xF7, 0xBF, 0xF7,
  0xBF, 0xF7, 0xBF, 0xF7, 0xBF, 0xF7, 0xBF, 0xF7, 0x5D, 0xE7, 0x1C, 0xE7, 0x1C, 0xE7, 0x1C, 0xE7,
  0x1C, 0xE7, 0x1C, 0xDF, 0x1C, 0xDF, 0x1C, 0xDF, 0x3C, 0xE7, 0x3D, 0xE7, 0xFC, 0xDE, 0xFF, 0xFF,
  0xBF, 0xF7, 0xFF, 0xFF, 0x9F, 0xEF, 0xBF, 0xF7, 0xBF, 0xF7, 0xBF, 0xF7, 0xBF, 0xF7, 0xBF, 0xF7,
  0xBF, 0xF7, 0xBF, 0xF7, 0xBF, 0xF7, 0xBF, 0xF7, 0xBF, 0xF7, 0xBF, 0xF7, 0xBF, 0xF7, 0xBF, 0xF7,
  0x9E, 0xEF, 0x1C, 0xE7, 0x1C, 0xE7, 0x1C, 0xE7, 0x1C, 0xE7, 0x1C, 0xDF, 0x1C, 0xDF, 0x1C, 0xE7,
  0x5D, 0xEF, 0xFB, 0xDE, 0x00, 0x00, 0xFF, 0xFF, 0xBF, 0xF7, 0xFF, 0xFF, 0x9F, 0xEF, 0xBF, 0xF7,
  0xBF, 0xF7, 0xBF, 0xF7, 0xBF, 0xF7, 0xBF, 0xF7, 0xBF, 0xF7, 0xBF, 0xF7, 0xBF, 0xF7, 0xBF, 0xF7,
  0xBF, 0xF7, 0xBF, 0xF7, 0xBF, 0xF7, 0xBF, 0xF7, 0xBF, 0xF7, 0x3D, 0xE7, 0x1C, 0xDF, 0x1C, 0xDF,
  0x1C, 0xDF, 0x1C, 0xDF, 0x7E, 0xEF, 0x3D, 0xE7, 0xFB, 0xDE, 0x00, 0x00, 0xFF, 0xFF, 0x00, 0x00,
  0x9F, 0xF7, 0xDF, 0xF7, 0x9F, 0xEF, 0xBF, 0xF7, 0xBF, 0xF7, 0xBF, 0xF7, 0xBF, 0xF7, 0xBF, 0xF7,
  0xBF, 0xF7, 0xBF, 0xF7, 0xBF, 0xF7, 0xBF, 0xF7, 0xBF, 0xF7, 0xBF, 0xF7, 0xBF, 0xF7, 0xBF, 0xF7,
  0xBF, 0xF7, 0x5D, 0xE7, 0x1C, 0xE7, 0x3D, 0xE7, 0x5D, 0xEF, 0x3C, 0xE7, 0x3D, 0xE7, 0xFC, 0xDE,
  0x00, 0x00, 0xFF, 0xFF, 0x00, 0x00, 0x00, 0x00, 0x9F, 0xF7, 0xBF, 0xF7, 0xBF, 0xF7, 0xBF, 0xF7,
  0xBF, 0xF7, 0xBF, 0xF7, 0xBF, 0xF7, 0xBF, 0xF7, 0xBF, 0xF7, 0xBF, 0xF7, 0xBF, 0xF7, 0xBF, 0xF7,
  0xBF, 0xF7, 0xBF, 0xF7, 0xBF, 0xF7, 0xBF, 0xF7, 0xBF, 0xF7, 0x5D, 0xEF, 0xFC, 0xDE, 0x1C, 0xE7,
  0x1D, 0xE7, 0x1C, 0xDF, 0x00, 0x00, 0x00, 0x00, 0xFF, 0xFF, 0x00, 0x00, 0x00, 0x00, 0x00, 0x00,
  0x00, 0x03, 0x00, 0x21, 0x90, 0xD8, 0xFA, 0xFC, 0xD9, 0x92, 0x25, 0x00, 0x03, 0x00, 0x00, 0x00,
  0x00, 0x00, 0x00, 0x00, 0x00, 0x00, 0x00, 0x00, 0x00, 0x00, 0x00, 0x00, 0x03, 0x00, 0x5E, 0xE9,
  0xFF, 0xFF, 0xFF, 0xFF, 0xFF, 0xFF, 0xEC, 0x5E, 0x00, 0x03, 0x00, 0x00, 0x00, 0x00, 0x00, 0x00,
  0x00, 0x00, 0x00, 0x00, 0x00, 0x00, 0x00, 0x00, 0x00, 0x5B, 0xFF, 0xFF, 0xFC, 0xFE, 0xFF, 0xFF,
  0xFE, 0xFC, 0xFF, 0xFF, 0x5D, 0x00, 0x03, 0x00, 0x00, 0x00, 0x00, 0x00, 0x00, 0x00, 0x00, 0x00,
  0x00, 0x00, 0x00, 0x00, 0x23, 0xF1, 0xFD, 0xFD, 0xFF, 0xFF, 0xFF, 0xFF, 0xFF, 0xFF, 0xFC, 0xFD,
  0xF2, 0x1D, 0x01, 0x02, 0x00, 0x00, 0x00, 0x00, 0x00, 0x00, 0x00, 0x00, 0x00, 0x00, 0x00, 0x00,
  0x93, 0xFF, 0xFC, 0xFF, 0xFF, 0xFF, 0xFF, 0xFF, 0xFF, 0xFF, 0xFF, 0xFB, 0xFF, 0x87, 0x00, 0x04,
  0x01, 0x01, 0x01, 0x00, 0x00, 0x00, 0x00, 0x00, 0x00, 0x00, 0x00, 0x00, 0xDD, 0xFE, 0xFE, 0xFF,
  0xFF, 0xFF, 0xFF, 0xFF, 0xFF, 0xFF, 0xFF, 0xFC, 0xFE, 0xCF, 0x05, 0x02, 0x00, 0x00, 0x00, 0x01,
  0x04, 0x03, 0x00, 0x00, 0x00, 0x00, 0x00, 0x00, 0xFC, 0xFF, 0xFF, 0xFF, 0xFF, 0xFF, 0xFF, 0xFF,
  0xFF, 0xFF, 0xFF, 0xFE, 0xFF, 0xE9, 0x00, 0x00, 0x0D, 0x10, 0x0B, 0x00, 0x00, 0x00, 0x01, 0x02,
  0x00, 0x00, 0x00, 0x00, 0xFA, 0xFF, 0xFF, 0xFF, 0xFF, 0xFF, 0xFF, 0xFF, 0xFF, 0xFF, 0xFF, 0xFE,
  0xFF, 0xF3, 0x96, 0xC6, 0xE6, 0xEE, 0xE4, 0xC7, 0x8E, 0x3A, 0x00, 0x00, 0x03, 0x00, 0x00, 0x00,
  0xDC, 0xFE, 0xFE, 0xFF, 0xFF, 0xFF, 0xFF, 0xFF, 0xFF, 0xFF, 0xFF, 0xFF, 0xFF, 0xFF, 0xFF, 0xFF,
  0xFF, 0xFF, 0xFF, 0xFF, 0xFF, 0xFF, 0xB5, 0x2E, 0x00, 0x03, 0x00, 0x00, 0x90, 0xFF, 0xFC, 0xFF,
  0xFF, 0xFF, 0xFF, 0xFF, 0xFF, 0xFF, 0xFF, 0xFF, 0xFF, 0xFF, 0xFB, 0xFC, 0xFD, 0xFE, 0xFD, 0xFC,
  0xFB, 0xFD, 0xFF, 0xF3, 0x5A, 0x00, 0x03, 0x00, 0x1F, 0xEF, 0xFE, 0xFC, 0xFF, 0xFF, 0xFF, 0xFF,
  0xFF, 0xFF, 0xFF, 0xFF, 0xFF, 0xFF, 0xFF, 0xFF, 0xFF, 0xFF, 0xFF, 0xFF, 0xFF, 0xFF, 0xFB, 0xFF,
  0xFF, 0x58, 0x00, 0x03, 0x00, 0x5B, 0xFF, 0xFF, 0xFA, 0xFD, 0xFE, 0xFE, 0xFF, 0xFF, 0xFF, 0xFF,
  0xFF, 0xFF, 0xFF, 0xFF, 0xFF, 0xFF, 0xFF, 0xFF, 0xFF, 0xFF, 0xFF, 0xFC, 0xFD, 0xF6, 0x29, 0x01,
  0x03, 0x00, 0x60, 0xF0, 0xFF, 0xFF, 0xFF, 0xFF, 0xFF, 0xFF, 0xFF, 0xFF, 0xFF, 0xFF, 0xFF, 0xFF,
  0xFF, 0xFF, 0xFF, 0xFF, 0xFF, 0xFF, 0xFF, 0xFF, 0xFB, 0xFF, 0xB7, 0x00, 0x00, 0x03, 0x00, 0x23,
  0x89, 0xCC, 0xEC, 0xF2, 0xFF, 0xFF, 0xFF, 0xFF, 0xFF, 0xFF, 0xFF, 0xFF, 0xFF, 0xFF, 0xFF, 0xFF,
  0xFF, 0xFF, 0xFF, 0xFF, 0xFE, 0xFD, 0xFE, 0x3D, 0x00, 0x00, 0x03, 0x00, 0x00, 0x02, 0x0F, 0x96,
  0xFF, 0xFB, 0xFF, 0xFF, 0xFF, 0xFF, 0xFE, 0xFF, 0xFF, 0xFF, 0xFF, 0xFF, 0xFF, 0xFF, 0xFF, 0xFF,
  0xFF, 0xFC, 0xFF, 0x99, 0x00, 0x00, 0x00, 0x02, 0x04, 0x01, 0x00, 0xC8, 0xFF, 0xFC, 0xFF, 0xFF,
  0xFF, 0xFF, 0xFF, 0xFE, 0xFF, 0xFF, 0xFF, 0xFF, 0xFF, 0xFF, 0xFF, 0xFF, 0xFF, 0xFD, 0xFF, 0xD6,
  0x00, 0x00, 0x00, 0x00, 0x01, 0x00, 0x0B, 0xE5, 0xFF, 0xFD, 0xFF, 0xFF, 0xFF, 0xFF, 0xFF, 0xFF,
  0xFF, 0xFF, 0xFF, 0xFF, 0xFF, 0xFF, 0xFF, 0xFF, 0xFF, 0xFE, 0xFF, 0xF4, 0x00, 0x00, 0x00, 0x00,
  0x01, 0x02, 0x14, 0xF0, 0xFF, 0xFE, 0xFF, 0xFF, 0xFF, 0xFF, 0xFF, 0xFE, 0xFF, 0xFF, 0xFF, 0xFF,
  0xFE, 0xFF, 0xFF, 0xFF, 0xFF, 0xFF, 0xFF, 0xFF, 0x00, 0x00, 0x00, 0x01, 0x04, 0x00, 0x00, 0xE1,
  0xFF, 0xFD, 0xFF, 0xFF, 0xFF, 0xFF, 0xFF, 0xFE, 0xFF, 0xFF, 0xFF, 0xFF, 0xFF, 0xFF, 0xFE, 0xFF,
  0xFF, 0xFE, 0xFF, 0xF4, 0x00, 0x00, 0x02, 0x00, 0x00, 0x28, 0x75, 0xEC, 0xFE, 0xFE, 0xFF, 0xFF,
  0xFF, 0xFF, 0xFF, 0xFE, 0xFE, 0xFF, 0xFF, 0xFF, 0xFF, 0xFE, 0xFF, 0xFF, 0xFF, 0xFD, 0xFF, 0xD8,
  0x00, 0x03, 0x00, 0x1B, 0xA0, 0xF9, 0xFF, 0xFF, 0xFF, 0xFF, 0xFF, 0xFF, 0xFF, 0xFF, 0xFF, 0xFF,
  0xFE, 0xFF, 0xFF, 0xFF, 0xFF, 0xFF, 0xFF, 0xFF, 0xFF, 0xFC, 0xFF, 0x99, 0x02, 0x00, 0x37, 0xE2,
  0xFF, 0xFF, 0xFB, 0xFF, 0xFF, 0xFF, 0xFF, 0xFF, 0xFF, 0xFF, 0xFF, 0xFF, 0xFF, 0xFF, 0xFF, 0xFF,
  0xFF, 0xFF, 0xFF, 0xFF, 0xFE, 0xFD, 0xFD, 0x3A, 0x01, 0x1F, 0xEC, 0xFF, 0xFA, 0xFE, 0xFF, 0xFF,
  0xFF, 0xFF, 0xFF, 0xFF, 0xFF, 0xFF, 0xFF, 0xFF, 0xFF, 0xFF, 0xFF, 0xFF, 0xFF, 0xFF, 0xFF, 0xFF,
  0xFB, 0xFF, 0xB5, 0x00, 0x02, 0xB8, 0xFF, 0xFB, 0xFF, 0xFF, 0xFF, 0xFF, 0xFF, 0xFF, 0xFF, 0xFF,
  0xFF, 0xFF, 0xFF, 0xFF, 0xFF, 0xFF, 0xFF, 0xFF, 0xFF, 0xFF, 0xFF, 0xFC, 0xFD, 0xF6, 0x29, 0x01,
  0x4B, 0xFF, 0xFD, 0xFF, 0xFF, 0xFF, 0xFF, 0xFF, 0xFF, 0xFF, 0xFF, 0xFF, 0xFF, 0xFF, 0xFF, 0xFF,
  0xFF, 0xFF, 0xFF, 0xFF, 0xFF, 0xFF, 0xFB, 0xFF, 0xFF, 0x59, 0x00, 0x03, 0xAC, 0xFE, 0xFC, 0xFF,
  0xFF, 0xFF, 0xFF, 0xFF, 0xFF, 0xFF, 0xFF, 0xFF, 0xFF, 0xFF, 0xFF, 0xFF, 0xFF, 0xFF, 0xFF, 0xFE,
  0xFC, 0xFE, 0xFF, 0xF4, 0x59, 0x00, 0x03, 0x00, 0xE4, 0xFF, 0xFE, 0xFF, 0xFF, 0xFF, 0xFF, 0xFF,
  0xFF, 0xFF, 0xFF, 0xFF, 0xFF, 0xFF, 0xFF, 0xFF, 0xFF, 0xFF, 0xFF, 0xFF, 0xFF, 0xFD, 0xB3, 0x2C,
  0x00, 0x03, 0x00, 0x00, 0xFB, 0xFF, 0xFF, 0xFF, 0xFF, 0xFF, 0xFF, 0xFF, 0xFF, 0xFF, 0xFF, 0xFF,
  0xFF, 0xFF, 0xFF, 0xFF, 0xFF, 0xFF, 0xF5, 0xD4, 0x97, 0x41, 0x00, 0x00, 0x03, 0x00, 0x00, 0x00
};

const lv_image_dsc_t wi_mostly_cloudy = {
  .header = { .magic = LV_IMAGE_HEADER_MAGIC, .cf = LV_COLOR_FORMAT_RGB565A8,
               .flags = 0, .w = 28, .h = 28, .stride = 56 },
  .data_size = sizeof(wi_mostly_cloudy_map), .data = wi_mostly_cloudy_map,
};

static const uint8_t wi_cloudy_map[] = {
  0x00, 0x00, 0x00, 0x00, 0x00, 0x00, 0x00, 0x00, 0x00, 0x00, 0x00, 0x00, 0x00, 0x00, 0x00, 0x00,
  0x00, 0x00, 0x00, 0x00, 0x00, 0x00, 0x00, 0x00, 0x00, 0x00, 0x00, 0x00, 0x00, 0x00, 0x00, 0x00,
  0x00, 0x00, 0x00, 0x00, 0x00, 0x00, 0x00, 0x00, 0x00, 0x00, 0x00, 0x00, 0x00, 0x00, 0x00, 0x00,
  0x00, 0x00, 0x00, 0x00, 0x00, 0x00, 0x00, 0x00, 0x00, 0x00, 0x00, 0x00, 0x00, 0x00, 0x00, 0x00,
  0x00, 0x00, 0x00, 0x00, 0x00, 0x00, 0x00, 0x00, 0x00, 0x00, 0x00, 0x00, 0x00, 0x00, 0x00, 0x00,
  0x00, 0x00, 0x00, 0x00, 0xFF, 0xFF, 0xFF, 0xFF, 0xFF, 0xFF, 0xFF, 0xFF, 0xFF, 0xFF, 0xFF, 0xFF,
  0xFF, 0xFF, 0x00, 0x00, 0x00, 0x00, 0x00, 0x00, 0x00, 0x00, 0x00, 0x00, 0x00, 0x00, 0x00, 0x00,
  0x00, 0x00, 0x00, 0x00, 0x00, 0x00, 0x00, 0x00, 0x00, 0x00, 0x00, 0x00, 0x00, 0x00, 0x00, 0x00,
  0x00, 0x00, 0x00, 0x00, 0x00, 0x00, 0x00, 0x00, 0xFF, 0xAF, 0xFF, 0xFF, 0x00, 0x00, 0x00, 0x00,
  0x00, 0x00, 0x00, 0x00, 0x00, 0x00, 0x00, 0x00, 0x00, 0x00, 0xFF, 0xFF, 0x55, 0xAD, 0x00, 0x00,
  0x00, 0x00, 0x00, 0x00, 0x00, 0x00, 0x00, 0x00, 0x00, 0x00, 0x00, 0x00, 0x00, 0x00, 0x00, 0x00,
  0x00, 0x00, 0x00, 0x00, 0x00, 0x00, 0x00, 0x00, 0x00, 0x00, 0x00, 0x00, 0xFF, 0xFF, 0xFF, 0xFF,
  0x00, 0x00, 0x00, 0x00, 0xBE, 0xF7, 0x9E, 0xF7, 0x7D, 0xEF, 0x7D, 0xEF, 0x7D, 0xEF, 0x9E, 0xF7,
  0x7D, 0xEF, 0x00, 0x00, 0x00, 0x00, 0xFF, 0xFF, 0xFF, 0xFF, 0x00, 0x00, 0x00, 0x00, 0x00, 0x00,
  0x00, 0x00, 0x00, 0x00, 0x00, 0x00, 0x00, 0x00, 0x00, 0x00, 0x00, 0x00, 0x00, 0x00, 0x00, 0x00,
  0x00, 0x00, 0xFF, 0xFF, 0x00, 0x00, 0x00, 0x00, 0x7D, 0xEF, 0xBE, 0xF7, 0x9E, 0xF7, 0xDF, 0xFF,
  0xFF, 0xFF, 0xFF, 0xFF, 0xFF, 0xFF, 0xDF, 0xF7, 0x7E, 0xEF, 0x9E, 0xEF, 0x5D, 0xE7, 0x00, 0x00,
  0x00, 0x00, 0xFF, 0xFF, 0x00, 0x00, 0x00, 0x00, 0x00, 0x00, 0x00, 0x00, 0x00, 0x00, 0x00, 0x00,
  0x00, 0x00, 0x00, 0x00, 0x00, 0x00, 0x00, 0x00, 0xEF, 0x7B, 0x00, 0x00, 0x1C, 0xE7, 0xBE, 0xF7,
  0xDF, 0xF7, 0xFF, 0xFF, 0x9E, 0xEF, 0x7D, 0xEF, 0x7D, 0xEF, 0x7D, 0xEF, 0x5D, 0xEF, 0x5D, 0xEF,
  0x7D, 0xEF, 0xDF, 0xF7, 0x9E, 0xF7, 0x7E, 0xEF, 0x1C, 0xE7, 0x00, 0x00, 0xFF, 0xFF, 0x00, 0x00,
  0x00, 0x00, 0x00, 0x00, 0x00, 0x00, 0x00, 0x00, 0x00, 0x00, 0x00, 0x00, 0x00, 0x00, 0xFF, 0xFF,
  0xFF, 0xFF, 0x7D, 0xEF, 0x9E, 0xF7, 0xFF, 0xFF, 0x7E, 0xEF, 0x7D, 0xEF, 0x7D, 0xEF, 0x7D, 0xEF,
  0x7D, 0xEF, 0x7D, 0xEF, 0x5D, 0xEF, 0x5D, 0xEF, 0x5D, 0xE7, 0x5D, 0xE7, 0x5D, 0xE7, 0xDF, 0xFF,
  0x5D, 0xEF, 0x7D, 0xDF, 0xFF, 0xFF, 0xFF, 0xFF, 0x00, 0x00, 0x00, 0x00, 0x00, 0x00, 0x00, 0x00,
  0x00, 0x00, 0x00, 0x00, 0xFF, 0xFF, 0xFF, 0xFF, 0xFF, 0xFF, 0x7E, 0xEF, 0xFF, 0xFF, 0x7E, 0xEF,
  0x7E, 0xEF, 0x7E, 0xEF, 0x7D, 0xEF, 0x7D, 0xEF, 0x7D, 0xEF, 0x7D, 0xEF, 0x5D, 0xEF, 0x5D, 0xEF,
  0x5D, 0xEF, 0x5D, 0xEF, 0x5D, 0xE7, 0x3D, 0xE7, 0xDF, 0xFF, 0x3C, 0xE7, 0xFF, 0xFF, 0xFF, 0xFF,
  0x00, 0x00, 0x00, 0x00, 0x00, 0x00, 0x00, 0x00, 0x00, 0x00, 0x00, 0x00, 0xFF, 0xFF, 0x00, 0x00,
  0x9E, 0xEF, 0xFF, 0xFF, 0x7D, 0xEF, 0x7E, 0xEF, 0x7E, 0xEF, 0x7D, 0xEF, 0x7D, 0xEF, 0x7D, 0xEF,
  0x7D, 0xEF, 0x5D, 0xEF, 0x5D, 0xEF, 0x5D, 0xEF, 0x5D, 0xE7, 0x5D, 0xE7, 0x5D, 0xE7, 0x3D, 0xE7,
  0x3D, 0xE7, 0xDF, 0xFF, 0x3C, 0xE7, 0x00, 0x00, 0x00, 0x00, 0x00, 0x00, 0x00, 0x00, 0x00, 0x00,
  0x00, 0x00, 0xFF, 0xFF, 0x00, 0x00, 0x9E, 0xF7, 0x9E, 0xEF, 0xBE, 0xF7, 0x7D, 0xEF, 0x7D, 0xEF,
  0x7D, 0xEF, 0x7D, 0xEF, 0x7D, 0xEF, 0x5D, 0xEF, 0x5D, 0xEF, 0x5D, 0xEF, 0x5D, 0xEF, 0x5D, 0xE7,
  0x5D, 0xE7, 0x5D, 0xE7, 0x5D, 0xE7, 0x3D, 0xE7, 0x3D, 0xE7, 0x7D, 0xEF, 0x3D, 0xE7, 0x3C, 0xE7,
  0x00, 0x00, 0x00, 0x00, 0x00, 0x00, 0x00, 0x00, 0x00, 0x00, 0xFF, 0xFF, 0x00, 0x00, 0x7D, 0xEF,
  0xFF, 0xFF, 0x7D, 0xEF, 0x7E, 0xEF, 0x7D, 0xEF, 0x7D, 0xEF, 0x7D, 0xEF, 0x7D, 0xEF, 0x5D, 0xEF,
  0x5D, 0xEF, 0x5D, 0xEF, 0x5D, 0xE7, 0x5D, 0xE7, 0x5D, 0xE7, 0x3D, 0xE7, 0x3D, 0xE7, 0x3D, 0xE7,
  0x3D, 0xE7, 0x1C, 0xE7, 0x9E, 0xEF, 0x1C, 0xE7, 0x00, 0x00, 0x00, 0x00, 0x00, 0x00, 0x00, 0x00,
  0x00, 0x00, 0xFF, 0xFF, 0x00, 0x00, 0x7E, 0xEF, 0xFF, 0xFF, 0x7D, 0xEF, 0x7D, 0xEF, 0x7D, 0xEF,
  0x7D, 0xEF, 0x7D, 0xEF, 0x5D, 0xEF, 0x5D, 0xEF, 0x5D, 0xEF, 0x5D, 0xE7, 0x5D, 0xE7, 0x5D, 0xE7,
  0x3D, 0xE7, 0x3D, 0xE7, 0x3D, 0xE7, 0x3D, 0xE7, 0x3D, 0xE7, 0x3C, 0xE7, 0x7E, 0xEF, 0x3C, 0xE7,
  0x00, 0x00, 0x00, 0x00, 0x00, 0x00, 0x00, 0x00, 0xFF, 0xFF, 0x00, 0x00, 0xFF, 0xFF, 0x7D, 0xEF,
  0xBE, 0xF7, 0x7D, 0xEF, 0x7D, 0xEF, 0x7D, 0xEF, 0x7D, 0xEF, 0x5D, 0xEF, 0x5D, 0xEF, 0x5D, 0xEF,
  0x5D, 0xE7, 0x5D, 0xE7, 0x5D, 0xE7, 0x5D, 0xE7, 0x3D, 0xE7, 0x3D, 0xE7, 0x3D, 0xE7, 0x3D, 0xE7,
  0x3D, 0xE7, 0x1C, 0xE7, 0x3D, 0xE7, 0x1C, 0xE7, 0x00, 0x00, 0x00, 0x00, 0x00, 0x00, 0x00, 0x00,
  0xFF, 0xFF, 0x00, 0x00, 0x7D, 0xEF, 0x7D, 0xEF, 0x9E, 0xF7, 0x7D, 0xEF, 0x7D, 0xEF, 0x7D, 0xEF,
  0x5D, 0xEF, 0x5D, 0xEF, 0x5D, 0xEF, 0x5D, 0xE7, 0x5D, 0xE7, 0x5D, 0xE7, 0x5D, 0xE7, 0x3D, 0xE7,
  0x3D, 0xE7, 0x3D, 0xE7, 0x3D, 0xE7, 0x3D, 0xE7, 0x3C, 0xE7, 0x3C, 0xE7, 0x1C, 0xE7, 0x1C, 0xE7,
  0x00, 0x00, 0x00, 0x00, 0x00, 0x00, 0x00, 0x00, 0xFF, 0xFF, 0xFF, 0xFF, 0x5D, 0xEF, 0x7D, 0xEF,
  0x9E, 0xEF, 0x5D, 0xEF, 0x7D, 0xEF, 0x5D, 0xEF, 0x5D, 0xEF, 0x5D, 0xEF, 0x5D, 0xE7, 0x5D, 0xE7,
  0x5D, 0xE7, 0x5D, 0xE7, 0x3D, 0xE7, 0x3D, 0xE7, 0x3D, 0xE7, 0x3D, 0xE7, 0x3D, 0xE7, 0x3C, 0xE7,
  0x3C, 0xE7, 0x1C, 0xE7, 0x1C, 0xE7, 0x1C, 0xDF, 0x00, 0x00, 0x00, 0x00, 0x00, 0x00, 0xFF, 0xFF,
  0x00, 0x00, 0x00, 0x00, 0x9E, 0xF7, 0x7E, 0xEF, 0xBE, 0xF7, 0x7E, 0xEF, 0x7D, 0xEF, 0x5D, 0xEF,
  0x5D, 0xE7, 0x5D, 0xE7, 0x5D, 0xE7, 0x5D, 0xE7, 0x3D, 0xE7, 0x3D, 0xE7, 0x3D, 0xE7, 0x3D, 0xE7,
  0x3D, 0xE7, 0x3D, 0xE7, 0x3C, 0xE7, 0x3C, 0xE7, 0x1C, 0xE7, 0x1C, 0xE7, 0x3D, 0xE7, 0x1C, 0xDF,
  0x00, 0x00, 0x00, 0x00, 0xFF, 0xFF, 0x00, 0x00, 0x7E, 0xEF, 0xDF, 0xF7, 0xBF, 0xF7, 0xBF, 0xF7,
  0xBF, 0xF7, 0xBF, 0xF7, 0xBF, 0xF7, 0x9E, 0xEF, 0x7E, 0xEF, 0x5D, 0xE7, 0x3D, 0xE7, 0x5D, 0xE7,
  0x3D, 0xE7, 0x3D, 0xE7, 0x3D, 0xE7, 0x3D, 0xE7, 0x3D, 0xE7, 0x3C, 0xE7, 0x3C, 0xE7, 0x1C, 0xE7,
  0x1C, 0xE7, 0x1C, 0xDF, 0x5D, 0xEF, 0x1C, 0xDF, 0xFF, 0xFF, 0xFF, 0xFF, 0x00, 0x00, 0xBF, 0xF7,
  0xDF, 0xF7, 0xFF, 0xFF, 0xDF, 0xF7, 0xBF, 0xF7, 0xBF, 0xF7, 0xBF, 0xF7, 0xBF, 0xF7, 0xBF, 0xF7,
  0xBF, 0xF7, 0x9E, 0xEF, 0x5D, 0xE7, 0x3D, 0xE7, 0x3D, 0xE7, 0x3D, 0xE7, 0x3D, 0xE7, 0x3D, 0xE7,
  0x3C, 0xE7, 0x3C, 0xE7, 0x1C, 0xE7, 0x1C, 0xE7, 0x1C, 0xE7, 0x1C, 0xDF, 0x7D, 0xEF, 0x1C, 0xE7,
  0xFF, 0xFF, 0x00, 0x00, 0x9F, 0xEF, 0xFF, 0xFF, 0xBF, 0xF7, 0x9F, 0xEF, 0x9F, 0xEF, 0xBF, 0xF7,
  0xBF, 0xF7, 0xBF, 0xF7, 0xBF, 0xF7, 0xBF, 0xF7, 0xBF, 0xF7, 0xBF, 0xF7, 0xBF, 0xF7, 0x5D, 0xE7,
  0x3D, 0xE7, 0x3D, 0xE7, 0x3D, 0xE7, 0x3C, 0xE7, 0x3C, 0xE7, 0x1C, 0xE7, 0x1C, 0xE7, 0x1C, 0xE7,
  0x1C, 0xDF, 0x3D, 0xE7, 0x1C, 0xDF, 0x3C, 0xE7, 0x00, 0x00, 0x9E, 0xF7, 0xFF, 0xFF, 0xBF, 0xEF,
  0x9F, 0xEF, 0xBF, 0xF7, 0xBF, 0xF7, 0xBF, 0xF7, 0xBF, 0xF7, 0xBF, 0xF7, 0xBF, 0xF7, 0xBF, 0xF7,
  0xBF, 0xF7, 0xBF, 0xF7, 0xBF, 0xF7, 0x9E, 0xEF, 0x3D, 0xE7, 0x3C, 0xE7, 0x3C, 0xE7, 0x3C, 0xE7,
  0x1C, 0xE7, 0x1C, 0xE7, 0x1C, 0xE7, 0x1C, 0xE7, 0x1C, 0xDF, 0x9E, 0xF7, 0x1C, 0xDF, 0x00, 0x00,
  0xBF, 0xF7, 0xBF, 0xF7, 0xDF, 0xF7, 0x9F, 0xEF, 0xBF, 0xF7, 0xBF, 0xF7, 0xBF, 0xF7, 0xBF, 0xF7,
  0xBF, 0xF7, 0xBF, 0xF7, 0xBF, 0xF7, 0xBF, 0xF7, 0xBF, 0xF7, 0xBF, 0xF7, 0xBF, 0xF7, 0xBF, 0xF7,
  0x7E, 0xEF, 0x1C, 0xE7, 0x3C, 0xE7, 0x1C, 0xE7, 0x1C, 0xE7, 0x1C, 0xE7, 0x1C, 0xDF, 0x1C, 0xDF,
  0x9E, 0xF7, 0x1C, 0xDF, 0xFF, 0xFF, 0xFF, 0xFF, 0x9F, 0xF7, 0xFF, 0xFF, 0x9F, 0xEF, 0xBF, 0xF7,
  0xBF, 0xF7, 0xBF, 0xF7, 0xBF, 0xF7, 0xBF, 0xF7, 0xBF, 0xF7, 0xBF, 0xF7, 0xBF, 0xF7, 0xBF, 0xF7,
  0xBF, 0xF7, 0xBF, 0xF7, 0xBF, 0xF7, 0xBF, 0xF7, 0x9E, 0xEF, 0x3D, 0xE7, 0x1C, 0xE7, 0x1C, 0xE7,
  0x1C, 0xDF, 0x1C, 0xDF, 0x1C, 0xDF, 0x9E, 0xF7, 0x1C, 0xE7, 0xFD, 0xDE, 0xFF, 0xFF, 0xFF, 0x7F,
  0x9F, 0xEF, 0xFF, 0xFF, 0xBF, 0xF7, 0x9F, 0xEF, 0x9F, 0xEF, 0x9F, 0xEF, 0x9F, 0xEF, 0x9F, 0xEF,
  0x9F, 0xEF, 0x9F, 0xEF, 0x9F, 0xEF, 0x9F, 0xEF, 0x9F, 0xEF, 0x9F, 0xEF, 0x9F, 0xEF, 0x9F, 0xEF,
  0xBF, 0xF7, 0x3D, 0xE7, 0x1C, 0xE7, 0x1C, 0xDF, 0x1C, 0xE7, 0x7E, 0xEF, 0x5D, 0xE7, 0x3C, 0xE7,
  0x38, 0xC6, 0x00, 0x00, 0xEF, 0x7B, 0x00, 0x00, 0xDF, 0xF7, 0xFF, 0xFF, 0xFF, 0xFF, 0xFF, 0xFF,
  0xFF, 0xFF, 0xFF, 0xFF, 0xFF, 0xFF, 0xFF, 0xFF, 0xFF, 0xFF, 0xFF, 0xFF, 0xFF, 0xFF, 0xFF, 0xFF,
  0xFF, 0xFF, 0xFF, 0xFF, 0xFF, 0xFF, 0xFF, 0xFF, 0xFF, 0xFF, 0xFF, 0xFF, 0x9E, 0xEF, 0x7E, 0xEF,
  0x1C, 0xE7, 0x3D, 0xE7, 0x1C, 0xDF, 0x00, 0x00, 0x00, 0x00, 0xFF, 0xFF, 0x00, 0x00, 0x00, 0x00,
  0x9F, 0xEF, 0x9E, 0xEF, 0x9F, 0xEF, 0x9F, 0xEF, 0x9F, 0xEF, 0x9F, 0xEF, 0x9F, 0xEF, 0x9F, 0xEF,
  0x9F, 0xEF, 0x9F, 0xEF, 0x9F, 0xEF, 0x9F, 0xEF, 0x9F, 0xEF, 0x9F, 0xEF, 0x9F, 0xEF, 0x9F, 0xEF,
  0xBF, 0xF7, 0x5D, 0xE7, 0x1C, 0xDF, 0x3D, 0xE7, 0x3D, 0xE7, 0x00, 0x00, 0x00, 0x00, 0xFF, 0xFF,
  0xFF, 0xFF, 0x00, 0x00, 0x00, 0x00, 0x00, 0x00, 0x00, 0x00, 0x00, 0x00, 0x00, 0x00, 0x00, 0x00,
  0x00, 0x00, 0x00, 0x00, 0x00, 0x00, 0x00, 0x00, 0x00, 0x00, 0x00, 0x00, 0x00, 0x00, 0x00, 0x00,
  0x00, 0x00, 0x00, 0x00, 0x00, 0x00, 0x00, 0x00, 0x00, 0x00, 0x00, 0x00, 0x00, 0x00, 0x00, 0x00,
  0x00, 0x00, 0xFF, 0xFF, 0x55, 0xAD, 0x00, 0x00, 0x00, 0x00, 0x00, 0x00, 0x00, 0x00, 0x00, 0x00,
  0xFF, 0xFF, 0xFF, 0xFF, 0xFF, 0xFF, 0xFF, 0xFF, 0xFF, 0xFF, 0xFF, 0xFF, 0xFF, 0xFF, 0xFF, 0xFF,
  0xFF, 0xFF, 0xFF, 0xFF, 0xFF, 0xFF, 0xFF, 0xFF, 0xFF, 0xFF, 0xFF, 0xFF, 0xFF, 0xFF, 0xFF, 0xFF,
  0xFF, 0xFF, 0xFF, 0xFF, 0xFF, 0xFF, 0xFF, 0xFF, 0xEF, 0x7B, 0x00, 0x00, 0x00, 0x00, 0x00, 0x00,
  0x00, 0x00, 0x00, 0x00, 0x00, 0x00, 0x00, 0x00, 0x00, 0x00, 0x00, 0x00, 0x00, 0x00, 0x00, 0x00,
  0x00, 0x00, 0x00, 0x00, 0x00, 0x00, 0x00, 0x00, 0x00, 0x00, 0x00, 0x00, 0x00, 0x00, 0x00, 0x00,
  0x00, 0x00, 0x00, 0x00, 0x00, 0x00, 0x00, 0x00, 0x00, 0x00, 0x00, 0x00, 0x00, 0x00, 0x00, 0x00,
  0x00, 0x00, 0x00, 0x00, 0x00, 0x00, 0x00, 0x00, 0x00, 0x00, 0x00, 0x00, 0x00, 0x00, 0x00, 0x00,
  0x00, 0x00, 0x00, 0x00, 0x00, 0x00, 0x00, 0x00, 0x00, 0x00, 0x00, 0x00, 0x00, 0x00, 0x00, 0x00,
  0x00, 0x00, 0x00, 0x00, 0x00, 0x00, 0x00, 0x00, 0x00, 0x00, 0x00, 0x00, 0x00, 0x00, 0x00, 0x00,
  0x00, 0x00, 0x00, 0x00, 0x00, 0x00, 0x00, 0x00, 0x00, 0x00, 0x02, 0x03, 0x04, 0x04, 0x04, 0x03,
  0x02, 0x00, 0x00, 0x00, 0x00, 0x00, 0x00, 0x00, 0x00, 0x00, 0x00, 0x00, 0x00, 0x00, 0x00, 0x00,
  0x00, 0x00, 0x00, 0x00, 0x03, 0x02, 0x00, 0x00, 0x00, 0x00, 0x00, 0x00, 0x00, 0x02, 0x03, 0x00,
  0x00, 0x00, 0x00, 0x00, 0x00, 0x00, 0x00, 0x00, 0x00, 0x00, 0x00, 0x00, 0x00, 0x00, 0x01, 0x02,
  0x00, 0x00, 0x1D, 0x4F, 0x74, 0x80, 0x74, 0x50, 0x1E, 0x00, 0x00, 0x02, 0x01, 0x00, 0x00, 0x00,
  0x00, 0x00, 0x00, 0x00, 0x00, 0x00, 0x00, 0x00, 0x00, 0x01, 0x00, 0x00, 0x43, 0xB2, 0xF3, 0xFF,
  0xFF, 0xFF, 0xFF, 0xFF, 0xF3, 0xAF, 0x42, 0x00, 0x00, 0x01, 0x00, 0x00, 0x00, 0x00, 0x00, 0x00,
  0x00, 0x00, 0x00, 0x00, 0x02, 0x00, 0x09, 0x98, 0xFF, 0xFF, 0xFF, 0xFD, 0xFB, 0xFB, 0xFB, 0xFC,
  0xFF, 0xFF, 0xFF, 0x99, 0x09, 0x00, 0x01, 0x00, 0x00, 0x00, 0x00, 0x00, 0x00, 0x00, 0x00, 0x02,
  0x01, 0x10, 0xC3, 0xFF, 0xFC, 0xFC, 0xFE, 0xFF, 0xFF, 0xFF, 0xFF, 0xFF, 0xFE, 0xFC, 0xFD, 0xFF,
  0xC4, 0x10, 0x01, 0x02, 0x00, 0x00, 0x00, 0x00, 0x00, 0x00, 0x01, 0x03, 0x03, 0xB7, 0xFF, 0xF9,
  0xFF, 0xFF, 0xFF, 0xFF, 0xFF, 0xFF, 0xFF, 0xFF, 0xFF, 0xFF, 0xFF, 0xFA, 0xFF, 0xB7, 0x02, 0x03,
  0x00, 0x00, 0x00, 0x00, 0x00, 0x00, 0x03, 0x00, 0x70, 0xFF, 0xFA, 0xFF, 0xFF, 0xFF, 0xFF, 0xFF,
  0xFF, 0xFF, 0xFF, 0xFF, 0xFF, 0xFF, 0xFF, 0xFF, 0xFA, 0xFF, 0x6E, 0x00, 0x00, 0x00, 0x00, 0x00,
  0x00, 0x01, 0x00, 0x12, 0xEA, 0xFD, 0xFE, 0xFF, 0xFF, 0xFF, 0xFF, 0xFF, 0xFF, 0xFF, 0xFF, 0xFF,
  0xFF, 0xFF, 0xFF, 0xFF, 0xFE, 0xFD, 0xE9, 0x15, 0x00, 0x00, 0x00, 0x00, 0x00, 0x04, 0x00, 0x65,
  0xFF, 0xFC, 0xFF, 0xFF, 0xFF, 0xFF, 0xFF, 0xFF, 0xFF, 0xFF, 0xFF, 0xFF, 0xFF, 0xFF, 0xFF, 0xFF,
  0xFF, 0xFD, 0xFF, 0x6D, 0x00, 0x00, 0x00, 0x00, 0x00, 0x02, 0x00, 0xB2, 0xFE, 0xFC, 0xFF, 0xFF,
  0xFF, 0xFF, 0xFF, 0xFF, 0xFF, 0xFF, 0xFF, 0xFF, 0xFF, 0xFF, 0xFF, 0xFF, 0xFF, 0xFD, 0xFE, 0xBD,
  0x00, 0x00, 0x00, 0x00, 0x01, 0x00, 0x05, 0xDA, 0xFF, 0xFD, 0xFF, 0xFF, 0xFF, 0xFF, 0xFF, 0xFF,
  0xFF, 0xFF, 0xFF, 0xFF, 0xFF, 0xFF, 0xFF, 0xFF, 0xFF, 0xFE, 0xFF, 0xE8, 0x00, 0x00, 0x00, 0x00,
  0x01, 0x00, 0x10, 0xED, 0xFF, 0xFE, 0xFF, 0xFF, 0xFF, 0xFF, 0xFF, 0xFF, 0xFF, 0xFF, 0xFF, 0xFF,
  0xFF, 0xFF, 0xFF, 0xFF, 0xFF, 0xFF, 0xFF, 0xFD, 0x00, 0x00, 0x00, 0x00, 0x03, 0x03, 0x0C, 0xEC,
  0xFF, 0xFE, 0xFF, 0xFF, 0xFF, 0xFF, 0xFF, 0xFF, 0xFF, 0xFF, 0xFF, 0xFF, 0xFF, 0xFF, 0xFF, 0xFF,
  0xFF, 0xFF, 0xFF, 0xFC, 0x00, 0x00, 0x00, 0x03, 0x00, 0x00, 0x12, 0xDF, 0xFF, 0xFD, 0xFF, 0xFF,
  0xFF, 0xFF, 0xFF, 0xFF, 0xFF, 0xFF, 0xFF, 0xFF, 0xFF, 0xFF, 0xFF, 0xFF, 0xFF, 0xFE, 0xFF, 0xE9,
  0x00, 0x01, 0x01, 0x00, 0x2F, 0x9B, 0xE3, 0xFC, 0xFF, 0xFF, 0xFF, 0xFF, 0xFF, 0xFF, 0xFF, 0xFF,
  0xFF, 0xFF, 0xFF, 0xFF, 0xFF, 0xFF, 0xFF, 0xFF, 0xFF, 0xFD, 0xFE, 0xBE, 0x01, 0x02, 0x00, 0x7E,
  0xFA, 0xFF, 0xFF, 0xFF, 0xFF, 0xFF, 0xFF, 0xFF, 0xFF, 0xFF, 0xFF, 0xFF, 0xFF, 0xFF, 0xFF, 0xFF,
  0xFF, 0xFF, 0xFF, 0xFF, 0xFF, 0xFD, 0xFF, 0x6B, 0x03, 0x00, 0x9B, 0xFF, 0xFE, 0xFB, 0xFE, 0xFF,
  0xFF, 0xFF, 0xFF, 0xFF, 0xFF, 0xFF, 0xFF, 0xFF, 0xFF, 0xFF, 0xFF, 0xFF, 0xFF, 0xFF, 0xFF, 0xFF,
  0xFE, 0xFD, 0xE7, 0x13, 0x00, 0x67, 0xFF, 0xFA, 0xFE, 0xFF, 0xFF, 0xFF, 0xFF, 0xFF, 0xFF, 0xFF,
  0xFF, 0xFF, 0xFF, 0xFF, 0xFF, 0xFF, 0xFF, 0xFF, 0xFF, 0xFF, 0xFF, 0xFF, 0xFA, 0xFF, 0x6E, 0x00,
  0x1C, 0xEF, 0xFD, 0xFD, 0xFF, 0xFF, 0xFF, 0xFF, 0xFF, 0xFF, 0xFF, 0xFF, 0xFF, 0xFF, 0xFF, 0xFF,
  0xFF, 0xFF, 0xFF, 0xFF, 0xFF, 0xFF, 0xFF, 0xF9, 0xFF, 0xB7, 0x02, 0x03, 0x80, 0xFF, 0xFC, 0xFF,
  0xFF, 0xFF, 0xFF, 0xFF, 0xFF, 0xFF, 0xFF, 0xFF, 0xFF, 0xFF, 0xFF, 0xFF, 0xFF, 0xFF, 0xFF, 0xFF,
  0xFE, 0xFC, 0xFC, 0xFF, 0xC3, 0x10, 0x01, 0x02, 0xC9, 0xFA, 0xF8, 0xFB, 0xFB, 0xFB, 0xFB, 0xFB,
  0xFB, 0xFB, 0xFB, 0xFB, 0xFB, 0xFB, 0xFB, 0xFB, 0xFB, 0xFB, 0xFB, 0xFD, 0xFF, 0xFF, 0xFF, 0x98,
  0x09, 0x00, 0x02, 0x00, 0xFF, 0xFF, 0xFF, 0xFF, 0xFF, 0xFF, 0xFF, 0xFF, 0xFF, 0xFF, 0xFF, 0xFF,
  0xFF, 0xFF, 0xFF, 0xFF, 0xFF, 0xFF, 0xFF, 0xFF, 0xF3, 0xB2, 0x43, 0x00, 0x00, 0x01, 0x00, 0x00,
  0x80, 0x80, 0x80, 0x80, 0x80, 0x80, 0x80, 0x80, 0x80, 0x80, 0x80, 0x80, 0x80, 0x80, 0x80, 0x80,
  0x7F, 0x80, 0x74, 0x4F, 0x1D, 0x00, 0x00, 0x02, 0x01, 0x00, 0x00, 0x00, 0x00, 0x00, 0x00, 0x00,
  0x00, 0x00, 0x00, 0x00, 0x00, 0x00, 0x00, 0x00, 0x00, 0x00, 0x00, 0x00, 0x00, 0x00, 0x00, 0x00,
  0x00, 0x02, 0x03, 0x00, 0x00, 0x00, 0x00, 0x00, 0x04, 0x04, 0x04, 0x04, 0x04, 0x04, 0x04, 0x04,
  0x04, 0x04, 0x04, 0x04, 0x04, 0x04, 0x04, 0x04, 0x04, 0x04, 0x04, 0x03, 0x02, 0x00, 0x00, 0x00,
  0x00, 0x00, 0x00, 0x00, 0x00, 0x00, 0x00, 0x00, 0x00, 0x00, 0x00, 0x00, 0x00, 0x00, 0x00, 0x00,
  0x00, 0x00, 0x00, 0x00, 0x00, 0x00, 0x00, 0x00, 0x00, 0x00, 0x00, 0x00, 0x00, 0x00, 0x00, 0x00
};

const lv_image_dsc_t wi_cloudy = {
  .header = { .magic = LV_IMAGE_HEADER_MAGIC, .cf = LV_COLOR_FORMAT_RGB565A8,
               .flags = 0, .w = 28, .h = 28, .stride = 56 },
  .data_size = sizeof(wi_cloudy_map), .data = wi_cloudy_map,
};

static const uint8_t wi_mist_map[] = {
  0x00, 0x00, 0x00, 0x00, 0x00, 0x00, 0x00, 0x00, 0x00, 0x00, 0xFF, 0xFF, 0x00, 0x00, 0x55, 0xAD,
  0x9E, 0xF7, 0x9E, 0xF7, 0x7E, 0xEF, 0x7D, 0xEF, 0x7E, 0xEF, 0x9E, 0xEF, 0x5D, 0xEF, 0x00, 0x00,
  0x00, 0x00, 0xFF, 0xFF, 0x00, 0x00, 0x00, 0x00, 0x00, 0x00, 0x00, 0x00, 0x00, 0x00, 0x00, 0x00,
  0x00, 0x00, 0x00, 0x00, 0x00, 0x00, 0x00, 0x00, 0x00, 0x00, 0x00, 0x00, 0x00, 0x00, 0x00, 0x00,
  0xFF, 0xFF, 0x00, 0x00, 0x5E, 0xEF, 0xBE, 0xF7, 0xDF, 0xFF, 0xBF, 0xF7, 0x7E, 0xEF, 0x7D, 0xEF,
  0x7D, 0xEF, 0xBE, 0xF7, 0x9E, 0xF7, 0x7D, 0xEF, 0x3C, 0xE7, 0xFF, 0xFF, 0xFF, 0xFF, 0x00, 0x00,
  0x00, 0x00, 0x00, 0x00, 0x00, 0x00, 0x00, 0x00, 0x00, 0x00, 0x00, 0x00, 0x00, 0x00, 0x00, 0x00,
  0x00, 0x00, 0x00, 0x00, 0x00, 0x00, 0xFF, 0xFF, 0xFF, 0xFF, 0xBE, 0xF7, 0x9E, 0xF7, 0xFF, 0xFF,
  0x7D, 0xEF, 0x7D, 0xEF, 0x7D, 0xEF, 0x5D, 0xEF, 0x5D, 0xEF, 0x5D, 0xE7, 0x5D, 0xE7, 0xFF, 0xFF,
  0x3D, 0xE7, 0xF7, 0xFF, 0xFF, 0xFF, 0x00, 0x00, 0x00, 0x00, 0x00, 0x00, 0x00, 0x00, 0x00, 0x00,
  0x00, 0x00, 0x00, 0x00, 0x00, 0x00, 0x00, 0x00, 0x00, 0x00, 0x00, 0x00, 0x00, 0x00, 0xFF, 0xFF,
  0x00, 0x00, 0x7D, 0xEF, 0xFF, 0xFF, 0x7D, 0xEF, 0x7D, 0xEF, 0x7D, 0xEF, 0x5D, 0xEF, 0x5D, 0xEF,
  0x5D, 0xEF, 0x5D, 0xE7, 0x3D, 0xE7, 0x3D, 0xE7, 0xDF, 0xF7, 0x3D, 0xE7, 0x00, 0x00, 0xF7, 0xBD,
  0x00, 0x00, 0x00, 0x00, 0x00, 0x00, 0x00, 0x00, 0x00, 0x00, 0x00, 0x00, 0x00, 0x00, 0x00, 0x00,
  0x00, 0x00, 0x00, 0x00, 0xFF, 0xFF, 0x00, 0x00, 0x7D, 0xEF, 0x9E, 0xF7, 0x7D, 0xEF, 0x7D, 0xEF,
  0x7D, 0xEF, 0x5D, 0xEF, 0x5D, 0xEF, 0x5D, 0xE7, 0x5D, 0xE7, 0x3D, 0xE7, 0x3D, 0xE7, 0x3D, 0xE7,
  0x7D, 0xEF, 0x1C, 0xE7, 0x3C, 0xE7, 0xFF, 0xFF, 0xFF, 0xFF, 0x00, 0x00, 0x00, 0x00, 0x00, 0x00,
  0x00, 0x00, 0x00, 0x00, 0x00, 0x00, 0x00, 0x00, 0x00, 0x00, 0x00, 0x00, 0xFF, 0xFF, 0x00, 0x00,
  0x7E, 0xEF, 0xFF, 0xFF, 0x7D, 0xEF, 0x7D, 0xEF, 0x5D, 0xEF, 0x5D, 0xEF, 0x5D, 0xEF, 0x5D, 0xE7,
  0x5D, 0xE7, 0x3D, 0xE7, 0x3D, 0xE7, 0x3D, 0xE7, 0x1C, 0xE7, 0x5D, 0xE7, 0x3C, 0xE7, 0x00, 0x00,
  0x55, 0xAD, 0x00, 0x00, 0x00, 0x00, 0x00, 0x00, 0x00, 0x00, 0x00, 0x00, 0x00, 0x00, 0x00, 0x00,
  0x00, 0x00, 0x00, 0x00, 0xFF, 0xFF, 0xFF, 0xBD, 0x7D, 0xEF, 0xFF, 0xFF, 0x5D, 0xEF, 0x5D, 0xEF,
  0x5D, 0xEF, 0x5D, 0xE7, 0x5D, 0xE7, 0x5D, 0xE7, 0x3D, 0xE7, 0x3D, 0xE7, 0x3D, 0xE7, 0x3C, 0xE7,
  0x1C, 0xE7, 0x9E, 0xEF, 0x1C, 0xE7, 0x00, 0x00, 0xF7, 0xBD, 0x00, 0x00, 0x00, 0x00, 0x00, 0x00,
  0x00, 0x00, 0x00, 0x00, 0x00, 0x00, 0x00, 0x00, 0x00, 0x00, 0xFF, 0xFF, 0xFF, 0xFF, 0x00, 0x00,
  0x5D, 0xEF, 0xFF, 0xFF, 0x5D, 0xEF, 0x5D, 0xEF, 0x5D, 0xE7, 0x5D, 0xE7, 0x5D, 0xE7, 0x3D, 0xE7,
  0x3D, 0xE7, 0x3D, 0xE7, 0x3C, 0xE7, 0x1C, 0xE7, 0x1C, 0xE7, 0x9E, 0xEF, 0x1C, 0xE7, 0x00, 0x00,
  0xFF, 0xBF, 0x00, 0x00, 0x00, 0x00, 0x00, 0x00, 0x00, 0x00, 0x00, 0x00, 0x00, 0x00, 0x00, 0x00,
  0xFF, 0xFF, 0x00, 0x00, 0xBA, 0xD6, 0xBF, 0xF7, 0xBF, 0xF7, 0xBF, 0xF7, 0x9E, 0xEF, 0x7E, 0xEF,
  0x5D, 0xEF, 0x3D, 0xE7, 0x3D, 0xE7, 0x3D, 0xE7, 0x3D, 0xE7, 0x3C, 0xE7, 0x1C, 0xE7, 0x1C, 0xE7,
  0x1C, 0xDF, 0x3D, 0xE7, 0xFC, 0xDE, 0x00, 0x00, 0x55, 0xAD, 0x00, 0x00, 0x00, 0x00, 0x00, 0x00,
  0x00, 0x00, 0x00, 0x00, 0x00, 0x00, 0x00, 0x00, 0x00, 0x00, 0xBF, 0xEF, 0xDF, 0xF7, 0xFF, 0xFF,
  0xDF, 0xF7, 0x9F, 0xEF, 0xBF, 0xF7, 0xBF, 0xF7, 0xBF, 0xF7, 0x5D, 0xEF, 0x3D, 0xE7, 0x3D, 0xE7,
  0x3C, 0xE7, 0x1C, 0xE7, 0x1C, 0xE7, 0x1C, 0xDF, 0x5D, 0xE7, 0xFC, 0xDE, 0x1C, 0xE7, 0x00, 0x00,
  0xFF, 0xFF, 0x00, 0x00, 0x00, 0x00, 0x00, 0x00, 0x00, 0x00, 0x00, 0x00, 0x00, 0x00, 0x00, 0x00,
  0xFF, 0xFF, 0x9F, 0xEF, 0xFF, 0xFF, 0x9F, 0xEF, 0x9F, 0xEF, 0xBF, 0xF7, 0xBF, 0xF7, 0xBF, 0xF7,
  0xBF, 0xF7, 0xBF, 0xF7, 0x5D, 0xE7, 0x3C, 0xE7, 0x1C, 0xE7, 0x1C, 0xE7, 0x1C, 0xDF, 0x1C, 0xDF,
  0x9E, 0xF7, 0xFC, 0xDE, 0x00, 0x00, 0xF7, 0xBD, 0x00, 0x00, 0x00, 0x00, 0x00, 0x00, 0x00, 0x00,
  0x00, 0x00, 0x00, 0x00, 0x00, 0x00, 0x00, 0x00, 0xBF, 0xF7, 0xFF, 0xFF, 0x9F, 0xEF, 0x9F, 0xEF,
  0x9F, 0xEF, 0x9F, 0xEF, 0x9F, 0xEF, 0x9F, 0xEF, 0x9F, 0xEF, 0xBF, 0xF7, 0x9E, 0xEF, 0x1C, 0xE7,
  0x1C, 0xE7, 0x1C, 0xDF, 0x1C, 0xDF, 0xBE, 0xF7, 0x1C, 0xDF, 0xFF, 0xFF, 0xFF, 0xFF, 0x00, 0x00,
  0x00, 0x00, 0x00, 0x00, 0x00, 0x00, 0x00, 0x00, 0x00, 0x00, 0x00, 0x00, 0x00, 0x00, 0x00, 0x00,
  0x9F, 0xEF, 0xFF, 0xFF, 0xBF, 0xF7, 0xDF, 0xF7, 0xDF, 0xF7, 0xDF, 0xF7, 0xDF, 0xF7, 0xDF, 0xF7,
  0xDF, 0xF7, 0xDF, 0xF7, 0xDF, 0xF7, 0x5D, 0xEF, 0x3D, 0xE7, 0x7E, 0xEF, 0x7E, 0xEF, 0x1C, 0xE7,
  0x3C, 0xCF, 0xFF, 0xFF, 0xFF, 0xFF, 0x00, 0x00, 0x00, 0x00, 0x00, 0x00, 0x00, 0x00, 0x00, 0x00,
  0x00, 0x00, 0x00, 0x00, 0x00, 0x00, 0x00, 0x00, 0xBF, 0xEF, 0xBF, 0xF7, 0xBF, 0xF7, 0xBF, 0xF7,
  0xBF, 0xF7, 0xBF, 0xF7, 0xBF, 0xF7, 0xBF, 0xF7, 0xBF, 0xF7, 0xBF, 0xF7, 0xBF, 0xF7, 0x5D, 0xE7,
  0x1C, 0xDF, 0x3D, 0xE7, 0x3D, 0xE7, 0x00, 0x00, 0x00, 0x00, 0xFF, 0xFF, 0x00, 0x00, 0x00, 0x00,
  0x00, 0x00, 0x00, 0x00, 0x00, 0x00, 0x00, 0x00, 0x00, 0x00, 0x00, 0x00, 0x00, 0x00, 0x00, 0x00,
  0x9E, 0xF7, 0xFF, 0xEF, 0xFF, 0xEF, 0xFF, 0xEF, 0xFF, 0xEF, 0xFF, 0xEF, 0xFF, 0xEF, 0x7F, 0xEF,
  0x7F, 0xEF, 0xFF, 0xEF, 0xFF, 0xEF, 0x7D, 0xEF, 0xFF, 0xDE, 0x00, 0x00, 0x00, 0x00, 0xFF, 0xFF,
  0xFF, 0xFF, 0x00, 0x00, 0x00, 0x00, 0x00, 0x00, 0x00, 0x00, 0x00, 0x00, 0x00, 0x00, 0x00, 0x00,
  0x00, 0x00, 0x00, 0x00, 0x00, 0x00, 0x00, 0x00, 0x00, 0x00, 0x00, 0x00, 0x00, 0x00, 0x00, 0x00,
  0x00, 0x00, 0x00, 0x00, 0x00, 0x00, 0x00, 0x00, 0x00, 0x00, 0x00, 0x00, 0x00, 0x00, 0x00, 0x00,
  0x00, 0x00, 0xFF, 0x7B, 0xFF, 0xFF, 0x00, 0x00, 0x00, 0x00, 0x00, 0x00, 0x00, 0x00, 0x00, 0x00,
  0x00, 0x00, 0x00, 0x00, 0x00, 0x00, 0x00, 0x00, 0x00, 0x00, 0x00, 0x00, 0x00, 0x00, 0x00, 0x00,
  0x55, 0xAD, 0x79, 0xCE, 0x79, 0xCE, 0x79, 0xCE, 0x79, 0xCE, 0x79, 0xCE, 0xFF, 0xFF, 0xFF, 0xFF,
  0xFF, 0xFF, 0xFF, 0xFF, 0x79, 0xCE, 0x79, 0xCE, 0xFF, 0xFF, 0xF7, 0xBD, 0xF7, 0xBD, 0xF7, 0xBD,
  0xF7, 0xBD, 0xF7, 0xBD, 0xF7, 0xBD, 0xF7, 0xBD, 0xF7, 0xBD, 0xF7, 0xBD, 0xF7, 0xBD, 0xF7, 0xBD,
  0xF7, 0xBD, 0xF7, 0xBD, 0xF7, 0xBD, 0xFF, 0xFF, 0x1C, 0xE7, 0x7D, 0xEF, 0x3C, 0xE7, 0x3C, 0xE7,
  0x1C, 0xE7, 0x9E, 0xF7, 0x1C, 0xE7, 0x00, 0x00, 0x00, 0x00, 0x1C, 0xE7, 0x9E, 0xF7, 0x1C, 0xE7,
  0x3C, 0xE7, 0x3C, 0xE7, 0x3C, 0xE7, 0x3C, 0xE7, 0x3C, 0xE7, 0x3C, 0xE7, 0x3C, 0xE7, 0x3C, 0xE7,
  0x3C, 0xE7, 0x3C, 0xE7, 0x3C, 0xE7, 0x3C, 0xE7, 0x3C, 0xE7, 0x3C, 0xE7, 0x7D, 0xEF, 0x1C, 0xE7,
  0xFF, 0xFF, 0xDB, 0xDE, 0xDB, 0xDE, 0xDB, 0xDE, 0xDB, 0xDE, 0xDB, 0xDE, 0x79, 0xCE, 0xFF, 0xFF,
  0xFF, 0xFF, 0xBA, 0xD6, 0xDB, 0xDE, 0xDB, 0xDE, 0xDB, 0xDE, 0xDB, 0xDE, 0xDB, 0xDE, 0xDB, 0xDE,
  0xDB, 0xDE, 0xDB, 0xDE, 0xBA, 0xD6, 0xF7, 0xBD, 0xF7, 0xBD, 0x79, 0xCE, 0xDB, 0xDE, 0xDB, 0xDE,
  0xDB, 0xDE, 0xDB, 0xDE, 0xDB, 0xDE, 0xFF, 0xFF, 0x00, 0x00, 0x00, 0x00, 0x00, 0x00, 0x00, 0x00,
  0x00, 0x00, 0x00, 0x00, 0x00, 0x00, 0x00, 0x00, 0x00, 0x00, 0x00, 0x00, 0x00, 0x00, 0x00, 0x00,
  0x00, 0x00, 0x00, 0x00, 0x00, 0x00, 0x00, 0x00, 0x00, 0x00, 0x00, 0x00, 0x00, 0x00, 0x00, 0x00,
  0x00, 0x00, 0x00, 0x00, 0x00, 0x00, 0x00, 0x00, 0x00, 0x00, 0x00, 0x00, 0x00, 0x00, 0x00, 0x00,
  0x5D, 0xEF, 0x9E, 0xF7, 0x3C, 0xE7, 0x3C, 0xE7, 0x3C, 0xE7, 0x3C, 0xE7, 0x3C, 0xE7, 0x1C, 0xE7,
  0x1C, 0xE7, 0x3C, 0xE7, 0x3C, 0xE7, 0x3C, 0xE7, 0x3C, 0xE7, 0x3C, 0xE7, 0x3C, 0xE7, 0x3C, 0xE7,
  0x3C, 0xE7, 0x9E, 0xF7, 0xFB, 0xDE, 0x00, 0x00, 0x00, 0x00, 0x5D, 0xEF, 0x9E, 0xF7, 0x3C, 0xE7,
  0x3C, 0xE7, 0x3C, 0xE7, 0x9E, 0xF7, 0x5D, 0xEF, 0x5D, 0xEF, 0x9E, 0xF7, 0x3C, 0xE7, 0x3C, 0xE7,
  0x3C, 0xE7, 0x3C, 0xE7, 0x3C, 0xE7, 0x1C, 0xE7, 0x1C, 0xE7, 0x3C, 0xE7, 0x3C, 0xE7, 0x3C, 0xE7,
  0x3C, 0xE7, 0x3C, 0xE7, 0x3C, 0xE7, 0x3C, 0xE7, 0x3C, 0xE7, 0x9E, 0xF7, 0xFB, 0xDE, 0x00, 0x00,
  0x00, 0x00, 0x5D, 0xEF, 0x9E, 0xF7, 0x3C, 0xE7, 0x3C, 0xE7, 0x3C, 0xE7, 0x9E, 0xF7, 0x5D, 0xEF,
  0x00, 0x00, 0x00, 0x00, 0x00, 0x00, 0x00, 0x00, 0x00, 0x00, 0x00, 0x00, 0x00, 0x00, 0x00, 0x00,
  0x00, 0x00, 0x00, 0x00, 0x00, 0x00, 0x00, 0x00, 0x00, 0x00, 0x00, 0x00, 0x00, 0x00, 0x00, 0x00,
  0x00, 0x00, 0x00, 0x00, 0x00, 0x00, 0x00, 0x00, 0x00, 0x00, 0x00, 0x00, 0x00, 0x00, 0x00, 0x00,
  0x00, 0x00, 0x00, 0x00, 0x00, 0x00, 0x00, 0x00, 0xFF, 0xFF, 0xDB, 0xDE, 0xDB, 0xDE, 0xDB, 0xDE,
  0xDB, 0xDE, 0xDB, 0xDE, 0x79, 0xCE, 0xFF, 0xFF, 0xFF, 0xFF, 0xBA, 0xD6, 0xDB, 0xDE, 0xDB, 0xDE,
  0xDB, 0xDE, 0xDB, 0xDE, 0xDB, 0xDE, 0xDB, 0xDE, 0xDB, 0xDE, 0xDB, 0xDE, 0xBA, 0xD6, 0xF7, 0xBD,
  0xF7, 0xBD, 0x79, 0xCE, 0xDB, 0xDE, 0xDB, 0xDE, 0xDB, 0xDE, 0xDB, 0xDE, 0xDB, 0xDE, 0xFF, 0xFF,
  0x1C, 0xE7, 0x7D, 0xEF, 0x3C, 0xE7, 0x3C, 0xE7, 0x1C, 0xE7, 0x9E, 0xF7, 0x1C, 0xE7, 0x00, 0x00,
  0x00, 0x00, 0x1C, 0xE7, 0x9E, 0xF7, 0x1C, 0xE7, 0x3C, 0xE7, 0x3C, 0xE7, 0x3C, 0xE7, 0x3C, 0xE7,
  0x3C, 0xE7, 0x3C, 0xE7, 0x3C, 0xE7, 0x3C, 0xE7, 0x3C, 0xE7, 0x3C, 0xE7, 0x3C, 0xE7, 0x3C, 0xE7,
  0x3C, 0xE7, 0x3C, 0xE7, 0x7D, 0xEF, 0x1C, 0xE7, 0xFF, 0xFF, 0xF7, 0xBD, 0xF7, 0xBD, 0xF7, 0xBD,
  0xF7, 0xBD, 0xF7, 0xBD, 0xFF, 0xFF, 0x00, 0x00, 0x00, 0x00, 0xFF, 0xFF, 0xF7, 0xBD, 0xF7, 0xBD,
  0xF7, 0xBD, 0xF7, 0xBD, 0xF7, 0xBD, 0xF7, 0xBD, 0xF7, 0xBD, 0xF7, 0xBD, 0xF7, 0xBD, 0xF7, 0xBD,
  0xF7, 0xBD, 0xF7, 0xBD, 0xF7, 0xBD, 0xF7, 0xBD, 0xF7, 0xBD, 0xF7, 0xBD, 0xF7, 0xBD, 0xFF, 0xFF,
  0x00, 0x00, 0x00, 0x00, 0x00, 0x00, 0x00, 0x00, 0x00, 0x00, 0x00, 0x00, 0x00, 0x00, 0x00, 0x00,
  0x00, 0x00, 0x00, 0x00, 0x00, 0x00, 0x00, 0x00, 0x00, 0x00, 0x00, 0x00, 0x00, 0x00, 0x00, 0x00,
  0x00, 0x00, 0x00, 0x00, 0x00, 0x00, 0x00, 0x00, 0x00, 0x00, 0x00, 0x00, 0x00, 0x00, 0x00, 0x00,
  0x00, 0x00, 0x00, 0x00, 0x00, 0x00, 0x00, 0x00, 0x00, 0x00, 0x00, 0x00, 0x00, 0x00, 0x00, 0x00,
  0x00, 0x00, 0x00, 0x00, 0x00, 0x00, 0x00, 0x00, 0x00, 0x00, 0x00, 0x00, 0x00, 0x00, 0x00, 0x00,
  0x00, 0x00, 0x00, 0x00, 0x00, 0x00, 0x00, 0x00, 0x00, 0x00, 0x00, 0x00, 0x00, 0x00, 0x00, 0x00,
  0x00, 0x00, 0x00, 0x00, 0x00, 0x00, 0x00, 0x00, 0x00, 0x00, 0x00, 0x00, 0x00, 0x00, 0x00, 0x00,
  0x00, 0x00, 0x00, 0x00, 0x00, 0x02, 0x00, 0x03, 0x65, 0xC3, 0xF1, 0xFE, 0xEC, 0xB9, 0x50, 0x00,
  0x00, 0x01, 0x00, 0x00, 0x00, 0x00, 0x00, 0x00, 0x00, 0x00, 0x00, 0x00, 0x00, 0x00, 0x00, 0x00,
  0x02, 0x00, 0x24, 0xC1, 0xFF, 0xFF, 0xFF, 0xFF, 0xFF, 0xFF, 0xFF, 0xA6, 0x0A, 0x01, 0x01, 0x00,
  0x00, 0x00, 0x00, 0x00, 0x00, 0x00, 0x00, 0x00, 0x00, 0x00, 0x00, 0x02, 0x01, 0x18, 0xE0, 0xFF,
  0xFC, 0xFD, 0xFF, 0xFF, 0xFE, 0xFD, 0xFC, 0xFF, 0xB6, 0x04, 0x02, 0x01, 0x00, 0x00, 0x00, 0x00,
  0x00, 0x00, 0x00, 0x00, 0x00, 0x00, 0x00, 0x02, 0x00, 0xAE, 0xFF, 0xF9, 0xFF, 0xFF, 0xFF, 0xFF,
  0xFF, 0xFF, 0xFF, 0xF9, 0xFF, 0x70, 0x00, 0x04, 0x00, 0x00, 0x00, 0x00, 0x00, 0x00, 0x00, 0x00,
  0x00, 0x00, 0x02, 0x00, 0x2F, 0xFF, 0xFD, 0xFE, 0xFF, 0xFF, 0xFF, 0xFF, 0xFF, 0xFF, 0xFF, 0xFD,
  0xFD, 0xE1, 0x0A, 0x01, 0x01, 0x00, 0x00, 0x00, 0x00, 0x00, 0x00, 0x00, 0x00, 0x00, 0x04, 0x00,
  0x77, 0xFF, 0xFB, 0xFF, 0xFF, 0xFF, 0xFF, 0xFF, 0xFF, 0xFF, 0xFF, 0xFF, 0xFE, 0xFF, 0x3A, 0x00,
  0x03, 0x00, 0x00, 0x00, 0x00, 0x00, 0x00, 0x00, 0x00, 0x00, 0x05, 0x04, 0x9F, 0xFF, 0xFB, 0xFF,
  0xFF, 0xFF, 0xFF, 0xFF, 0xFF, 0xFF, 0xFF, 0xFF, 0xFB, 0xFE, 0x5B, 0x00, 0x04, 0x00, 0x00, 0x00,
  0x00, 0x00, 0x00, 0x00, 0x00, 0x01, 0x03, 0x00, 0x92, 0xFF, 0xFB, 0xFF, 0xFF, 0xFF, 0xFF, 0xFF,
  0xFF, 0xFF, 0xFF, 0xFF, 0xFB, 0xFE, 0x5D, 0x00, 0x04, 0x00, 0x00, 0x00, 0x00, 0x00, 0x00, 0x00,
  0x02, 0x00, 0x06, 0x62, 0xD1, 0xFE, 0xFD, 0xFF, 0xFF, 0xFF, 0xFF, 0xFF, 0xFF, 0xFF, 0xFF, 0xFF,
  0xFE, 0xFF, 0x3B, 0x00, 0x03, 0x00, 0x00, 0x00, 0x00, 0x00, 0x00, 0x00, 0x00, 0x1C, 0xC6, 0xFF,
  0xFF, 0xFF, 0xFF, 0xFF, 0xFF, 0xFF, 0xFF, 0xFF, 0xFF, 0xFF, 0xFF, 0xFD, 0xFD, 0xE1, 0x09, 0x01,
  0x01, 0x00, 0x00, 0x00, 0x00, 0x00, 0x00, 0x00, 0x0B, 0xCB, 0xFF, 0xFA, 0xFD, 0xFF, 0xFF, 0xFF,
  0xFF, 0xFF, 0xFF, 0xFF, 0xFF, 0xFF, 0xFF, 0xF9, 0xFF, 0x70, 0x00, 0x04, 0x00, 0x00, 0x00, 0x00,
  0x00, 0x00, 0x00, 0x00, 0x76, 0xFF, 0xF9, 0xFE, 0xFE, 0xFE, 0xFE, 0xFE, 0xFE, 0xFE, 0xFE, 0xFE,
  0xFD, 0xFC, 0xFB, 0xFF, 0xB6, 0x03, 0x02, 0x01, 0x00, 0x00, 0x00, 0x00, 0x00, 0x00, 0x00, 0x00,
  0xDC, 0xFF, 0xFF, 0xFF, 0xFF, 0xFF, 0xFF, 0xFF, 0xFF, 0xFF, 0xFF, 0xFF, 0xFF, 0xFF, 0xFF, 0xA7,
  0x0A, 0x01, 0x01, 0x00, 0x00, 0x00, 0x00, 0x00, 0x00, 0x00, 0x00, 0x00, 0xEA, 0xEF, 0xEF, 0xEF,
  0xEF, 0xEF, 0xEF, 0xEF, 0xEF, 0xEF, 0xEF, 0xEE, 0xDE, 0xAD, 0x4F, 0x00, 0x00, 0x01, 0x00, 0x00,
  0x00, 0x00, 0x00, 0x00, 0x00, 0x00, 0x00, 0x00, 0x11, 0x10, 0x10, 0x10, 0x10, 0x10, 0x10, 0x10,
  0x10, 0x10, 0x10, 0x10, 0x08, 0x00, 0x00, 0x01, 0x01, 0x00, 0x00, 0x00, 0x00, 0x00, 0x00, 0x00,
  0x00, 0x00, 0x00, 0x00, 0x00, 0x00, 0x00, 0x00, 0x00, 0x00, 0x00, 0x00, 0x00, 0x00, 0x00, 0x00,
  0x00, 0x02, 0x02, 0x00, 0x00, 0x00, 0x00, 0x00, 0x00, 0x00, 0x00, 0x00, 0x00, 0x00, 0x00, 0x00,
  0x03, 0x05, 0x05, 0x05, 0x05, 0x05, 0x02, 0x01, 0x01, 0x03, 0x05, 0x05, 0x04, 0x04, 0x04, 0x04,
  0x04, 0x04, 0x04, 0x04, 0x04, 0x04, 0x04, 0x04, 0x04, 0x04, 0x04, 0x01, 0x3B, 0x8F, 0x8E, 0x8F,
  0x8D, 0x8F, 0x37, 0x00, 0x00, 0x5B, 0x8F, 0x8D, 0x8F, 0x8F, 0x8F, 0x8F, 0x8F, 0x8F, 0x8F, 0x8F,
  0x8F, 0x8F, 0x8F, 0x8F, 0x8F, 0x8E, 0x8F, 0x3B, 0x03, 0x07, 0x07, 0x07, 0x07, 0x07, 0x05, 0x03,
  0x03, 0x06, 0x07, 0x07, 0x07, 0x07, 0x07, 0x07, 0x07, 0x07, 0x06, 0x04, 0x04, 0x05, 0x07, 0x07,
  0x07, 0x07, 0x07, 0x03, 0x00, 0x00, 0x00, 0x00, 0x00, 0x00, 0x00, 0x00, 0x00, 0x00, 0x00, 0x00,
  0x00, 0x00, 0x00, 0x00, 0x00, 0x00, 0x00, 0x00, 0x00, 0x00, 0x00, 0x00, 0x00, 0x00, 0x00, 0x00,
  0x24, 0x59, 0x58, 0x59, 0x59, 0x59, 0x59, 0x59, 0x59, 0x59, 0x59, 0x59, 0x59, 0x59, 0x59, 0x59,
  0x58, 0x59, 0x39, 0x00, 0x00, 0x22, 0x59, 0x58, 0x59, 0x58, 0x59, 0x24, 0x24, 0x59, 0x58, 0x59,
  0x59, 0x59, 0x59, 0x59, 0x59, 0x59, 0x59, 0x59, 0x59, 0x59, 0x59, 0x59, 0x58, 0x59, 0x39, 0x00,
  0x00, 0x22, 0x59, 0x58, 0x59, 0x58, 0x59, 0x24, 0x00, 0x00, 0x00, 0x00, 0x00, 0x00, 0x00, 0x00,
  0x00, 0x00, 0x00, 0x00, 0x00, 0x00, 0x00, 0x00, 0x00, 0x00, 0x00, 0x00, 0x00, 0x00, 0x00, 0x00,
  0x00, 0x00, 0x00, 0x00, 0x03, 0x07, 0x07, 0x07, 0x07, 0x07, 0x05, 0x03, 0x03, 0x06, 0x07, 0x07,
  0x07, 0x07, 0x07, 0x07, 0x07, 0x07, 0x06, 0x04, 0x04, 0x05, 0x07, 0x07, 0x07, 0x07, 0x07, 0x03,
  0x3B, 0x8F, 0x8E, 0x8F, 0x8D, 0x8F, 0x37, 0x00, 0x00, 0x5B, 0x8F, 0x8D, 0x8F, 0x8F, 0x8F, 0x8F,
  0x8F, 0x8F, 0x8F, 0x8F, 0x8F, 0x8F, 0x8F, 0x8F, 0x8F, 0x8E, 0x8F, 0x3B, 0x01, 0x04, 0x04, 0x04,
  0x04, 0x04, 0x01, 0x00, 0x00, 0x02, 0x04, 0x04, 0x04, 0x04, 0x04, 0x04, 0x04, 0x04, 0x04, 0x04,
  0x04, 0x04, 0x04, 0x04, 0x04, 0x04, 0x04, 0x01, 0x00, 0x00, 0x00, 0x00, 0x00, 0x00, 0x00, 0x00,
  0x00, 0x00, 0x00, 0x00, 0x00, 0x00, 0x00, 0x00, 0x00, 0x00, 0x00, 0x00, 0x00, 0x00, 0x00, 0x00,
  0x00, 0x00, 0x00, 0x00, 0x00, 0x00, 0x00, 0x00, 0x00, 0x00, 0x00, 0x00, 0x00, 0x00, 0x00, 0x00,
  0x00, 0x00, 0x00, 0x00, 0x00, 0x00, 0x00, 0x00, 0x00, 0x00, 0x00, 0x00, 0x00, 0x00, 0x00, 0x00
};

const lv_image_dsc_t wi_mist = {
  .header = { .magic = LV_IMAGE_HEADER_MAGIC, .cf = LV_COLOR_FORMAT_RGB565A8,
               .flags = 0, .w = 28, .h = 28, .stride = 56 },
  .data_size = sizeof(wi_mist_map), .data = wi_mist_map,
};

static const uint8_t wi_drizzle_map[] = {
  0x00, 0x00, 0x00, 0x00, 0x00, 0x00, 0x00, 0x00, 0x00, 0x00, 0x00, 0x00, 0x00, 0x00, 0x00, 0x00,
  0x00, 0x00, 0x00, 0x00, 0xFF, 0xFF, 0x00, 0x00, 0x00, 0x00, 0x9E, 0xEF, 0x9E, 0xF7, 0x9E, 0xEF,
  0x7D, 0xEF, 0x7D, 0xEF, 0x7D, 0xEF, 0x9E, 0xEF, 0x9E, 0xEF, 0x7E, 0xEF, 0x00, 0x00, 0x00, 0x00,
  0xFF, 0xFF, 0x00, 0x00, 0x00, 0x00, 0x00, 0x00, 0x00, 0x00, 0x00, 0x00, 0x00, 0x00, 0x00, 0x00,
  0x00, 0x00, 0x00, 0x00, 0x00, 0x00, 0x00, 0x00, 0x00, 0x00, 0xFF, 0xFF, 0x00, 0x00, 0x7D, 0xE7,
  0xBE, 0xF7, 0x9E, 0xF7, 0xDF, 0xFF, 0xBE, 0xF7, 0x7E, 0xEF, 0x7D, 0xEF, 0x7D, 0xEF, 0x9E, 0xEF,
  0xBF, 0xF7, 0x7E, 0xEF, 0x7E, 0xEF, 0x5D, 0xE7, 0x00, 0x00, 0xFF, 0xFF, 0x00, 0x00, 0x00, 0x00,
  0x00, 0x00, 0x00, 0x00, 0x00, 0x00, 0x00, 0x00, 0x00, 0x00, 0x00, 0x00, 0x00, 0x00, 0x00, 0x00,
  0xFF, 0xFF, 0x00, 0x00, 0x7D, 0xEF, 0xBE, 0xF7, 0xFF, 0xFF, 0x7D, 0xEF, 0x7D, 0xEF, 0x7D, 0xEF,
  0x7D, 0xEF, 0x7D, 0xEF, 0x5D, 0xEF, 0x5D, 0xEF, 0x5D, 0xE7, 0x5D, 0xE7, 0xDF, 0xF7, 0x9E, 0xEF,
  0x3D, 0xE7, 0x00, 0x00, 0xFF, 0xFF, 0x00, 0x00, 0x00, 0x00, 0x00, 0x00, 0x00, 0x00, 0x00, 0x00,
  0x00, 0x00, 0x00, 0x00, 0x00, 0x00, 0xFF, 0xFF, 0x00, 0x00, 0x5D, 0xEF, 0xDF, 0xFF, 0x9E, 0xF7,
  0x7D, 0xEF, 0x7D, 0xEF, 0x7D, 0xEF, 0x7D, 0xEF, 0x7D, 0xEF, 0x5D, 0xEF, 0x5D, 0xEF, 0x5D, 0xEF,
  0x5D, 0xEF, 0x5D, 0xE7, 0x3D, 0xE7, 0x5D, 0xEF, 0x9E, 0xF7, 0x1C, 0xE7, 0x00, 0x00, 0xFF, 0xFF,
  0x00, 0x00, 0x00, 0x00, 0x00, 0x00, 0x00, 0x00, 0x00, 0x00, 0x00, 0x00, 0xFF, 0xFF, 0xFF, 0xFF,
  0x9E, 0xEF, 0xBE, 0xF7, 0x9E, 0xF7, 0x7D, 0xEF, 0x7D, 0xEF, 0x7D, 0xEF, 0x7D, 0xEF, 0x7D, 0xEF,
  0x5D, 0xEF, 0x5D, 0xEF, 0x5D, 0xEF, 0x5D, 0xEF, 0x5D, 0xE7, 0x5D, 0xE7, 0x5D, 0xE7, 0x3D, 0xE7,
  0x5D, 0xEF, 0x5D, 0xEF, 0x3C, 0xE7, 0xFF, 0xFF, 0x00, 0x00, 0x00, 0x00, 0x00, 0x00, 0x00, 0x00,
  0x00, 0x00, 0x00, 0x00, 0xFF, 0xFF, 0x00, 0x00, 0x7D, 0xEF, 0xFF, 0xFF, 0x7D, 0xEF, 0x7D, 0xEF,
  0x7D, 0xEF, 0x7D, 0xEF, 0x7D, 0xEF, 0x5D, 0xEF, 0x5D, 0xEF, 0x5D, 0xEF, 0x5D, 0xEF, 0x5D, 0xE7,
  0x5D, 0xE7, 0x5D, 0xE7, 0x5D, 0xE7, 0x3D, 0xE7, 0x3C, 0xE7, 0xBE, 0xF7, 0x3C, 0xE7, 0x00, 0x00,
  0x00, 0x00, 0x00, 0x00, 0x00, 0x00, 0x00, 0x00, 0x00, 0x00, 0xFF, 0xFF, 0x00, 0x00, 0x7E, 0xEF,
  0xBE, 0xF7, 0x7D, 0xEF, 0x7D, 0xEF, 0x7D, 0xEF, 0x7D, 0xEF, 0x7D, 0xEF, 0x5D, 0xEF, 0x5D, 0xEF,
  0x5D, 0xEF, 0x5D, 0xEF, 0x5D, 0xE7, 0x5D, 0xE7, 0x5D, 0xE7, 0x3D, 0xE7, 0x3D, 0xE7, 0x3D, 0xE7,
  0x3D, 0xE7, 0x3D, 0xE7, 0x5D, 0xE7, 0x3C, 0xE7, 0x00, 0x00, 0x00, 0x00, 0x00, 0x00, 0x00, 0x00,
  0x00, 0x00, 0xFF, 0xFF, 0x00, 0x00, 0x7D, 0xEF, 0xFF, 0xFF, 0x7D, 0xEF, 0x7D, 0xEF, 0x7D, 0xEF,
  0x7D, 0xEF, 0x5D, 0xEF, 0x5D, 0xEF, 0x5D, 0xEF, 0x5D, 0xEF, 0x5D, 0xE7, 0x5D, 0xE7, 0x5D, 0xE7,
  0x3D, 0xE7, 0x3D, 0xE7, 0x3D, 0xE7, 0x3D, 0xE7, 0x3D, 0xE7, 0x3C, 0xE7, 0x9E, 0xEF, 0x3C, 0xE7,
  0x00, 0x00, 0x00, 0x00, 0x00, 0x00, 0x00, 0x00, 0x00, 0x00, 0xFF, 0xFF, 0xFF, 0xFF, 0x7D, 0xEF,
  0xDF, 0xF7, 0x7D, 0xEF, 0x7D, 0xEF, 0x7D, 0xEF, 0x5D, 0xEF, 0x5D, 0xEF, 0x5D, 0xEF, 0x5D, 0xE7,
  0x5D, 0xE7, 0x5D, 0xE7, 0x5D, 0xE7, 0x5D, 0xE7, 0x3D, 0xE7, 0x3D, 0xE7, 0x3D, 0xE7, 0x3D, 0xE7,
  0x3C, 0xE7, 0x3C, 0xE7, 0x5D, 0xE7, 0x1C, 0xE7, 0x00, 0x00, 0x00, 0x00, 0x00, 0x00, 0x00, 0x00,
  0xFF, 0xFF, 0x00, 0x00, 0xFF, 0xFF, 0x7D, 0xEF, 0x9E, 0xF7, 0x7D, 0xEF, 0x7D, 0xEF, 0x5D, 0xEF,
  0x5D, 0xEF, 0x5D, 0xEF, 0x5D, 0xEF, 0x5D, 0xE7, 0x5D, 0xE7, 0x5D, 0xE7, 0x3D, 0xE7, 0x3D, 0xE7,
  0x3D, 0xE7, 0x3D, 0xE7, 0x3D, 0xE7, 0x3C, 0xE7, 0x3C, 0xE7, 0x1C, 0xE7, 0x3C, 0xE7, 0x1C, 0xDF,
  0x00, 0x00, 0x00, 0x00, 0x00, 0x00, 0x00, 0x00, 0xFF, 0xFF, 0xFF, 0xFF, 0x9E, 0xF7, 0x7D, 0xEF,
  0x9E, 0xEF, 0x5D, 0xEF, 0x5D, 0xEF, 0x5D, 0xEF, 0x5D, 0xEF, 0x5D, 0xEF, 0x5D, 0xE7, 0x5D, 0xE7,
  0x5D, 0xE7, 0x3D, 0xE7, 0x3D, 0xE7, 0x3D, 0xE7, 0x3D, 0xE7, 0x3D, 0xE7, 0x3C, 0xE7, 0x3C, 0xE7,
  0x3C, 0xE7, 0x1C, 0xE7, 0x1C, 0xE7, 0x1C, 0xE7, 0x00, 0x00, 0x00, 0x00, 0x00, 0x00, 0xFF, 0xFF,
  0xFF, 0xFF, 0x00, 0x00, 0x00, 0x00, 0x5D, 0xEF, 0x9E, 0xF7, 0x5D, 0xE7, 0x5D, 0xEF, 0x5D, 0xEF,
  0x5D, 0xEF, 0x5D, 0xE7, 0x5D, 0xE7, 0x5D, 0xE7, 0x3D, 0xE7, 0x3D, 0xE7, 0x3D, 0xE7, 0x3D, 0xE7,
  0x3D, 0xE7, 0x3C, 0xE7, 0x3C, 0xE7, 0x1C, 0xE7, 0x1C, 0xE7, 0x1C, 0xE7, 0x1C, 0xE7, 0x1C, 0xDF,
  0x00, 0x00, 0x00, 0x00, 0xFF, 0xFF, 0x00, 0x00, 0x00, 0x00, 0xDF, 0xFF, 0xDF, 0xF7, 0x9E, 0xEF,
  0xBF, 0xF7, 0x9E, 0xEF, 0x9E, 0xEF, 0x7E, 0xEF, 0x5D, 0xE7, 0x5D, 0xE7, 0x5D, 0xE7, 0x3D, 0xE7,
  0x3D, 0xE7, 0x3D, 0xE7, 0x3D, 0xE7, 0x3D, 0xE7, 0x3C, 0xE7, 0x3C, 0xE7, 0x1C, 0xE7, 0x1C, 0xE7,
  0x1C, 0xE7, 0x1C, 0xDF, 0x3D, 0xE7, 0x1C, 0xDF, 0x00, 0x00, 0xFF, 0xFF, 0x00, 0x00, 0x7E, 0xE7,
  0xDF, 0xF7, 0xDF, 0xF7, 0xFF, 0xFF, 0xBF, 0xF7, 0xBF, 0xF7, 0xBF, 0xF7, 0xBF, 0xF7, 0xBF, 0xF7,
  0x9E, 0xEF, 0x7D, 0xEF, 0x3D, 0xE7, 0x3D, 0xE7, 0x3D, 0xE7, 0x3D, 0xE7, 0x3D, 0xE7, 0x3C, 0xE7,
  0x3C, 0xE7, 0x1C, 0xE7, 0x1C, 0xE7, 0x1C, 0xE7, 0x1C, 0xE7, 0x1C, 0xDF, 0x7E, 0xEF, 0x1C, 0xDF,
  0xFF, 0xFF, 0x00, 0x00, 0x9F, 0xEF, 0xDF, 0xF7, 0xFF, 0xFF, 0xBF, 0xF7, 0x9F, 0xEF, 0x9F, 0xEF,
  0xBF, 0xF7, 0xBF, 0xF7, 0xBF, 0xF7, 0xBF, 0xF7, 0xBF, 0xF7, 0xBF, 0xF7, 0x7E, 0xEF, 0x3D, 0xE7,
  0x3D, 0xE7, 0x3D, 0xE7, 0x3C, 0xE7, 0x3C, 0xE7, 0x1C, 0xE7, 0x1C, 0xE7, 0x1C, 0xE7, 0x1C, 0xE7,
  0x1C, 0xDF, 0x1C, 0xDF, 0x1C, 0xE7, 0x1C, 0xE7, 0xFF, 0xFF, 0xBF, 0xF7, 0xBF, 0xF7, 0xFF, 0xFF,
  0x9F, 0xEF, 0xBF, 0xF7, 0xBF, 0xF7, 0xBF, 0xF7, 0xBF, 0xF7, 0xBF, 0xF7, 0xBF, 0xF7, 0xBF, 0xF7,
  0xBF, 0xF7, 0xBF, 0xF7, 0xBF, 0xF7, 0x7E, 0xEF, 0x3C, 0xE7, 0x3D, 0xE7, 0x3C, 0xE7, 0x1C, 0xE7,
  0x1C, 0xE7, 0x1C, 0xE7, 0x1C, 0xE7, 0x1C, 0xDF, 0xFC, 0xDE, 0x7E, 0xEF, 0xFC, 0xDE, 0x00, 0x00,
  0xFF, 0xFF, 0x9F, 0xEF, 0xFF, 0xFF, 0x9E, 0xEF, 0xBF, 0xF7, 0xBF, 0xF7, 0xBF, 0xF7, 0xBF, 0xF7,
  0xBF, 0xF7, 0xBF, 0xF7, 0xBF, 0xF7, 0xBF, 0xF7, 0xBF, 0xF7, 0xBF, 0xF7, 0xBF, 0xF7, 0xBF, 0xF7,
  0x5D, 0xE7, 0x1C, 0xE7, 0x1C, 0xE7, 0x1C, 0xE7, 0x1C, 0xE7, 0x1C, 0xE7, 0x1C, 0xDF, 0xFC, 0xDE,
  0x3C, 0xE7, 0x3D, 0xE7, 0xFC, 0xDE, 0xFF, 0xFF, 0xBF, 0xF7, 0xFF, 0xFF, 0x9F, 0xEF, 0xBF, 0xF7,
  0xBF, 0xF7, 0xBF, 0xF7, 0xBF, 0xF7, 0xBF, 0xF7, 0xBF, 0xF7, 0xBF, 0xF7, 0xBF, 0xF7, 0xBF, 0xF7,
  0xBF, 0xF7, 0xBF, 0xF7, 0xBF, 0xF7, 0xBF, 0xF7, 0x9E, 0xEF, 0x1C, 0xE7, 0x1C, 0xE7, 0x1C, 0xE7,
  0x1C, 0xE7, 0x1C, 0xDF, 0x1C, 0xDF, 0x1C, 0xE7, 0x5D, 0xEF, 0xFB, 0xDE, 0x00, 0x00, 0xFF, 0xFF,
  0xBF, 0xF7, 0xFF, 0xFF, 0x9F, 0xEF, 0x9F, 0xEF, 0x9F, 0xEF, 0x9F, 0xEF, 0x9F, 0xEF, 0x9F, 0xEF,
  0x9F, 0xEF, 0x9F, 0xEF, 0x9F, 0xEF, 0x9F, 0xEF, 0x9F, 0xEF, 0x9F, 0xEF, 0x9F, 0xEF, 0x9F, 0xEF,
  0x9F, 0xEF, 0x3D, 0xE7, 0x1C, 0xDF, 0x1C, 0xE7, 0x1C, 0xDF, 0x1C, 0xDF, 0x7E, 0xEF, 0x3D, 0xE7,
  0xFB, 0xDE, 0x00, 0x00, 0xFF, 0xFF, 0x00, 0x00, 0xBF, 0xEF, 0xFF, 0xFF, 0xBF, 0xF7, 0xDF, 0xF7,
  0xDF, 0xF7, 0xDF, 0xF7, 0xDF, 0xF7, 0xDF, 0xF7, 0xDF, 0xF7, 0xDF, 0xF7, 0xDF, 0xF7, 0xDF, 0xF7,
  0xDF, 0xF7, 0xDF, 0xF7, 0xDF, 0xF7, 0xDF, 0xF7, 0xDF, 0xF7, 0x7E, 0xEF, 0x3D, 0xE7, 0x5D, 0xEF,
  0x9E, 0xEF, 0x3D, 0xE7, 0x3D, 0xE7, 0xFB, 0xD6, 0x00, 0x00, 0xFF, 0xFF, 0x00, 0x00, 0x00, 0x00,
  0xBF, 0xF7, 0xBF, 0xF7, 0x9F, 0xF7, 0xBF, 0xF7, 0xBF, 0xF7, 0xBF, 0xF7, 0xBF, 0xF7, 0xBF, 0xF7,
  0xBF, 0xF7, 0xBF, 0xF7, 0xBF, 0xF7, 0xBF, 0xF7, 0xBF, 0xF7, 0xBF, 0xF7, 0xBF, 0xF7, 0xBF, 0xF7,
  0xBF, 0xF7, 0x5D, 0xE7, 0xFC, 0xDE, 0x3C, 0xE7, 0x3C, 0xE7, 0x1C, 0xE7, 0x00, 0x00, 0x00, 0x00,
  0xFF, 0xBD, 0x00, 0x00, 0x00, 0x00, 0x00, 0x00, 0x9E, 0xF7, 0x7F, 0xEF, 0x7F, 0xEF, 0x7F, 0xEF,
  0x7F, 0xEF, 0x7F, 0xEF, 0x7F, 0xEF, 0x7F, 0xEF, 0x7F, 0xEF, 0x7F, 0xEF, 0x7F, 0xEF, 0x7F, 0xEF,
  0x7F, 0xEF, 0x7F, 0xEF, 0x7F, 0xEF, 0x7F, 0xEF, 0xFF, 0xEF, 0x7D, 0xEF, 0x3C, 0xE7, 0x00, 0x00,
  0x00, 0x00, 0x00, 0x00, 0xFF, 0x7F, 0xFF, 0xFF, 0x00, 0x00, 0xFF, 0x07, 0x00, 0x00, 0x00, 0x00,
  0x00, 0x00, 0x00, 0x00, 0x00, 0x00, 0x00, 0x00, 0x00, 0x00, 0x00, 0x00, 0x00, 0x00, 0x00, 0x00,
  0x00, 0x00, 0x00, 0x00, 0x00, 0x00, 0x00, 0x00, 0x00, 0x00, 0x00, 0x00, 0x00, 0x00, 0x00, 0x00,
  0x00, 0x00, 0x00, 0x00, 0x00, 0x00, 0xFF, 0xFF, 0xFF, 0xFF, 0xFF, 0xAF, 0x00, 0x00, 0xFF, 0x3B,
  0x9C, 0x3B, 0x00, 0x00, 0xFF, 0x07, 0x00, 0x00, 0xFF, 0xFF, 0xFF, 0xFF, 0xFF, 0xFF, 0xFF, 0xFF,
  0xFF, 0xFF, 0xFF, 0xFF, 0xFF, 0xFF, 0xFF, 0xFF, 0xFF, 0xFF, 0xFF, 0xFF, 0xFF, 0xFF, 0xFF, 0xFF,
  0xFF, 0xFF, 0xFF, 0xFF, 0xFF, 0xFF, 0xFF, 0xFF, 0xFF, 0xFF, 0xFF, 0xFF, 0xFF, 0xFF, 0x00, 0x00,
  0xFF, 0x07, 0xEF, 0x03, 0x5F, 0x55, 0x3E, 0x44, 0x3E, 0x44, 0xFF, 0x3B, 0x00, 0x00, 0xFF, 0x07,
  0x00, 0x00, 0x00, 0x00, 0x00, 0x00, 0x00, 0x00, 0x00, 0x00, 0x00, 0x00, 0x00, 0x00, 0x00, 0x00,
  0x00, 0x00, 0x00, 0x00, 0x00, 0x00, 0x00, 0x00, 0x00, 0x00, 0x00, 0x00, 0x00, 0x00, 0x00, 0x00,
  0x00, 0x00, 0x00, 0x00, 0x00, 0x00, 0x00, 0x00, 0xFF, 0x03, 0xFF, 0x07, 0x3E, 0x44, 0x7F, 0x44,
  0x7F, 0x44, 0x1E, 0x44, 0x9B, 0x4C, 0xFF, 0x7B, 0x00, 0x00, 0x00, 0x00, 0x00, 0x00, 0x00, 0x00,
  0x00, 0x00, 0x00, 0x00, 0x00, 0x00, 0x00, 0x00, 0x00, 0x00, 0x00, 0x00, 0x00, 0x00, 0x00, 0x00,
  0x00, 0x00, 0x00, 0x00, 0x00, 0x00, 0x00, 0x00, 0x00, 0x00, 0x00, 0x00, 0x00, 0x00, 0xFF, 0x03,
  0x00, 0x00, 0x3E, 0x44, 0x3F, 0x44, 0x3E, 0x44, 0x3E, 0x44, 0x7F, 0x44, 0x1E, 0x44, 0x00, 0x00,
  0x00, 0x00, 0x00, 0x00, 0x00, 0x00, 0x00, 0x00, 0x00, 0x00, 0x00, 0x00, 0x00, 0x00, 0x00, 0x00,
  0x00, 0x00, 0x00, 0x00, 0x00, 0x00, 0x00, 0x00, 0x00, 0x00, 0x00, 0x00, 0x00, 0x00, 0x00, 0x00,
  0x00, 0x00, 0x00, 0x00, 0x00, 0x00, 0xFF, 0x07, 0x00, 0x00, 0x3E, 0x3C, 0x3E, 0x44, 0x5F, 0x44,
  0x3E, 0x44, 0x3F, 0x44, 0x3E, 0x44, 0x00, 0x00, 0x00, 0x00, 0x00, 0x00, 0x00, 0x00, 0x00, 0x00,
  0x00, 0x00, 0x00, 0x00, 0x00, 0x00, 0x00, 0x00, 0x00, 0x00, 0x00, 0x00, 0x00, 0x00, 0x00, 0x00,
  0x00, 0x00, 0x00, 0x00, 0x00, 0x00, 0x00, 0x00, 0x00, 0x00, 0x00, 0x00, 0x00, 0x00, 0x00, 0x00,
  0xFF, 0x7B, 0x00, 0x00, 0x3E, 0x44, 0x5F, 0x44, 0x5F, 0x44, 0x3E, 0x44, 0x00, 0x00, 0xFF, 0x7B,
  0x00, 0x00, 0x00, 0x00, 0x00, 0x00, 0x00, 0x00, 0x00, 0x00, 0x03, 0x00, 0x00, 0x41, 0x97, 0xD4,
  0xF5, 0xFF, 0xF4, 0xD4, 0x97, 0x3E, 0x00, 0x00, 0x03, 0x00, 0x00, 0x00, 0x00, 0x00, 0x00, 0x00,
  0x00, 0x00, 0x00, 0x00, 0x00, 0x03, 0x00, 0x2C, 0xB3, 0xFD, 0xFF, 0xFF, 0xFF, 0xFF, 0xFF, 0xFF,
  0xFF, 0xFC, 0xB2, 0x2D, 0x00, 0x03, 0x00, 0x00, 0x00, 0x00, 0x00, 0x00, 0x00, 0x00, 0x00, 0x00,
  0x03, 0x00, 0x59, 0xF4, 0xFF, 0xFE, 0xFC, 0xFE, 0xFF, 0xFF, 0xFF, 0xFE, 0xFC, 0xFF, 0xFF, 0xF4,
  0x5A, 0x00, 0x03, 0x00, 0x00, 0x00, 0x00, 0x00, 0x00, 0x00, 0x00, 0x03, 0x00, 0x59, 0xFF, 0xFF,
  0xFB, 0xFF, 0xFF, 0xFF, 0xFF, 0xFF, 0xFF, 0xFF, 0xFF, 0xFF, 0xFB, 0xFF, 0xFF, 0x58, 0x00, 0x03,
  0x00, 0x00, 0x00, 0x00, 0x00, 0x00, 0x02, 0x01, 0x2A, 0xF6, 0xFD, 0xFD, 0xFF, 0xFF, 0xFF, 0xFF,
  0xFF, 0xFF, 0xFF, 0xFF, 0xFF, 0xFF, 0xFF, 0xFD, 0xFD, 0xF6, 0x29, 0x01, 0x00, 0x00, 0x00, 0x00,
  0x00, 0x00, 0x02, 0x00, 0xB9, 0xFF, 0xFC, 0xFF, 0xFF, 0xFF, 0xFF, 0xFF, 0xFF, 0xFF, 0xFF, 0xFF,
  0xFF, 0xFF, 0xFF, 0xFF, 0xFC, 0xFF, 0xB7, 0x00, 0x00, 0x00, 0x00, 0x00, 0x00, 0x03, 0x00, 0x37,
  0xFF, 0xFD, 0xFF, 0xFF, 0xFF, 0xFF, 0xFF, 0xFF, 0xFF, 0xFF, 0xFF, 0xFF, 0xFF, 0xFF, 0xFF, 0xFF,
  0xFF, 0xFD, 0xFE, 0x3D, 0x00, 0x00, 0x00, 0x00, 0x00, 0x04, 0x00, 0x90, 0xFF, 0xFB, 0xFF, 0xFF,
  0xFF, 0xFF, 0xFF, 0xFF, 0xFF, 0xFF, 0xFF, 0xFF, 0xFF, 0xFF, 0xFF, 0xFF, 0xFF, 0xFC, 0xFF, 0x99,
  0x00, 0x00, 0x00, 0x00, 0x00, 0x01, 0x01, 0xCA, 0xFF, 0xFC, 0xFF, 0xFF, 0xFF, 0xFF, 0xFF, 0xFF,
  0xFF, 0xFF, 0xFF, 0xFF, 0xFF, 0xFF, 0xFF, 0xFF, 0xFF, 0xFD, 0xFF, 0xD7, 0x00, 0x00, 0x00, 0x00,
  0x01, 0x00, 0x0A, 0xE5, 0xFF, 0xFD, 0xFF, 0xFF, 0xFF, 0xFF, 0xFF, 0xFF, 0xFF, 0xFF, 0xFF, 0xFF,
  0xFF, 0xFF, 0xFF, 0xFF, 0xFF, 0xFF, 0xFF, 0xF5, 0x00, 0x00, 0x00, 0x00, 0x01, 0x02, 0x14, 0xF0,
  0xFF, 0xFE, 0xFF, 0xFF, 0xFF, 0xFF, 0xFF, 0xFF, 0xFF, 0xFF, 0xFF, 0xFF, 0xFF, 0xFF, 0xFF, 0xFF,
  0xFF, 0xFF, 0xFF, 0xFF, 0x00, 0x00, 0x00, 0x01, 0x04, 0x00, 0x00, 0xE1, 0xFF, 0xFE, 0xFF, 0xFF,
  0xFF, 0xFF, 0xFF, 0xFF, 0xFF, 0xFF, 0xFF, 0xFF, 0xFF, 0xFF, 0xFF, 0xFF, 0xFF, 0xFF, 0xFF, 0xF4,
  0x00, 0x00, 0x02, 0x00, 0x00, 0x28, 0x75, 0xEC, 0xFE, 0xFE, 0xFF, 0xFF, 0xFF, 0xFF, 0xFF, 0xFF,
  0xFF, 0xFF, 0xFF, 0xFF, 0xFF, 0xFF, 0xFF, 0xFF, 0xFF, 0xFD, 0xFF, 0xD8, 0x00, 0x03, 0x00, 0x1B,
  0xA0, 0xF9, 0xFF, 0xFF, 0xFF, 0xFF, 0xFF, 0xFF, 0xFF, 0xFF, 0xFF, 0xFF, 0xFF, 0xFF, 0xFF, 0xFF,
  0xFF, 0xFF, 0xFF, 0xFF, 0xFF, 0xFC, 0xFF, 0x99, 0x02, 0x00, 0x37, 0xE2, 0xFF, 0xFF, 0xFB, 0xFF,
  0xFF, 0xFF, 0xFF, 0xFF, 0xFF, 0xFF, 0xFF, 0xFF, 0xFF, 0xFF, 0xFF, 0xFF, 0xFF, 0xFF, 0xFF, 0xFF,
  0xFF, 0xFE, 0xFD, 0x3A, 0x01, 0x1F, 0xEC, 0xFF, 0xFA, 0xFE, 0xFF, 0xFF, 0xFF, 0xFF, 0xFF, 0xFF,
  0xFF, 0xFF, 0xFF, 0xFF, 0xFF, 0xFF, 0xFF, 0xFF, 0xFF, 0xFF, 0xFF, 0xFF, 0xFC, 0xFF, 0xB6, 0x00,
  0x02, 0xB8, 0xFF, 0xFB, 0xFF, 0xFF, 0xFF, 0xFF, 0xFF, 0xFF, 0xFF, 0xFF, 0xFF, 0xFF, 0xFF, 0xFF,
  0xFF, 0xFF, 0xFF, 0xFF, 0xFF, 0xFF, 0xFF, 0xFD, 0xFD, 0xF6, 0x29, 0x01, 0x4B, 0xFF, 0xFD, 0xFF,
  0xFF, 0xFF, 0xFF, 0xFF, 0xFF, 0xFF, 0xFF, 0xFF, 0xFF, 0xFF, 0xFF, 0xFF, 0xFF, 0xFF, 0xFF, 0xFF,
  0xFF, 0xFF, 0xFB, 0xFF, 0xFF, 0x59, 0x00, 0x03, 0xAB, 0xFD, 0xFB, 0xFE, 0xFE, 0xFE, 0xFE, 0xFE,
  0xFE, 0xFE, 0xFE, 0xFE, 0xFE, 0xFE, 0xFE, 0xFE, 0xFE, 0xFE, 0xFE, 0xFC, 0xFB, 0xFD, 0xFF, 0xF3,
  0x59, 0x00, 0x03, 0x00, 0xE8, 0xFF, 0xFF, 0xFF, 0xFF, 0xFF, 0xFF, 0xFF, 0xFF, 0xFF, 0xFF, 0xFF,
  0xFF, 0xFF, 0xFF, 0xFF, 0xFF, 0xFF, 0xFF, 0xFF, 0xFF, 0xFF, 0xB6, 0x2D, 0x00, 0x03, 0x00, 0x00,
  0xEB, 0xEF, 0xEF, 0xEF, 0xEF, 0xEF, 0xEF, 0xEF, 0xEF, 0xEF, 0xEF, 0xEF, 0xEF, 0xEF, 0xEF, 0xEF,
  0xEF, 0xEF, 0xE5, 0xC6, 0x8E, 0x3D, 0x00, 0x00, 0x04, 0x00, 0x00, 0x00, 0x11, 0x10, 0x10, 0x10,
  0x10, 0x10, 0x10, 0x10, 0x10, 0x10, 0x10, 0x10, 0x10, 0x10, 0x10, 0x10, 0x10, 0x10, 0x0B, 0x00,
  0x00, 0x00, 0x02, 0x01, 0x00, 0x01, 0x00, 0x00, 0x00, 0x00, 0x00, 0x00, 0x00, 0x00, 0x00, 0x00,
  0x00, 0x00, 0x00, 0x00, 0x00, 0x00, 0x00, 0x00, 0x00, 0x00, 0x00, 0x01, 0x03, 0x03, 0x00, 0x04,
  0x09, 0x00, 0x01, 0x00, 0x01, 0x01, 0x01, 0x01, 0x01, 0x01, 0x01, 0x01, 0x01, 0x01, 0x01, 0x01,
  0x01, 0x01, 0x01, 0x01, 0x01, 0x01, 0x01, 0x00, 0x01, 0x02, 0x03, 0xAF, 0xC6, 0x0C, 0x00, 0x01,
  0x00, 0x00, 0x00, 0x00, 0x00, 0x00, 0x00, 0x00, 0x00, 0x00, 0x00, 0x00, 0x00, 0x00, 0x00, 0x00,
  0x00, 0x00, 0x00, 0x00, 0x02, 0x01, 0x9E, 0xFF, 0xFF, 0xBA, 0x07, 0x02, 0x00, 0x00, 0x00, 0x00,
  0x00, 0x00, 0x00, 0x00, 0x00, 0x00, 0x00, 0x00, 0x00, 0x00, 0x00, 0x00, 0x00, 0x00, 0x00, 0x02,
  0x00, 0x22, 0xFF, 0xFC, 0xFA, 0xFF, 0x3C, 0x00, 0x00, 0x00, 0x00, 0x00, 0x00, 0x00, 0x00, 0x00,
  0x00, 0x00, 0x00, 0x00, 0x00, 0x00, 0x00, 0x00, 0x00, 0x00, 0x00, 0x01, 0x00, 0x15, 0xED, 0xFF,
  0xFF, 0xFC, 0x28, 0x00, 0x00, 0x00, 0x00, 0x00, 0x00, 0x00, 0x00, 0x00, 0x00, 0x00, 0x00, 0x00,
  0x00, 0x00, 0x00, 0x00, 0x00, 0x00, 0x00, 0x00, 0x02, 0x00, 0x58, 0xED, 0xF3, 0x70, 0x00, 0x02
};

const lv_image_dsc_t wi_drizzle = {
  .header = { .magic = LV_IMAGE_HEADER_MAGIC, .cf = LV_COLOR_FORMAT_RGB565A8,
               .flags = 0, .w = 28, .h = 28, .stride = 56 },
  .data_size = sizeof(wi_drizzle_map), .data = wi_drizzle_map,
};

static const uint8_t wi_showers_map[] = {
  0x00, 0x00, 0x00, 0x00, 0x00, 0x00, 0x00, 0x00, 0x00, 0x00, 0x00, 0x00, 0x00, 0x00, 0x00, 0x00,
  0x00, 0x00, 0x00, 0x00, 0xFF, 0xFF, 0x00, 0x00, 0x00, 0x00, 0x9E, 0xEF, 0x9E, 0xF7, 0x9E, 0xEF,
  0x7D, 0xEF, 0x7D, 0xEF, 0x7D, 0xEF, 0x9E, 0xEF, 0x9E, 0xEF, 0x7E, 0xEF, 0x00, 0x00, 0x00, 0x00,
  0xFF, 0xFF, 0x00, 0x00, 0x00, 0x00, 0x00, 0x00, 0x00, 0x00, 0x00, 0x00, 0x00, 0x00, 0x00, 0x00,
  0x00, 0x00, 0x00, 0x00, 0x00, 0x00, 0x00, 0x00, 0x00, 0x00, 0xFF, 0xFF, 0x00, 0x00, 0x7D, 0xE7,
  0xBE, 0xF7, 0x9E, 0xF7, 0xDF, 0xFF, 0xBE, 0xF7, 0x7E, 0xEF, 0x7D, 0xEF, 0x7D, 0xEF, 0x9E, 0xEF,
  0xBF, 0xF7, 0x7E, 0xEF, 0x7E, 0xEF, 0x5D, 0xE7, 0x00, 0x00, 0xFF, 0xFF, 0x00, 0x00, 0x00, 0x00,
  0x00, 0x00, 0x00, 0x00, 0x00, 0x00, 0x00, 0x00, 0x00, 0x00, 0x00, 0x00, 0x00, 0x00, 0x00, 0x00,
  0xFF, 0xFF, 0x00, 0x00, 0x7D, 0xEF, 0xBE, 0xF7, 0xFF, 0xFF, 0x7D, 0xEF, 0x7D, 0xEF, 0x7D, 0xEF,
  0x7D, 0xEF, 0x7D, 0xEF, 0x5D, 0xEF, 0x5D, 0xEF, 0x5D, 0xE7, 0x5D, 0xE7, 0xDF, 0xF7, 0x9E, 0xEF,
  0x3D, 0xE7, 0x00, 0x00, 0xFF, 0xFF, 0x00, 0x00, 0x00, 0x00, 0x00, 0x00, 0x00, 0x00, 0x00, 0x00,
  0x00, 0x00, 0x00, 0x00, 0x00, 0x00, 0xFF, 0xFF, 0x00, 0x00, 0x5D, 0xEF, 0xDF, 0xFF, 0x9E, 0xF7,
  0x7D, 0xEF, 0x7D, 0xEF, 0x7D, 0xEF, 0x7D, 0xEF, 0x7D, 0xEF, 0x5D, 0xEF, 0x5D, 0xEF, 0x5D, 0xEF,
  0x5D, 0xEF, 0x5D, 0xE7, 0x3D, 0xE7, 0x5D, 0xEF, 0x9E, 0xF7, 0x1C, 0xE7, 0x00, 0x00, 0xFF, 0xFF,
  0x00, 0x00, 0x00, 0x00, 0x00, 0x00, 0x00, 0x00, 0x00, 0x00, 0x00, 0x00, 0xFF, 0xFF, 0xFF, 0xFF,
  0x9E, 0xEF, 0xBE, 0xF7, 0x9E, 0xF7, 0x7D, 0xEF, 0x7D, 0xEF, 0x7D, 0xEF, 0x7D, 0xEF, 0x7D, 0xEF,
  0x5D, 0xEF, 0x5D, 0xEF, 0x5D, 0xEF, 0x5D, 0xEF, 0x5D, 0xE7, 0x5D, 0xE7, 0x5D, 0xE7, 0x3D, 0xE7,
  0x5D, 0xEF, 0x5D, 0xEF, 0x3C, 0xE7, 0xFF, 0xFF, 0x00, 0x00, 0x00, 0x00, 0x00, 0x00, 0x00, 0x00,
  0x00, 0x00, 0x00, 0x00, 0xFF, 0xFF, 0x00, 0x00, 0x7D, 0xEF, 0xFF, 0xFF, 0x7D, 0xEF, 0x7D, 0xEF,
  0x7D, 0xEF, 0x7D, 0xEF, 0x7D, 0xEF, 0x5D, 0xEF, 0x5D, 0xEF, 0x5D, 0xEF, 0x5D, 0xEF, 0x5D, 0xE7,
  0x5D, 0xE7, 0x5D, 0xE7, 0x5D, 0xE7, 0x3D, 0xE7, 0x3C, 0xE7, 0xBE, 0xF7, 0x3C, 0xE7, 0x00, 0x00,
  0x00, 0x00, 0x00, 0x00, 0x00, 0x00, 0x00, 0x00, 0x00, 0x00, 0xFF, 0xFF, 0x00, 0x00, 0x7E, 0xEF,
  0xBE, 0xF7, 0x7D, 0xEF, 0x7D, 0xEF, 0x7D, 0xEF, 0x7D, 0xEF, 0x7D, 0xEF, 0x5D, 0xEF, 0x5D, 0xEF,
  0x5D, 0xEF, 0x5D, 0xEF, 0x5D, 0xE7, 0x5D, 0xE7, 0x5D, 0xE7, 0x5D, 0xE7, 0x3D, 0xE7, 0x3D, 0xE7,
  0x3D, 0xE7, 0x3D, 0xE7, 0x5D, 0xE7, 0x3C, 0xE7, 0x00, 0x00, 0x00, 0x00, 0x00, 0x00, 0x00, 0x00,
  0x00, 0x00, 0xFF, 0xFF, 0x00, 0x00, 0x7D, 0xEF, 0xFF, 0xFF, 0x7D, 0xEF, 0x7D, 0xEF, 0x7D, 0xEF,
  0x7D, 0xEF, 0x5D, 0xEF, 0x5D, 0xEF, 0x5D, 0xEF, 0x5D, 0xEF, 0x5D, 0xEF, 0x5D, 0xEF, 0x3D, 0xE7,
  0x3D, 0xE7, 0x3D, 0xE7, 0x3D, 0xE7, 0x3D, 0xE7, 0x3D, 0xE7, 0x3C, 0xE7, 0x7E, 0xEF, 0x3C, 0xE7,
  0x00, 0x00, 0x00, 0x00, 0x00, 0x00, 0x00, 0x00, 0x00, 0x00, 0xFF, 0xFF, 0xFF, 0xFF, 0x7D, 0xEF,
  0xDF, 0xF7, 0x7D, 0xEF, 0x7D, 0xEF, 0x7D, 0xEF, 0x5D, 0xEF, 0x5D, 0xEF, 0x5D, 0xEF, 0x7D, 0xEF,
  0x3E, 0xAE, 0xFE, 0x9D, 0x5D, 0xEF, 0x5D, 0xE7, 0x3D, 0xE7, 0x3D, 0xE7, 0x5C, 0xEF, 0x3E, 0xA6,
  0xFE, 0x9D, 0x3C, 0xE7, 0x5D, 0xEF, 0x1C, 0xE7, 0x00, 0x00, 0x00, 0x00, 0x00, 0x00, 0x00, 0x00,
  0xFF, 0xFF, 0x00, 0x00, 0xFF, 0xFF, 0x7D, 0xEF, 0x9E, 0xF7, 0x7D, 0xEF, 0x7D, 0xEF, 0x5D, 0xEF,
  0x5D, 0xEF, 0x5D, 0xE7, 0x7D, 0xEF, 0x5E, 0xB6, 0x5F, 0x75, 0x3F, 0x75, 0x1E, 0xA6, 0x5D, 0xE7,
  0x3D, 0xE7, 0x5C, 0xEF, 0x5E, 0xAE, 0x5F, 0x75, 0x5F, 0x75, 0xFE, 0xA5, 0x3C, 0xE7, 0x1C, 0xDF,
  0x00, 0x00, 0x00, 0x00, 0x00, 0x00, 0x00, 0x00, 0xFF, 0xFF, 0xFF, 0xFF, 0x9E, 0xF7, 0x7D, 0xEF,
  0x9E, 0xEF, 0x5D, 0xEF, 0x5D, 0xEF, 0x5D, 0xEF, 0x5D, 0xE7, 0x5D, 0xEF, 0x1D, 0xDF, 0x7F, 0x7D,
  0x7F, 0x7D, 0x7F, 0x7D, 0x5F, 0x75, 0xDD, 0xCE, 0x5C, 0xEF, 0xFD, 0xDE, 0x7E, 0x7D, 0x7F, 0x7D,
  0x7F, 0x7D, 0x5F, 0x75, 0xBD, 0xCE, 0x3C, 0xE7, 0x00, 0x00, 0x00, 0x00, 0x00, 0x00, 0xFF, 0xFF,
  0xFF, 0xFF, 0x00, 0x00, 0x00, 0x00, 0x7D, 0xEF, 0x9E, 0xF7, 0x5D, 0xE7, 0x5D, 0xEF, 0x5D, 0xE7,
  0x5D, 0xE7, 0x5D, 0xEF, 0x3D, 0xDF, 0x7F, 0x85, 0x5F, 0x7D, 0x7F, 0x7D, 0x5F, 0x75, 0xDD, 0xCE,
  0x5C, 0xEF, 0xFD, 0xDE, 0x7F, 0x85, 0x5F, 0x7D, 0x7F, 0x7D, 0x5F, 0x75, 0xBD, 0xCE, 0x1C, 0xE7,
  0x00, 0x00, 0x00, 0x00, 0xFF, 0xFF, 0x00, 0x00, 0x00, 0x00, 0xDF, 0xFF, 0xBF, 0xF7, 0x9E, 0xF7,
  0xBE, 0xF7, 0x9E, 0xEF, 0x9E, 0xEF, 0x7E, 0xEF, 0x5D, 0xE7, 0x3D, 0xE7, 0x5D, 0xEF, 0x7E, 0xBE,
  0x7F, 0x7D, 0x5F, 0x7D, 0x3E, 0xAE, 0x3D, 0xE7, 0x3C, 0xE7, 0x3C, 0xE7, 0x7D, 0xBE, 0x7F, 0x7D,
  0x5F, 0x7D, 0x1E, 0xA6, 0x5D, 0xE7, 0x1C, 0xDF, 0x00, 0x00, 0xFF, 0xFF, 0x00, 0x00, 0x7D, 0xE7,
  0xDF, 0xFF, 0xDF, 0xF7, 0xFF, 0xFF, 0xBE, 0xF7, 0x9E, 0xF7, 0xBE, 0xF7, 0xBE, 0xF7, 0xBF, 0xF7,
  0xBF, 0xF7, 0x7E, 0xEF, 0x3D, 0xE7, 0x5D, 0xEF, 0x1D, 0xDF, 0xFD, 0xD6, 0x3C, 0xE7, 0x3C, 0xE7,
  0x3C, 0xE7, 0x1C, 0xE7, 0x3C, 0xE7, 0xFC, 0xD6, 0xDD, 0xD6, 0x1C, 0xE7, 0x7E, 0xEF, 0x1C, 0xDF,
  0xFF, 0xFF, 0x00, 0x00, 0x9E, 0xF7, 0xDF, 0xFF, 0xFF, 0xFF, 0x9E, 0xF7, 0x9E, 0xF7, 0x9E, 0xF7,
  0x9E, 0xF7, 0xBE, 0xF7, 0xBE, 0xF7, 0xBF, 0xF7, 0xDF, 0xFF, 0xDF, 0xFF, 0x9E, 0xF7, 0x3D, 0xE7,
  0x3D, 0xE7, 0x3C, 0xE7, 0x3C, 0xE7, 0x3C, 0xE7, 0x1C, 0xE7, 0x1C, 0xE7, 0x1C, 0xDF, 0x1C, 0xE7,
  0x1C, 0xE7, 0xFC, 0xDE, 0x1C, 0xE7, 0x1C, 0xE7, 0xFF, 0xFF, 0xBE, 0xF7, 0xBE, 0xF7, 0xFF, 0xFF,
  0x9E, 0xEF, 0x9E, 0xF7, 0x9E, 0xF7, 0x9E, 0xF7, 0x9E, 0xF7, 0xBE, 0xF7, 0xBE, 0xF7, 0xBF, 0xF7,
  0xDF, 0xF7, 0xDF, 0xFF, 0xFF, 0xFF, 0x9E, 0xF7, 0x1D, 0xE7, 0x1D, 0xDF, 0x3C, 0xE7, 0x1C, 0xE7,
  0x1C, 0xE7, 0x1C, 0xE7, 0x1C, 0xE7, 0x1C, 0xDF, 0xFC, 0xDE, 0x9E, 0xF7, 0xFC, 0xDE, 0x00, 0x00,
  0xFF, 0xFF, 0x9E, 0xEF, 0xFF, 0xFF, 0x9E, 0xF7, 0x9E, 0xF7, 0x9E, 0xF7, 0x9E, 0xF7, 0x9E, 0xF7,
  0x9E, 0xF7, 0xBE, 0xF7, 0xBE, 0xF7, 0xBF, 0xF7, 0xDF, 0xF7, 0xDF, 0xFF, 0xFF, 0xFF, 0xFF, 0xFF,
  0x1E, 0x9E, 0xBE, 0x95, 0x1C, 0xE7, 0x3C, 0xE7, 0x1C, 0xE7, 0x1C, 0xE7, 0x1C, 0xE7, 0xFE, 0x9D,
  0xDE, 0x95, 0x3D, 0xE7, 0xFB, 0xDE, 0xFF, 0x07, 0xBE, 0xF7, 0xDF, 0xFF, 0x9E, 0xF7, 0x9E, 0xF7,
  0x9E, 0xF7, 0x9E, 0xF7, 0x9E, 0xF7, 0x9E, 0xF7, 0x9E, 0xF7, 0xBE, 0xF7, 0xBE, 0xF7, 0xBE, 0xF7,
  0xDF, 0xF7, 0xDF, 0xFF, 0xFF, 0xFF, 0x7F, 0xB6, 0x3F, 0x75, 0x5F, 0x75, 0xDE, 0x95, 0x1C, 0xE7,
  0x1C, 0xDF, 0x1C, 0xE7, 0x1D, 0xA6, 0x3F, 0x75, 0x9F, 0x7D, 0x7E, 0x85, 0xFF, 0x3B, 0xFF, 0x7B,
  0x9E, 0xF7, 0xFF, 0xFF, 0x9E, 0xF7, 0x9E, 0xF7, 0x9E, 0xF7, 0x9E, 0xF7, 0x9E, 0xF7, 0x9E, 0xF7,
  0x9E, 0xF7, 0x9E, 0xF7, 0xBE, 0xF7, 0xBE, 0xF7, 0xBF, 0xF7, 0xDF, 0xFF, 0x9F, 0xEF, 0x7E, 0x7D,
  0x5E, 0x7D, 0x7E, 0x7D, 0x3F, 0x75, 0x9D, 0xC6, 0x3C, 0xE7, 0xDC, 0xD6, 0x7F, 0x7D, 0x5E, 0x7D,
  0x7E, 0x7D, 0xBF, 0x85, 0x5E, 0x7D, 0x00, 0x00, 0x9E, 0xF7, 0xDF, 0xFF, 0xBE, 0xF7, 0xBF, 0xF7,
  0xBF, 0xF7, 0xBF, 0xF7, 0xBF, 0xF7, 0xBF, 0xF7, 0xBF, 0xF7, 0xDF, 0xF7, 0xDF, 0xFF, 0xDF, 0xFF,
  0xFF, 0xFF, 0xFF, 0xFF, 0xDF, 0xF7, 0xBF, 0x8D, 0x7F, 0x7D, 0x7F, 0x7D, 0x7F, 0x7D, 0x1E, 0xD7,
  0xBE, 0xF7, 0xFC, 0xDE, 0x9E, 0x85, 0x9F, 0x7D, 0x9F, 0x7D, 0xBF, 0x85, 0x7F, 0x7D, 0x00, 0x00,
  0x9E, 0xF7, 0x9E, 0xF7, 0x9E, 0xF7, 0x9E, 0xF7, 0x9E, 0xF7, 0x9E, 0xF7, 0x9E, 0xF7, 0xBE, 0xF7,
  0x9E, 0xF7, 0xBE, 0xF7, 0xBE, 0xF7, 0xBE, 0xF7, 0xBF, 0xF7, 0xBF, 0xF7, 0xFF, 0xFF, 0x1F, 0xD7,
  0x7F, 0x85, 0x5F, 0x7D, 0x3D, 0xAE, 0x3C, 0xE7, 0x3D, 0xE7, 0x3B, 0xEF, 0x7E, 0x7D, 0x9F, 0x7D,
  0x9F, 0x7D, 0x5F, 0x7D, 0x00, 0x00, 0xFF, 0x7B, 0x9E, 0xF7, 0x7D, 0xEF, 0x7F, 0xEF, 0x7D, 0xEF,
  0x7F, 0xEF, 0x7D, 0xEF, 0x7D, 0xEF, 0x7D, 0xEF, 0x7D, 0xEF, 0x7F, 0xEF, 0xFF, 0xEF, 0xFF, 0xFF,
  0xFF, 0xFF, 0xFF, 0xFF, 0x7F, 0xEF, 0xFF, 0xFF, 0xFF, 0xCE, 0xBE, 0x85, 0xFA, 0xFF, 0x00, 0x00,
  0x00, 0x00, 0x00, 0x00, 0x00, 0x00, 0xFB, 0x7C, 0x1D, 0x6D, 0x00, 0x00, 0x00, 0x00, 0x00, 0x00,
  0x00, 0x00, 0x00, 0x00, 0x00, 0x00, 0x00, 0x00, 0x00, 0x00, 0x00, 0x00, 0x00, 0x00, 0x00, 0x00,
  0x00, 0x00, 0x00, 0x00, 0x00, 0x00, 0x00, 0x00, 0x00, 0x00, 0x00, 0x00, 0x00, 0x00, 0x00, 0x00,
  0x00, 0x00, 0xFF, 0x7B, 0x00, 0x00, 0xFF, 0x7B, 0xFF, 0xFF, 0xFF, 0xFF, 0xFF, 0x7B, 0xFF, 0x7B,
  0xDF, 0x64, 0x00, 0x00, 0xFF, 0xFF, 0x00, 0x00, 0xFF, 0xFF, 0xFF, 0xFF, 0xFF, 0xFF, 0xFF, 0xFF,
  0xFF, 0xFF, 0xFF, 0xFF, 0xFF, 0xFF, 0xFF, 0xFF, 0xFF, 0xFF, 0xFF, 0xFF, 0xFF, 0xFF, 0xFF, 0xFF,
  0xFF, 0xFF, 0xFF, 0x7F, 0x5F, 0xAD, 0xFF, 0x7D, 0x7F, 0x7D, 0x7F, 0x7D, 0x9F, 0x8D, 0x00, 0x00,
  0xFF, 0x7B, 0xFF, 0xFF, 0x5F, 0x55, 0x7E, 0x7D, 0x7F, 0x7D, 0x5F, 0x7D, 0x00, 0x00, 0xFF, 0xFF,
  0x00, 0x00, 0x00, 0x00, 0x00, 0x00, 0x00, 0x00, 0x00, 0x00, 0x00, 0x00, 0x00, 0x00, 0x00, 0x00,
  0x00, 0x00, 0x00, 0x00, 0x00, 0x00, 0x00, 0x00, 0x00, 0x00, 0xFF, 0x7F, 0xFF, 0xFF, 0x7E, 0x7D,
  0xDF, 0x85, 0xDF, 0x85, 0x5E, 0x7D, 0xBF, 0x6D, 0xF7, 0x7B, 0xFF, 0x7B, 0x7E, 0x7D, 0xDF, 0x85,
  0xDF, 0x85, 0x5E, 0x7D, 0x9B, 0x6C, 0xFF, 0x7B, 0x00, 0x00, 0x00, 0x00, 0x00, 0x00, 0x00, 0x00,
  0x00, 0x00, 0x00, 0x00, 0x00, 0x00, 0x00, 0x00, 0x00, 0x00, 0x00, 0x00, 0x00, 0x00, 0x00, 0x00,
  0xFF, 0x7B, 0x00, 0x00, 0x7E, 0x7D, 0x7F, 0x7D, 0x7F, 0x7D, 0x5E, 0x7D, 0xBF, 0x85, 0x5E, 0x7D,
  0x00, 0x00, 0x7F, 0x7D, 0x7F, 0x7D, 0x7F, 0x7D, 0x5E, 0x7D, 0xBF, 0x85, 0x5E, 0x7D, 0x00, 0x00,
  0x00, 0x00, 0x00, 0x00, 0x00, 0x00, 0x00, 0x00, 0x00, 0x00, 0x00, 0x00, 0x00, 0x00, 0x00, 0x00,
  0x00, 0x00, 0x00, 0x00, 0x00, 0x00, 0x00, 0x00, 0xFF, 0xFF, 0x00, 0x00, 0x5E, 0x7D, 0x7F, 0x7D,
  0x9F, 0x85, 0x7F, 0x7D, 0x7F, 0x7D, 0x5F, 0x7D, 0x00, 0x00, 0x3E, 0x7D, 0x7F, 0x7D, 0x9F, 0x85,
  0x7F, 0x7D, 0x7F, 0x7D, 0x7F, 0x7D, 0x00, 0x00, 0x00, 0x00, 0x00, 0x00, 0x00, 0x00, 0x00, 0x00,
  0x00, 0x00, 0x00, 0x00, 0x00, 0x00, 0x00, 0x00, 0x00, 0x00, 0x00, 0x00, 0x00, 0x00, 0x00, 0x00,
  0x00, 0x00, 0xFF, 0x7F, 0x00, 0x00, 0x7F, 0x7D, 0x9F, 0x85, 0x9F, 0x85, 0x7F, 0x7D, 0x00, 0x00,
  0xFF, 0x7D, 0x00, 0x00, 0x7F, 0x7D, 0x9F, 0x85, 0x9F, 0x85, 0x5E, 0x7D, 0x00, 0x00, 0xFF, 0x7F,
  0x00, 0x00, 0x00, 0x00, 0x00, 0x00, 0x00, 0x00, 0x00, 0x00, 0x03, 0x00, 0x00, 0x41, 0x97, 0xD4,
  0xF5, 0xFF, 0xF4, 0xD4, 0x97, 0x3E, 0x00, 0x00, 0x03, 0x00, 0x00, 0x00, 0x00, 0x00, 0x00, 0x00,
  0x00, 0x00, 0x00, 0x00, 0x00, 0x03, 0x00, 0x2C, 0xB3, 0xFD, 0xFF, 0xFF, 0xFF, 0xFF, 0xFF, 0xFF,
  0xFF, 0xFC, 0xB2, 0x2D, 0x00, 0x03, 0x00, 0x00, 0x00, 0x00, 0x00, 0x00, 0x00, 0x00, 0x00, 0x00,
  0x03, 0x00, 0x59, 0xF4, 0xFF, 0xFE, 0xFC, 0xFE, 0xFF, 0xFF, 0xFF, 0xFE, 0xFC, 0xFF, 0xFF, 0xF4,
  0x5A, 0x00, 0x03, 0x00, 0x00, 0x00, 0x00, 0x00, 0x00, 0x00, 0x00, 0x03, 0x00, 0x59, 0xFF, 0xFF,
  0xFB, 0xFF, 0xFF, 0xFF, 0xFF, 0xFF, 0xFF, 0xFF, 0xFF, 0xFF, 0xFB, 0xFF, 0xFF, 0x58, 0x00, 0x03,
  0x00, 0x00, 0x00, 0x00, 0x00, 0x00, 0x02, 0x01, 0x2A, 0xF6, 0xFD, 0xFD, 0xFF, 0xFF, 0xFF, 0xFF,
  0xFF, 0xFF, 0xFF, 0xFF, 0xFF, 0xFF, 0xFF, 0xFD, 0xFD, 0xF6, 0x29, 0x01, 0x00, 0x00, 0x00, 0x00,
  0x00, 0x00, 0x02, 0x00, 0xB9, 0xFF, 0xFC, 0xFF, 0xFF, 0xFF, 0xFF, 0xFF, 0xFF, 0xFF, 0xFF, 0xFF,
  0xFF, 0xFF, 0xFF, 0xFF, 0xFC, 0xFF, 0xB7, 0x00, 0x00, 0x00, 0x00, 0x00, 0x00, 0x03, 0x00, 0x37,
  0xFF, 0xFD, 0xFF, 0xFF, 0xFF, 0xFF, 0xFF, 0xFF, 0xFF, 0xFF, 0xFF, 0xFF, 0xFF, 0xFF, 0xFF, 0xFF,
  0xFF, 0xFD, 0xFE, 0x3D, 0x00, 0x00, 0x00, 0x00, 0x00, 0x04, 0x00, 0x90, 0xFF, 0xFB, 0xFF, 0xFF,
  0xFF, 0xFF, 0xFF, 0xFF, 0xFF, 0xFF, 0xFF, 0xFF, 0xFF, 0xFF, 0xFF, 0xFF, 0xFF, 0xFC, 0xFF, 0x99,
  0x00, 0x00, 0x00, 0x00, 0x00, 0x01, 0x01, 0xCA, 0xFF, 0xFC, 0xFF, 0xFF, 0xFF, 0xFF, 0xFF, 0xFF,
  0xFF, 0xFF, 0xFF, 0xFF, 0xFF, 0xFF, 0xFF, 0xFF, 0xFF, 0xFD, 0xFF, 0xD7, 0x00, 0x00, 0x00, 0x00,
  0x01, 0x00, 0x0A, 0xE5, 0xFF, 0xFD, 0xFF, 0xFF, 0xFF, 0xFF, 0xFF, 0xFF, 0xFF, 0xFF, 0xFF, 0xFF,
  0xFF, 0xFF, 0xFF, 0xFF, 0xFF, 0xFF, 0xFF, 0xF5, 0x00, 0x00, 0x00, 0x00, 0x01, 0x02, 0x14, 0xF0,
  0xFF, 0xFE, 0xFF, 0xFF, 0xFF, 0xFF, 0xFF, 0xFF, 0xFF, 0xFF, 0xFF, 0xFF, 0xFF, 0xFF, 0xFF, 0xFF,
  0xFF, 0xFF, 0xFF, 0xFF, 0x00, 0x00, 0x00, 0x01, 0x04, 0x00, 0x00, 0xE1, 0xFF, 0xFE, 0xFF, 0xFF,
  0xFF, 0xFF, 0xFF, 0xFF, 0xFF, 0xFF, 0xFF, 0xFF, 0xFF, 0xFF, 0xFF, 0xFF, 0xFF, 0xFF, 0xFF, 0xF4,
  0x00, 0x00, 0x02, 0x00, 0x00, 0x28, 0x75, 0xEC, 0xFE, 0xFE, 0xFF, 0xFF, 0xFF, 0xFF, 0xFF, 0xFF,
  0xFF, 0xFF, 0xFF, 0xFF, 0xFF, 0xFF, 0xFF, 0xFF, 0xFF, 0xFD, 0xFF, 0xD8, 0x00, 0x03, 0x00, 0x1B,
  0xA0, 0xF8, 0xFF, 0xFF, 0xFF, 0xFF, 0xFF, 0xFF, 0xFF, 0xFF, 0xFF, 0xFF, 0xFF, 0xFF, 0xFF, 0xFF,
  0xFF, 0xFF, 0xFF, 0xFF, 0xFF, 0xFC, 0xFF, 0x99, 0x02, 0x00, 0x37, 0xE2, 0xFF, 0xFF, 0xFB, 0xFF,
  0xFF, 0xFF, 0xFF, 0xFF, 0xFF, 0xFF, 0xFF, 0xFF, 0xFF, 0xFF, 0xFF, 0xFF, 0xFF, 0xFF, 0xFF, 0xFF,
  0xFF, 0xFE, 0xFD, 0x3A, 0x01, 0x1F, 0xEC, 0xFF, 0xFA, 0xFE, 0xFF, 0xFF, 0xFF, 0xFF, 0xFF, 0xFF,
  0xFF, 0xFF, 0xFF, 0xFF, 0xFF, 0xFF, 0xFF, 0xFF, 0xFF, 0xFF, 0xFF, 0xFF, 0xFC, 0xFF, 0xB6, 0x00,
  0x02, 0xB7, 0xFF, 0xFA, 0xFF, 0xFF, 0xFF, 0xFF, 0xFF, 0xFF, 0xFF, 0xFF, 0xFF, 0xFF, 0xFF, 0xFF,
  0xFF, 0xFF, 0xFF, 0xFF, 0xFF, 0xFF, 0xFF, 0xFE, 0xFE, 0xE8, 0x28, 0x01, 0x4B, 0xFF, 0xFD, 0xFF,
  0xFF, 0xFF, 0xFF, 0xFF, 0xFF, 0xFF, 0xFF, 0xFF, 0xFF, 0xFF, 0xFF, 0xFF, 0xFF, 0xFF, 0xFF, 0xFF,
  0xFF, 0xFE, 0xFE, 0xFD, 0xFF, 0xCB, 0x04, 0x02, 0xAB, 0xFD, 0xFB, 0xFE, 0xFE, 0xFE, 0xFD, 0xFE,
  0xFE, 0xFE, 0xFE, 0xFE, 0xFE, 0xFE, 0xFE, 0xFE, 0xFE, 0xFE, 0xFE, 0xFC, 0xFB, 0xFF, 0xFF, 0xFD,
  0xFC, 0xFF, 0x43, 0x00, 0xE8, 0xFF, 0xFF, 0xFF, 0xFF, 0xFF, 0xFF, 0xFF, 0xFF, 0xFF, 0xFF, 0xFF,
  0xFF, 0xFF, 0xFF, 0xFF, 0xFF, 0xFF, 0xFF, 0xFF, 0xFF, 0xFF, 0xFF, 0xFF, 0xFF, 0xFF, 0x32, 0x00,
  0xEB, 0xEF, 0xEE, 0xEF, 0xEF, 0xEF, 0xEF, 0xEE, 0xEF, 0xEF, 0xEE, 0xEF, 0xEF, 0xEF, 0xEF, 0xEF,
  0xF0, 0xF1, 0xE5, 0xC6, 0x8E, 0x37, 0x55, 0xE1, 0xEC, 0x78, 0x00, 0x02, 0x11, 0x10, 0x10, 0x10,
  0x10, 0x10, 0x10, 0x10, 0x10, 0x10, 0x10, 0x10, 0x10, 0x10, 0x10, 0x11, 0x10, 0x11, 0x0C, 0x00,
  0x00, 0x00, 0x00, 0x08, 0x0E, 0x00, 0x00, 0x00, 0x00, 0x00, 0x00, 0x00, 0x00, 0x00, 0x00, 0x00,
  0x00, 0x00, 0x00, 0x00, 0x00, 0x00, 0x00, 0x00, 0x00, 0x04, 0x00, 0x02, 0x03, 0x03, 0x02, 0x02,
  0x05, 0x00, 0x01, 0x00, 0x01, 0x01, 0x01, 0x01, 0x01, 0x01, 0x01, 0x01, 0x01, 0x01, 0x01, 0x01,
  0x01, 0x02, 0x03, 0x04, 0xB0, 0xC7, 0x0D, 0x00, 0x02, 0x01, 0x03, 0xB0, 0xC7, 0x0C, 0x00, 0x01,
  0x00, 0x00, 0x00, 0x00, 0x00, 0x00, 0x00, 0x00, 0x00, 0x00, 0x00, 0x00, 0x00, 0x02, 0x01, 0x9E,
  0xFF, 0xFF, 0xB9, 0x07, 0x04, 0x02, 0x9E, 0xFF, 0xFF, 0xBA, 0x07, 0x02, 0x00, 0x00, 0x00, 0x00,
  0x00, 0x00, 0x00, 0x00, 0x00, 0x00, 0x00, 0x00, 0x02, 0x00, 0x22, 0xFF, 0xFC, 0xFA, 0xFF, 0x3F,
  0x00, 0x25, 0xFF, 0xFC, 0xFA, 0xFF, 0x3C, 0x00, 0x00, 0x00, 0x00, 0x00, 0x00, 0x00, 0x00, 0x00,
  0x00, 0x00, 0x00, 0x00, 0x01, 0x00, 0x15, 0xED, 0xFF, 0xFF, 0xFC, 0x2A, 0x00, 0x17, 0xED, 0xFF,
  0xFF, 0xFC, 0x28, 0x00, 0x00, 0x00, 0x00, 0x00, 0x00, 0x00, 0x00, 0x00, 0x00, 0x00, 0x00, 0x00,
  0x00, 0x02, 0x00, 0x58, 0xED, 0xF3, 0x6F, 0x00, 0x04, 0x00, 0x58, 0xED, 0xF3, 0x70, 0x00, 0x02
};

const lv_image_dsc_t wi_showers = {
  .header = { .magic = LV_IMAGE_HEADER_MAGIC, .cf = LV_COLOR_FORMAT_RGB565A8,
               .flags = 0, .w = 28, .h = 28, .stride = 56 },
  .data_size = sizeof(wi_showers_map), .data = wi_showers_map,
};

static const uint8_t wi_heavy_map[] = {
  0x00, 0x00, 0x00, 0x00, 0x00, 0x00, 0x00, 0x00, 0x00, 0x00, 0x00, 0x00, 0x00, 0x00, 0x00, 0x00,
  0x00, 0x00, 0x00, 0x00, 0xFF, 0xFF, 0x00, 0x00, 0x00, 0x00, 0x9E, 0xEF, 0x9E, 0xF7, 0x9E, 0xEF,
  0x7D, 0xEF, 0x7D, 0xEF, 0x7D, 0xEF, 0x9E, 0xEF, 0x9E, 0xEF, 0x7E, 0xEF, 0x00, 0x00, 0x00, 0x00,
  0xFF, 0xFF, 0x00, 0x00, 0x00, 0x00, 0x00, 0x00, 0x00, 0x00, 0x00, 0x00, 0x00, 0x00, 0x00, 0x00,
  0x00, 0x00, 0x00, 0x00, 0x00, 0x00, 0x00, 0x00, 0x00, 0x00, 0xFF, 0xFF, 0x00, 0x00, 0x7D, 0xE7,
  0xBE, 0xF7, 0x9E, 0xF7, 0xDF, 0xFF, 0xBE, 0xF7, 0x7E, 0xEF, 0x7D, 0xEF, 0x7D, 0xEF, 0x9E, 0xEF,
  0xBF, 0xF7, 0x7E, 0xEF, 0x7E, 0xEF, 0x5D, 0xE7, 0x00, 0x00, 0xFF, 0xFF, 0x00, 0x00, 0x00, 0x00,
  0x00, 0x00, 0x00, 0x00, 0x00, 0x00, 0x00, 0x00, 0x00, 0x00, 0x00, 0x00, 0x00, 0x00, 0x00, 0x00,
  0xFF, 0xFF, 0x00, 0x00, 0x7D, 0xEF, 0xBE, 0xF7, 0xFF, 0xFF, 0x7D, 0xEF, 0x7D, 0xEF, 0x7D, 0xEF,
  0x7D, 0xEF, 0x7D, 0xEF, 0x5D, 0xEF, 0x5D, 0xEF, 0x5D, 0xE7, 0x5D, 0xE7, 0xDF, 0xF7, 0x9E, 0xEF,
  0x3D, 0xE7, 0x00, 0x00, 0xFF, 0xFF, 0x00, 0x00, 0x00, 0x00, 0x00, 0x00, 0x00, 0x00, 0x00, 0x00,
  0x00, 0x00, 0x00, 0x00, 0x00, 0x00, 0xFF, 0xFF, 0x00, 0x00, 0x5D, 0xEF, 0xDF, 0xFF, 0x9E, 0xF7,
  0x7D, 0xEF, 0x7D, 0xEF, 0x7D, 0xEF, 0x7D, 0xEF, 0x7D, 0xEF, 0x5D, 0xEF, 0x5D, 0xEF, 0x5D, 0xEF,
  0x5D, 0xEF, 0x5D, 0xE7, 0x3D, 0xE7, 0x5D, 0xEF, 0x9E, 0xF7, 0x1C, 0xE7, 0x00, 0x00, 0xFF, 0xFF,
  0x00, 0x00, 0x00, 0x00, 0x00, 0x00, 0x00, 0x00, 0x00, 0x00, 0x00, 0x00, 0xFF, 0xFF, 0xFF, 0xFF,
  0x9E, 0xEF, 0xBE, 0xF7, 0x9E, 0xF7, 0x7D, 0xEF, 0x7D, 0xEF, 0x7D, 0xEF, 0x7D, 0xEF, 0x7D, 0xEF,
  0x5D, 0xEF, 0x5D, 0xEF, 0x5D, 0xEF, 0x5D, 0xEF, 0x5D, 0xE7, 0x5D, 0xE7, 0x5D, 0xE7, 0x3D, 0xE7,
  0x5D, 0xEF, 0x5D, 0xEF, 0x3C, 0xE7, 0xFF, 0xFF, 0x00, 0x00, 0x00, 0x00, 0x00, 0x00, 0x00, 0x00,
  0x00, 0x00, 0x00, 0x00, 0xFF, 0xFF, 0x00, 0x00, 0x7D, 0xEF, 0xFF, 0xFF, 0x7D, 0xEF, 0x7D, 0xEF,
  0x7D, 0xEF, 0x7D, 0xEF, 0x7D, 0xEF, 0x5D, 0xEF, 0x5D, 0xEF, 0x5D, 0xEF, 0x5D, 0xEF, 0x5D, 0xE7,
  0x5D, 0xE7, 0x5D, 0xE7, 0x5D, 0xE7, 0x3D, 0xE7, 0x3C, 0xE7, 0xBE, 0xF7, 0x3C, 0xE7, 0x00, 0x00,
  0x00, 0x00, 0x00, 0x00, 0x00, 0x00, 0x00, 0x00, 0x00, 0x00, 0xFF, 0xFF, 0x00, 0x00, 0x7E, 0xEF,
  0xBE, 0xF7, 0x7D, 0xEF, 0x7D, 0xEF, 0x7D, 0xEF, 0x7D, 0xEF, 0x7D, 0xEF, 0x5D, 0xEF, 0x5D, 0xEF,
  0x5D, 0xEF, 0x5D, 0xEF, 0x5D, 0xE7, 0x5D, 0xE7, 0x5D, 0xE7, 0x3D, 0xE7, 0x3D, 0xE7, 0x3D, 0xE7,
  0x3D, 0xE7, 0x3D, 0xE7, 0x5D, 0xE7, 0x3C, 0xE7, 0x00, 0x00, 0x00, 0x00, 0x00, 0x00, 0x00, 0x00,
  0x00, 0x00, 0xFF, 0xFF, 0x00, 0x00, 0x7D, 0xEF, 0xFF, 0xFF, 0x7D, 0xEF, 0x7D, 0xEF, 0x7D, 0xEF,
  0x7D, 0xEF, 0x5D, 0xEF, 0x5D, 0xEF, 0x5D, 0xEF, 0x5D, 0xEF, 0x5D, 0xE7, 0x5D, 0xE7, 0x5D, 0xE7,
  0x3D, 0xE7, 0x3D, 0xE7, 0x3D, 0xE7, 0x3D, 0xE7, 0x3D, 0xE7, 0x3C, 0xE7, 0x9E, 0xEF, 0x3C, 0xE7,
  0x00, 0x00, 0x00, 0x00, 0x00, 0x00, 0x00, 0x00, 0x00, 0x00, 0xFF, 0xFF, 0xFF, 0xFF, 0x7D, 0xEF,
  0xDF, 0xF7, 0x7D, 0xEF, 0x7D, 0xEF, 0x7D, 0xEF, 0x5D, 0xEF, 0x5D, 0xEF, 0x5D, 0xEF, 0x5D, 0xE7,
  0x5D, 0xE7, 0x5D, 0xE7, 0x5D, 0xE7, 0x5D, 0xE7, 0x3D, 0xE7, 0x3D, 0xE7, 0x3D, 0xE7, 0x3D, 0xE7,
  0x3C, 0xE7, 0x3C, 0xE7, 0x5D, 0xE7, 0x1C, 0xE7, 0x00, 0x00, 0x00, 0x00, 0x00, 0x00, 0x00, 0x00,
  0xFF, 0xFF, 0x00, 0x00, 0xFF, 0xFF, 0x7D, 0xEF, 0x9E, 0xF7, 0x7D, 0xEF, 0x7D, 0xEF, 0x5D, 0xEF,
  0x5D, 0xEF, 0x5D, 0xEF, 0x5D, 0xEF, 0x5D, 0xE7, 0x5D, 0xE7, 0x5D, 0xE7, 0x3D, 0xE7, 0x3D, 0xE7,
  0x3D, 0xE7, 0x3D, 0xE7, 0x3D, 0xE7, 0x3C, 0xE7, 0x3C, 0xE7, 0x1C, 0xE7, 0x3C, 0xE7, 0x1C, 0xDF,
  0x00, 0x00, 0x00, 0x00, 0x00, 0x00, 0x00, 0x00, 0xFF, 0xFF, 0xFF, 0xFF, 0x9E, 0xF7, 0x7D, 0xEF,
  0x9E, 0xEF, 0x5D, 0xEF, 0x5D, 0xEF, 0x5D, 0xEF, 0x5D, 0xEF, 0x5D, 0xEF, 0x5D, 0xE7, 0x5D, 0xE7,
  0x5D, 0xE7, 0x3D, 0xE7, 0x3D, 0xE7, 0x3D, 0xE7, 0x5D, 0xEF, 0x5D, 0xEF, 0x3C, 0xE7, 0x3C, 0xE7,
  0x3C, 0xE7, 0x1C, 0xE7, 0x1C, 0xE7, 0x1C, 0xE7, 0x00, 0x00, 0x00, 0x00, 0x00, 0x00, 0xFF, 0xFF,
  0xFF, 0xFF, 0x00, 0x00, 0x00, 0x00, 0x5D, 0xEF, 0x9E, 0xF7, 0x5D, 0xE7, 0x5D, 0xEF, 0x5D, 0xEF,
  0x5D, 0xEF, 0x5D, 0xE7, 0x5D, 0xE7, 0x5D, 0xE7, 0x3D, 0xE7, 0x3D, 0xE7, 0x3D, 0xE7, 0x7D, 0xF7,
  0xBC, 0x95, 0x9C, 0x95, 0x7C, 0xEF, 0x1C, 0xDF, 0x1C, 0xE7, 0x1C, 0xE7, 0x1C, 0xE7, 0x1C, 0xDF,
  0x00, 0x00, 0x00, 0x00, 0xFF, 0xFF, 0x00, 0x00, 0x00, 0x00, 0xDF, 0xFF, 0xDF, 0xF7, 0x9E, 0xEF,
  0xBF, 0xF7, 0x9E, 0xEF, 0x9E, 0xEF, 0x7E, 0xEF, 0x5D, 0xE7, 0x5D, 0xE7, 0x5D, 0xE7, 0x3D, 0xE7,
  0x3D, 0xE7, 0x3D, 0xE7, 0x7D, 0xF7, 0xBC, 0x9D, 0x9C, 0x2B, 0x9C, 0x2B, 0xBC, 0x9D, 0x5C, 0xEF,
  0x1C, 0xDF, 0x1C, 0xDF, 0x3D, 0xE7, 0x1C, 0xDF, 0x00, 0x00, 0xFF, 0xFF, 0x00, 0x00, 0x7E, 0xE7,
  0xDF, 0xF7, 0xDF, 0xF7, 0xFF, 0xFF, 0xBF, 0xF7, 0xBF, 0xF7, 0xBF, 0xF7, 0xBF, 0xF7, 0xBF, 0xF7,
  0x9E, 0xEF, 0x7D, 0xEF, 0x3D, 0xE7, 0x3D, 0xE7, 0x3D, 0xE7, 0x7D, 0xF7, 0xBC, 0x9D, 0x9C, 0x2B,
  0xDC, 0x3B, 0xDC, 0x3B, 0x9C, 0x2B, 0xBC, 0x9D, 0x5C, 0xEF, 0xFC, 0xDE, 0x7E, 0xEF, 0x1C, 0xDF,
  0xFF, 0xFF, 0x00, 0x00, 0x9F, 0xEF, 0xDF, 0xF7, 0xFF, 0xFF, 0xBF, 0xF7, 0x9F, 0xEF, 0x9F, 0xEF,
  0xBF, 0xF7, 0xBF, 0xF7, 0xBF, 0xF7, 0xBF, 0xF7, 0xBF, 0xF7, 0xBF, 0xF7, 0x7E, 0xEF, 0x3D, 0xE7,
  0x7D, 0xF7, 0xBC, 0x9D, 0x9C, 0x2B, 0xDC, 0x3B, 0xDC, 0x3B, 0xDC, 0x3B, 0xDC, 0x3B, 0x9C, 0x2B,
  0xBC, 0x9D, 0x5C, 0xEF, 0x1D, 0xE7, 0x1C, 0xE7, 0xFF, 0xFF, 0xBF, 0xF7, 0xBF, 0xF7, 0xFF, 0xFF,
  0x9F, 0xEF, 0xBF, 0xF7, 0xBF, 0xF7, 0xBF, 0xF7, 0xBF, 0xF7, 0xBF, 0xF7, 0xBF, 0xF7, 0xBF, 0xF7,
  0xBF, 0xF7, 0xBF, 0xF7, 0xBF, 0xEF, 0xBE, 0xF7, 0xBC, 0x9D, 0x9C, 0x2B, 0xDC, 0x3B, 0xDC, 0x3B,
  0xDC, 0x3B, 0xDC, 0x3B, 0xDC, 0x3B, 0xDC, 0x3B, 0x9C, 0x2B, 0x1E, 0xA6, 0x3C, 0xEF, 0x1F, 0x00,
  0xFF, 0xFF, 0x9F, 0xEF, 0xFF, 0xFF, 0x9E, 0xEF, 0xBF, 0xF7, 0xBF, 0xF7, 0xBF, 0xF7, 0xBF, 0xF7,
  0xBF, 0xF7, 0xBF, 0xF7, 0xBF, 0xF7, 0xBF, 0xF7, 0xBF, 0xF7, 0x9F, 0xEF, 0xDF, 0xFF, 0x5E, 0xAE,
  0x9C, 0x2B, 0xDC, 0x3B, 0xDC, 0x3B, 0xDC, 0x3B, 0xDC, 0x3B, 0xDC, 0x3B, 0xDC, 0x3B, 0xDC, 0x3B,
  0xBC, 0x33, 0x1E, 0x3C, 0x9D, 0x5C, 0x00, 0x00, 0xBF, 0xF7, 0xFF, 0xFF, 0x9F, 0xEF, 0xBF, 0xF7,
  0xBF, 0xF7, 0xBF, 0xF7, 0xBF, 0xF7, 0xBF, 0xF7, 0xBF, 0xF7, 0xBF, 0xF7, 0xBF, 0xF7, 0xBF, 0xF7,
  0x9F, 0xEF, 0xBF, 0xF7, 0x3E, 0xDF, 0xFC, 0x3B, 0xBC, 0x33, 0xDC, 0x3B, 0xDC, 0x3B, 0xDC, 0x3B,
  0xDC, 0x3B, 0xDC, 0x3B, 0xDC, 0x3B, 0xDC, 0x3B, 0xDC, 0x3B, 0x3E, 0x44, 0x3E, 0x44, 0x1D, 0x44,
  0xBF, 0xF7, 0xFF, 0xFF, 0x9F, 0xEF, 0x9F, 0xEF, 0x9F, 0xEF, 0x9F, 0xEF, 0x9F, 0xEF, 0x9F, 0xEF,
  0x9F, 0xEF, 0x9F, 0xEF, 0x9F, 0xEF, 0x9F, 0xEF, 0x9F, 0xEF, 0xFF, 0xFF, 0x9D, 0x8D, 0x9C, 0x2B,
  0xFC, 0x3B, 0xDC, 0x3B, 0xDC, 0x3B, 0xDC, 0x3B, 0xDC, 0x3B, 0xDC, 0x3B, 0xDC, 0x33, 0xDC, 0x3B,
  0x1D, 0x3C, 0x3E, 0x44, 0x7F, 0x44, 0x3E, 0x44, 0xBF, 0xEF, 0xFF, 0xFF, 0xBF, 0xF7, 0xDF, 0xF7,
  0xDF, 0xF7, 0xDF, 0xF7, 0xDF, 0xF7, 0xDF, 0xF7, 0xDF, 0xF7, 0xDF, 0xF7, 0xDF, 0xF7, 0xDF, 0xF7,
  0xDF, 0xF7, 0xDF, 0xF7, 0x9D, 0x5C, 0xBC, 0x33, 0xDC, 0x3B, 0xDC, 0x3B, 0xDC, 0x3B, 0xDC, 0x3B,
  0xDC, 0x33, 0xDC, 0x3B, 0xFD, 0x3B, 0x1E, 0x44, 0x3E, 0x44, 0x3E, 0x44, 0x5F, 0x44, 0x3E, 0x44,
  0xBF, 0xF7, 0xBF, 0xF7, 0x9F, 0xF7, 0xBF, 0xF7, 0xBF, 0xF7, 0xBF, 0xF7, 0xBF, 0xF7, 0xBF, 0xF7,
  0xBF, 0xF7, 0xBF, 0xF7, 0xBF, 0xF7, 0x9F, 0xEF, 0xBF, 0xF7, 0x5F, 0xE7, 0x1C, 0x44, 0xDC, 0x33,
  0xDC, 0x3B, 0xDC, 0x3B, 0xDC, 0x3B, 0xFD, 0x3B, 0xFD, 0x3B, 0x1E, 0x44, 0x3E, 0x44, 0x3E, 0x44,
  0x3E, 0x44, 0x3E, 0x44, 0x3E, 0x44, 0x3E, 0x44, 0x9E, 0xF7, 0x7F, 0xEF, 0x7F, 0xEF, 0x7F, 0xEF,
  0x7F, 0xEF, 0x7F, 0xEF, 0x7F, 0xEF, 0x7F, 0xEF, 0x7F, 0xEF, 0x7F, 0xEF, 0x7F, 0xEF, 0x9F, 0xE7,
  0xFF, 0xEF, 0xFF, 0xA5, 0x3E, 0x44, 0x3F, 0x44, 0x1E, 0x44, 0x3E, 0x44, 0x3E, 0x44, 0x3E, 0x44,
  0x3E, 0x44, 0x3E, 0x44, 0x3E, 0x44, 0x3E, 0x44, 0x3E, 0x44, 0x3E, 0x44, 0x3E, 0x44, 0x3E, 0x44,
  0x00, 0x00, 0x00, 0x00, 0x00, 0x00, 0x00, 0x00, 0x00, 0x00, 0x00, 0x00, 0x00, 0x00, 0x00, 0x00,
  0x00, 0x00, 0x00, 0x00, 0x00, 0x00, 0x00, 0x00, 0x00, 0x00, 0x00, 0x00, 0x3E, 0x44, 0x5F, 0x44,
  0x3E, 0x44, 0x3E, 0x44, 0x3E, 0x44, 0x3E, 0x44, 0x3E, 0x44, 0x3E, 0x44, 0x3E, 0x44, 0x3E, 0x44,
  0x3E, 0x44, 0x3E, 0x44, 0x5F, 0x44, 0x3E, 0x44, 0xFF, 0xFF, 0xFF, 0xFF, 0xFF, 0xFF, 0xFF, 0xFF,
  0xFF, 0xFF, 0xFF, 0xFF, 0xFF, 0xFF, 0xFF, 0xFF, 0xFF, 0xFF, 0xFF, 0xFF, 0xFF, 0xFF, 0xFF, 0xFF,
  0xDF, 0x64, 0xFF, 0xFF, 0x3E, 0x44, 0x7F, 0x44, 0x3E, 0x44, 0x3E, 0x44, 0x3E, 0x44, 0x3E, 0x44,
  0x3E, 0x44, 0x3E, 0x44, 0x3E, 0x44, 0x3E, 0x44, 0x3E, 0x44, 0x3E, 0x44, 0x7F, 0x44, 0x3E, 0x44,
  0x00, 0x00, 0x00, 0x00, 0x00, 0x00, 0x00, 0x00, 0x00, 0x00, 0x00, 0x00, 0x00, 0x00, 0x00, 0x00,
  0x00, 0x00, 0x00, 0x00, 0x00, 0x00, 0x00, 0x00, 0xFF, 0x03, 0x1F, 0x00, 0x1D, 0x3C, 0x3E, 0x44,
  0x5F, 0x44, 0x3E, 0x44, 0x3E, 0x44, 0x3E, 0x44, 0x3E, 0x44, 0x3E, 0x44, 0x3E, 0x44, 0x3E, 0x44,
  0x3E, 0x44, 0x5F, 0x44, 0x3E, 0x44, 0x1E, 0x44, 0x00, 0x00, 0x00, 0x00, 0x00, 0x00, 0x00, 0x00,
  0x00, 0x00, 0x00, 0x00, 0x00, 0x00, 0x00, 0x00, 0x00, 0x00, 0x00, 0x00, 0x00, 0x00, 0x00, 0x00,
  0x00, 0x00, 0xBF, 0x52, 0x00, 0x00, 0x1E, 0x44, 0x7F, 0x44, 0x3F, 0x44, 0x3E, 0x44, 0x3E, 0x44,
  0x3E, 0x44, 0x3E, 0x44, 0x3E, 0x44, 0x3E, 0x44, 0x5F, 0x44, 0x7F, 0x44, 0x1E, 0x44, 0x00, 0x00,
  0x00, 0x00, 0x00, 0x00, 0x00, 0x00, 0x00, 0x00, 0x00, 0x00, 0x00, 0x00, 0x00, 0x00, 0x00, 0x00,
  0x00, 0x00, 0x00, 0x00, 0x00, 0x00, 0x00, 0x00, 0x00, 0x00, 0x00, 0x00, 0xBF, 0x52, 0x00, 0x00,
  0x1E, 0x44, 0x5F, 0x44, 0x7F, 0x44, 0x5F, 0x44, 0x3E, 0x44, 0x3E, 0x44, 0x5F, 0x44, 0x7F, 0x44,
  0x5F, 0x44, 0x1E, 0x44, 0x00, 0x00, 0xBF, 0x52, 0x00, 0x00, 0x00, 0x00, 0x00, 0x00, 0x00, 0x00,
  0x00, 0x00, 0x00, 0x00, 0x00, 0x00, 0x00, 0x00, 0x00, 0x00, 0x00, 0x00, 0x00, 0x00, 0x00, 0x00,
  0x00, 0x00, 0x00, 0x00, 0x00, 0x00, 0x5F, 0x55, 0x00, 0x00, 0x1E, 0x3C, 0x5F, 0x44, 0x3E, 0x44,
  0x3E, 0x44, 0x3E, 0x44, 0x3E, 0x44, 0x5E, 0x44, 0xDD, 0x3B, 0x00, 0x00, 0xBF, 0x52, 0x00, 0x00,
  0x00, 0x00, 0x00, 0x00, 0x00, 0x00, 0x00, 0x00, 0x00, 0x00, 0x03, 0x00, 0x00, 0x41, 0x97, 0xD4,
  0xF5, 0xFF, 0xF4, 0xD4, 0x97, 0x3E, 0x00, 0x00, 0x03, 0x00, 0x00, 0x00, 0x00, 0x00, 0x00, 0x00,
  0x00, 0x00, 0x00, 0x00, 0x00, 0x03, 0x00, 0x2C, 0xB3, 0xFD, 0xFF, 0xFF, 0xFF, 0xFF, 0xFF, 0xFF,
  0xFF, 0xFC, 0xB2, 0x2D, 0x00, 0x03, 0x00, 0x00, 0x00, 0x00, 0x00, 0x00, 0x00, 0x00, 0x00, 0x00,
  0x03, 0x00, 0x59, 0xF4, 0xFF, 0xFE, 0xFC, 0xFE, 0xFF, 0xFF, 0xFF, 0xFE, 0xFC, 0xFF, 0xFF, 0xF4,
  0x5A, 0x00, 0x03, 0x00, 0x00, 0x00, 0x00, 0x00, 0x00, 0x00, 0x00, 0x03, 0x00, 0x59, 0xFF, 0xFF,
  0xFB, 0xFF, 0xFF, 0xFF, 0xFF, 0xFF, 0xFF, 0xFF, 0xFF, 0xFF, 0xFB, 0xFF, 0xFF, 0x58, 0x00, 0x03,
  0x00, 0x00, 0x00, 0x00, 0x00, 0x00, 0x02, 0x01, 0x2A, 0xF6, 0xFD, 0xFD, 0xFF, 0xFF, 0xFF, 0xFF,
  0xFF, 0xFF, 0xFF, 0xFF, 0xFF, 0xFF, 0xFF, 0xFD, 0xFD, 0xF6, 0x29, 0x01, 0x00, 0x00, 0x00, 0x00,
  0x00, 0x00, 0x02, 0x00, 0xB9, 0xFF, 0xFC, 0xFF, 0xFF, 0xFF, 0xFF, 0xFF, 0xFF, 0xFF, 0xFF, 0xFF,
  0xFF, 0xFF, 0xFF, 0xFF, 0xFC, 0xFF, 0xB7, 0x00, 0x00, 0x00, 0x00, 0x00, 0x00, 0x03, 0x00, 0x37,
  0xFF, 0xFD, 0xFF, 0xFF, 0xFF, 0xFF, 0xFF, 0xFF, 0xFF, 0xFF, 0xFF, 0xFF, 0xFF, 0xFF, 0xFF, 0xFF,
  0xFF, 0xFD, 0xFE, 0x3D, 0x00, 0x00, 0x00, 0x00, 0x00, 0x04, 0x00, 0x90, 0xFF, 0xFB, 0xFF, 0xFF,
  0xFF, 0xFF, 0xFF, 0xFF, 0xFF, 0xFF, 0xFF, 0xFF, 0xFF, 0xFF, 0xFF, 0xFF, 0xFF, 0xFC, 0xFF, 0x99,
  0x00, 0x00, 0x00, 0x00, 0x00, 0x01, 0x01, 0xCA, 0xFF, 0xFC, 0xFF, 0xFF, 0xFF, 0xFF, 0xFF, 0xFF,
  0xFF, 0xFF, 0xFF, 0xFF, 0xFF, 0xFF, 0xFF, 0xFF, 0xFF, 0xFD, 0xFF, 0xD7, 0x00, 0x00, 0x00, 0x00,
  0x01, 0x00, 0x0A, 0xE5, 0xFF, 0xFD, 0xFF, 0xFF, 0xFF, 0xFF, 0xFF, 0xFF, 0xFF, 0xFF, 0xFF, 0xFF,
  0xFF, 0xFF, 0xFF, 0xFF, 0xFF, 0xFF, 0xFF, 0xF5, 0x00, 0x00, 0x00, 0x00, 0x01, 0x02, 0x14, 0xF0,
  0xFF, 0xFE, 0xFF, 0xFF, 0xFF, 0xFF, 0xFF, 0xFF, 0xFF, 0xFF, 0xFF, 0xFF, 0xFF, 0xFF, 0xFF, 0xFF,
  0xFF, 0xFF, 0xFF, 0xFF, 0x00, 0x00, 0x00, 0x01, 0x04, 0x00, 0x00, 0xE1, 0xFF, 0xFE, 0xFF, 0xFF,
  0xFF, 0xFF, 0xFF, 0xFF, 0xFF, 0xFF, 0xFF, 0xFF, 0xFF, 0xFF, 0xFF, 0xFF, 0xFF, 0xFF, 0xFF, 0xF4,
  0x00, 0x00, 0x02, 0x00, 0x00, 0x28, 0x75, 0xEC, 0xFE, 0xFE, 0xFF, 0xFF, 0xFF, 0xFF, 0xFF, 0xFF,
  0xFF, 0xFF, 0xFF, 0xFF, 0xFF, 0xFF, 0xFF, 0xFF, 0xFF, 0xFD, 0xFF, 0xD8, 0x00, 0x03, 0x00, 0x1B,
  0xA0, 0xF9, 0xFF, 0xFF, 0xFF, 0xFF, 0xFF, 0xFF, 0xFF, 0xFF, 0xFF, 0xFF, 0xFF, 0xFF, 0xFF, 0xFF,
  0xFF, 0xFF, 0xFF, 0xFF, 0xFF, 0xFC, 0xFF, 0x99, 0x02, 0x00, 0x37, 0xE2, 0xFF, 0xFF, 0xFB, 0xFF,
  0xFF, 0xFF, 0xFF, 0xFF, 0xFF, 0xFF, 0xFF, 0xFF, 0xFF, 0xFF, 0xFF, 0xFF, 0xFF, 0xFF, 0xFF, 0xFF,
  0xFF, 0xFE, 0xFF, 0x3A, 0x01, 0x1F, 0xEC, 0xFF, 0xFA, 0xFE, 0xFF, 0xFF, 0xFF, 0xFF, 0xFF, 0xFF,
  0xFF, 0xFF, 0xFF, 0xFF, 0xFF, 0xFF, 0xFF, 0xFF, 0xFF, 0xFF, 0xFF, 0xFF, 0xFC, 0xFF, 0xAC, 0x01,
  0x02, 0xB8, 0xFF, 0xFB, 0xFF, 0xFF, 0xFF, 0xFF, 0xFF, 0xFF, 0xFF, 0xFF, 0xFF, 0xFF, 0xFF, 0xFF,
  0xFF, 0xFF, 0xFF, 0xFF, 0xFF, 0xFF, 0xFF, 0xFF, 0xFB, 0xFF, 0x6D, 0x00, 0x4B, 0xFF, 0xFD, 0xFF,
  0xFF, 0xFF, 0xFF, 0xFF, 0xFF, 0xFF, 0xFF, 0xFF, 0xFF, 0xFF, 0xFF, 0xFF, 0xFF, 0xFF, 0xFF, 0xFF,
  0xFF, 0xFF, 0xFF, 0xFF, 0xFE, 0xFF, 0xEB, 0x1F, 0xAB, 0xFD, 0xFB, 0xFE, 0xFE, 0xFE, 0xFE, 0xFE,
  0xFE, 0xFE, 0xFE, 0xFE, 0xFE, 0xFE, 0xFF, 0xFF, 0xFF, 0xFF, 0xFF, 0xFF, 0xFF, 0xFF, 0xFF, 0xFF,
  0xFF, 0xFC, 0xFF, 0x90, 0xE8, 0xFF, 0xFF, 0xFF, 0xFF, 0xFF, 0xFF, 0xFF, 0xFF, 0xFF, 0xFF, 0xFF,
  0xFF, 0xFF, 0xFF, 0xFF, 0xFF, 0xFF, 0xFF, 0xFF, 0xFF, 0xFF, 0xFF, 0xFF, 0xFF, 0xFE, 0xFE, 0xDC,
  0xEB, 0xEF, 0xEF, 0xEF, 0xEF, 0xEF, 0xEF, 0xEF, 0xEF, 0xEF, 0xEF, 0xEF, 0xEF, 0xF0, 0xFE, 0xFF,
  0xFF, 0xFF, 0xFF, 0xFF, 0xFF, 0xFF, 0xFF, 0xFF, 0xFF, 0xFF, 0xFF, 0xFA, 0x11, 0x10, 0x10, 0x10,
  0x10, 0x10, 0x10, 0x10, 0x10, 0x10, 0x10, 0x11, 0x10, 0x1C, 0xEB, 0xFF, 0xFE, 0xFF, 0xFF, 0xFF,
  0xFF, 0xFF, 0xFF, 0xFF, 0xFF, 0xFF, 0xFF, 0xFC, 0x00, 0x00, 0x00, 0x00, 0x00, 0x00, 0x00, 0x00,
  0x00, 0x00, 0x00, 0x00, 0x00, 0x00, 0xCE, 0xFE, 0xFC, 0xFF, 0xFF, 0xFF, 0xFF, 0xFF, 0xFF, 0xFF,
  0xFF, 0xFD, 0xFE, 0xDC, 0x01, 0x01, 0x01, 0x01, 0x01, 0x01, 0x01, 0x01, 0x01, 0x01, 0x01, 0x01,
  0x05, 0x01, 0x87, 0xFF, 0xFB, 0xFF, 0xFF, 0xFF, 0xFF, 0xFF, 0xFF, 0xFF, 0xFF, 0xFC, 0xFF, 0x93,
  0x00, 0x00, 0x00, 0x00, 0x00, 0x00, 0x00, 0x00, 0x00, 0x00, 0x00, 0x00, 0x02, 0x01, 0x1D, 0xF2,
  0xFD, 0xFC, 0xFF, 0xFF, 0xFF, 0xFF, 0xFF, 0xFF, 0xFD, 0xFD, 0xF1, 0x23, 0x00, 0x00, 0x00, 0x00,
  0x00, 0x00, 0x00, 0x00, 0x00, 0x00, 0x00, 0x00, 0x00, 0x03, 0x00, 0x5D, 0xFF, 0xFF, 0xFC, 0xFE,
  0xFF, 0xFF, 0xFE, 0xFC, 0xFF, 0xFF, 0x5B, 0x00, 0x00, 0x00, 0x00, 0x00, 0x00, 0x00, 0x00, 0x00,
  0x00, 0x00, 0x00, 0x00, 0x00, 0x00, 0x03, 0x00, 0x5F, 0xEC, 0xFF, 0xFF, 0xFF, 0xFF, 0xFF, 0xFF,
  0xE9, 0x5F, 0x00, 0x03, 0x00, 0x00, 0x00, 0x00, 0x00, 0x00, 0x00, 0x00, 0x00, 0x00, 0x00, 0x00,
  0x00, 0x00, 0x00, 0x03, 0x00, 0x25, 0x92, 0xD8, 0xFC, 0xFA, 0xD8, 0x90, 0x21, 0x00, 0x03, 0x00
};

const lv_image_dsc_t wi_heavy = {
  .header = { .magic = LV_IMAGE_HEADER_MAGIC, .cf = LV_COLOR_FORMAT_RGB565A8,
               .flags = 0, .w = 28, .h = 28, .stride = 56 },
  .data_size = sizeof(wi_heavy_map), .data = wi_heavy_map,
};

static const uint8_t wi_scattered_showers_map[] = {
  0x00, 0x00, 0x00, 0x00, 0x00, 0x00, 0x00, 0x00, 0x00, 0x00, 0x00, 0x00, 0x00, 0x00, 0x00, 0x00,
  0x00, 0x00, 0x00, 0x00, 0xFF, 0xFF, 0x00, 0x00, 0x00, 0x00, 0x9E, 0xEF, 0x9E, 0xF7, 0x9E, 0xEF,
  0x7D, 0xEF, 0x7D, 0xEF, 0x7D, 0xEF, 0x9E, 0xEF, 0x9E, 0xEF, 0x7E, 0xEF, 0x00, 0x00, 0x00, 0x00,
  0xFF, 0xFF, 0x00, 0x00, 0x00, 0x00, 0x00, 0x00, 0x00, 0x00, 0x00, 0x00, 0x00, 0x00, 0x00, 0x00,
  0x00, 0x00, 0x00, 0x00, 0x00, 0x00, 0x00, 0x00, 0x00, 0x00, 0xFF, 0xFF, 0x00, 0x00, 0x7D, 0xE7,
  0xBE, 0xF7, 0x9E, 0xF7, 0xDF, 0xFF, 0xBE, 0xF7, 0x7E, 0xEF, 0x7D, 0xEF, 0x7D, 0xEF, 0x9E, 0xEF,
  0xBF, 0xF7, 0x7E, 0xEF, 0x7E, 0xEF, 0x5D, 0xE7, 0x00, 0x00, 0xFF, 0xFF, 0x00, 0x00, 0x00, 0x00,
  0x00, 0x00, 0x00, 0x00, 0x00, 0x00, 0x00, 0x00, 0x00, 0x00, 0x00, 0x00, 0x00, 0x00, 0x00, 0x00,
  0xFF, 0xFF, 0x00, 0x00, 0x7D, 0xEF, 0xBE, 0xF7, 0xFF, 0xFF, 0x7D, 0xEF, 0x7D, 0xEF, 0x7D, 0xEF,
  0x7D, 0xEF, 0x7D, 0xEF, 0x5D, 0xEF, 0x5D, 0xEF, 0x5D, 0xE7, 0x5D, 0xE7, 0xDF, 0xF7, 0x9E, 0xEF,
  0x3D, 0xE7, 0x00, 0x00, 0xFF, 0xFF, 0x00, 0x00, 0x00, 0x00, 0x00, 0x00, 0x00, 0x00, 0x00, 0x00,
  0x00, 0x00, 0x00, 0x00, 0x00, 0x00, 0xFF, 0xFF, 0x00, 0x00, 0x5D, 0xEF, 0xDF, 0xFF, 0x9E, 0xF7,
  0x7D, 0xEF, 0x7D, 0xEF, 0x7D, 0xEF, 0x7D, 0xEF, 0x7D, 0xEF, 0x5D, 0xEF, 0x5D, 0xEF, 0x5D, 0xEF,
  0x5D, 0xEF, 0x5D, 0xE7, 0x3D, 0xE7, 0x5D, 0xEF, 0x9E, 0xF7, 0x1C, 0xE7, 0x00, 0x00, 0xFF, 0xFF,
  0x00, 0x00, 0x00, 0x00, 0x00, 0x00, 0x00, 0x00, 0x00, 0x00, 0x00, 0x00, 0xFF, 0xFF, 0xFF, 0xFF,
  0x9E, 0xEF, 0xBE, 0xF7, 0x9E, 0xF7, 0x7D, 0xEF, 0x7D, 0xEF, 0x7D, 0xEF, 0x7D, 0xEF, 0x7D, 0xEF,
  0x5D, 0xEF, 0x5D, 0xEF, 0x5D, 0xEF, 0x5D, 0xEF, 0x5D, 0xE7, 0x5D, 0xE7, 0x5D, 0xE7, 0x3D, 0xE7,
  0x5D, 0xEF, 0x5D, 0xEF, 0x3C, 0xE7, 0xFF, 0xFF, 0x00, 0x00, 0x00, 0x00, 0x00, 0x00, 0x00, 0x00,
  0x00, 0x00, 0x00, 0x00, 0xFF, 0xFF, 0x00, 0x00, 0x7D, 0xEF, 0xFF, 0xFF, 0x7D, 0xEF, 0x7D, 0xEF,
  0x7D, 0xEF, 0x7D, 0xEF, 0x7D, 0xEF, 0x5D, 0xEF, 0x5D, 0xEF, 0x5D, 0xEF, 0x5D, 0xEF, 0x5D, 0xE7,
  0x5D, 0xE7, 0x5D, 0xE7, 0x5D, 0xE7, 0x3D, 0xE7, 0x3C, 0xE7, 0xBE, 0xF7, 0x3C, 0xE7, 0x00, 0x00,
  0x00, 0x00, 0x00, 0x00, 0x00, 0x00, 0x00, 0x00, 0x00, 0x00, 0xFF, 0xFF, 0x00, 0x00, 0x7E, 0xEF,
  0xBE, 0xF7, 0x7D, 0xEF, 0x7D, 0xEF, 0x7D, 0xEF, 0x7D, 0xEF, 0x7D, 0xEF, 0x5D, 0xEF, 0x5D, 0xEF,
  0x5D, 0xEF, 0x5D, 0xEF, 0x5D, 0xE7, 0x5D, 0xE7, 0x5D, 0xE7, 0x5D, 0xE7, 0x3D, 0xE7, 0x3D, 0xE7,
  0x3D, 0xE7, 0x3D, 0xE7, 0x5D, 0xE7, 0x3C, 0xE7, 0x00, 0x00, 0x00, 0x00, 0x00, 0x00, 0x00, 0x00,
  0x00, 0x00, 0xFF, 0xFF, 0x00, 0x00, 0x7D, 0xEF, 0xFF, 0xFF, 0x7D, 0xEF, 0x7D, 0xEF, 0x7D, 0xEF,
  0x7D, 0xEF, 0x5D, 0xEF, 0x5D, 0xEF, 0x5D, 0xEF, 0x5D, 0xEF, 0x5D, 0xE7, 0x5D, 0xE7, 0x5D, 0xE7,
  0x3D, 0xE7, 0x3D, 0xE7, 0x3D, 0xE7, 0x3D, 0xE7, 0x3D, 0xE7, 0x3C, 0xE7, 0x7E, 0xEF, 0x3C, 0xE7,
  0x00, 0x00, 0x00, 0x00, 0x00, 0x00, 0x00, 0x00, 0x00, 0x00, 0xFF, 0xFF, 0xFF, 0xFF, 0x7D, 0xEF,
  0xDF, 0xF7, 0x7D, 0xEF, 0x7D, 0xEF, 0x7D, 0xEF, 0x5D, 0xEF, 0x5D, 0xEF, 0x5D, 0xEF, 0x5D, 0xE7,
  0x5D, 0xE7, 0x5D, 0xE7, 0x5D, 0xE7, 0x5D, 0xE7, 0x3D, 0xE7, 0x3D, 0xE7, 0x5C, 0xEF, 0x3E, 0xA6,
  0xFE, 0x9D, 0x3C, 0xE7, 0x5D, 0xEF, 0x1C, 0xE7, 0x00, 0x00, 0x00, 0x00, 0x00, 0x00, 0x00, 0x00,
  0xFF, 0xFF, 0x00, 0x00, 0xFF, 0xFF, 0x7D, 0xEF, 0x9E, 0xF7, 0x7D, 0xEF, 0x7D, 0xEF, 0x5D, 0xEF,
  0x5D, 0xEF, 0x5D, 0xEF, 0x5D, 0xEF, 0x5D, 0xE7, 0x5D, 0xE7, 0x5D, 0xE7, 0x3D, 0xE7, 0x3D, 0xE7,
  0x3D, 0xE7, 0x5C, 0xEF, 0x5E, 0xAE, 0x5F, 0x75, 0x5F, 0x75, 0xFE, 0xA5, 0x3C, 0xE7, 0x1C, 0xDF,
  0x00, 0x00, 0x00, 0x00, 0x00, 0x00, 0x00, 0x00, 0xFF, 0xFF, 0xFF, 0xFF, 0x9E, 0xF7, 0x7D, 0xEF,
  0x9E, 0xEF, 0x5D, 0xEF, 0x5D, 0xEF, 0x5D, 0xEF, 0x5D, 0xEF, 0x5D, 0xEF, 0x5D, 0xE7, 0x5D, 0xE7,
  0x5D, 0xE7, 0x3D, 0xE7, 0x3D, 0xE7, 0x3D, 0xE7, 0x3D, 0xE7, 0xFD, 0xDE, 0x7E, 0x7D, 0x7F, 0x7D,
  0x7F, 0x7D, 0x5F, 0x75, 0xBD, 0xCE, 0x3C, 0xE7, 0x00, 0x00, 0x00, 0x00, 0x00, 0x00, 0xFF, 0xFF,
  0xFF, 0xFF, 0x00, 0x00, 0x00, 0x00, 0x7D, 0xEF, 0x9E, 0xF7, 0x5D, 0xE7, 0x5D, 0xEF, 0x5D, 0xE7,
  0x5D, 0xEF, 0x5D, 0xE7, 0x5D, 0xE7, 0x5D, 0xE7, 0x3D, 0xE7, 0x3D, 0xE7, 0x3D, 0xE7, 0x3D, 0xE7,
  0x3D, 0xE7, 0x1D, 0xDF, 0x7F, 0x85, 0x5F, 0x7D, 0x7F, 0x7D, 0x5F, 0x75, 0xBD, 0xCE, 0x1C, 0xE7,
  0x00, 0x00, 0x00, 0x00, 0xFF, 0xFF, 0x00, 0x00, 0x00, 0x00, 0xDF, 0xFF, 0xBF, 0xF7, 0x9E, 0xF7,
  0xBE, 0xF7, 0x9E, 0xEF, 0x9E, 0xEF, 0x7E, 0xEF, 0x5D, 0xE7, 0x5D, 0xE7, 0x5D, 0xE7, 0x3D, 0xE7,
  0x3D, 0xE7, 0x3D, 0xE7, 0x3D, 0xE7, 0x3D, 0xE7, 0x3D, 0xE7, 0x3C, 0xE7, 0x7D, 0xBE, 0x7F, 0x7D,
  0x5F, 0x7D, 0x1E, 0xA6, 0x5D, 0xE7, 0x1C, 0xDF, 0x00, 0x00, 0xFF, 0xFF, 0x00, 0x00, 0x7D, 0xE7,
  0xDF, 0xFF, 0xDF, 0xF7, 0xFF, 0xFF, 0xBE, 0xF7, 0x9E, 0xF7, 0xBE, 0xF7, 0xBE, 0xF7, 0xBF, 0xF7,
  0xBF, 0xF7, 0x7E, 0xEF, 0x3D, 0xE7, 0x3D, 0xE7, 0x3D, 0xE7, 0x3D, 0xE7, 0x3D, 0xE7, 0x3C, 0xE7,
  0x3C, 0xE7, 0x1C, 0xE7, 0x3C, 0xE7, 0xFC, 0xD6, 0xDD, 0xD6, 0x1C, 0xE7, 0x7E, 0xEF, 0x1C, 0xDF,
  0xFF, 0xFF, 0x00, 0x00, 0x9E, 0xF7, 0xDF, 0xFF, 0xFF, 0xFF, 0x9E, 0xF7, 0x9E, 0xF7, 0x9E, 0xF7,
  0x9E, 0xF7, 0xBE, 0xF7, 0xBE, 0xF7, 0xBF, 0xF7, 0xDF, 0xFF, 0xDF, 0xFF, 0x9E, 0xF7, 0x3D, 0xE7,
  0x3D, 0xE7, 0x3D, 0xE7, 0x3C, 0xE7, 0x3C, 0xE7, 0x1C, 0xE7, 0x1C, 0xE7, 0x1C, 0xDF, 0x1C, 0xE7,
  0x1C, 0xE7, 0x1C, 0xDF, 0x1C, 0xE7, 0x1C, 0xE7, 0xFF, 0xFF, 0xBE, 0xF7, 0xBE, 0xF7, 0xFF, 0xFF,
  0x9E, 0xEF, 0x9E, 0xF7, 0x9E, 0xF7, 0x9E, 0xF7, 0x9E, 0xF7, 0xBE, 0xF7, 0xBE, 0xF7, 0xBF, 0xF7,
  0xDF, 0xF7, 0xDF, 0xFF, 0xFF, 0xFF, 0x9E, 0xF7, 0x3D, 0xE7, 0x1D, 0xDF, 0x3C, 0xE7, 0x1C, 0xE7,
  0x1C, 0xE7, 0x1C, 0xE7, 0x1C, 0xE7, 0x1C, 0xDF, 0xFC, 0xDE, 0x7E, 0xEF, 0xFC, 0xDE, 0x00, 0x00,
  0xFF, 0xFF, 0x9E, 0xEF, 0xFF, 0xFF, 0x9E, 0xF7, 0x9E, 0xF7, 0x9E, 0xF7, 0x9E, 0xF7, 0x9E, 0xF7,
  0x9E, 0xF7, 0xBE, 0xF7, 0xBE, 0xF7, 0xBF, 0xF7, 0xDF, 0xF7, 0xDF, 0xFF, 0xFF, 0xFF, 0xFF, 0xFF,
  0x1E, 0x9E, 0xBE, 0x95, 0x1C, 0xE7, 0x3C, 0xE7, 0x1C, 0xE7, 0x1C, 0xE7, 0x1C, 0xDF, 0xFC, 0xDE,
  0x3C, 0xE7, 0x3D, 0xE7, 0xFC, 0xDE, 0xFF, 0xFF, 0xBE, 0xF7, 0xDF, 0xFF, 0x9E, 0xF7, 0x9E, 0xF7,
  0x9E, 0xF7, 0x9E, 0xF7, 0x9E, 0xF7, 0x9E, 0xF7, 0x9E, 0xF7, 0xBE, 0xF7, 0xBE, 0xF7, 0xBE, 0xF7,
  0xDF, 0xF7, 0xDF, 0xFF, 0xFF, 0xFF, 0x7F, 0xB6, 0x3F, 0x75, 0x5F, 0x75, 0xDE, 0x95, 0x1C, 0xE7,
  0x1C, 0xE7, 0x1C, 0xDF, 0x1C, 0xDF, 0x1C, 0xE7, 0x5D, 0xEF, 0xFB, 0xDE, 0x00, 0x00, 0xFF, 0xFF,
  0x9E, 0xF7, 0xFF, 0xFF, 0x9E, 0xF7, 0x9E, 0xF7, 0x9E, 0xF7, 0x9E, 0xF7, 0x9E, 0xF7, 0x9E, 0xF7,
  0x9E, 0xF7, 0x9E, 0xF7, 0xBE, 0xF7, 0xBE, 0xF7, 0xBF, 0xF7, 0xDF, 0xFF, 0x9F, 0xEF, 0x7E, 0x7D,
  0x5E, 0x7D, 0x7E, 0x7D, 0x3F, 0x75, 0x9D, 0xC6, 0x3C, 0xE7, 0xFC, 0xDE, 0x7E, 0xEF, 0x3D, 0xE7,
  0xFB, 0xDE, 0x00, 0x00, 0xFF, 0xFF, 0x00, 0x00, 0x9E, 0xF7, 0xDF, 0xFF, 0xBE, 0xF7, 0xBF, 0xF7,
  0xBF, 0xF7, 0xBF, 0xF7, 0xBF, 0xF7, 0xBF, 0xF7, 0xBF, 0xF7, 0xDF, 0xF7, 0xDF, 0xFF, 0xDF, 0xFF,
  0xFF, 0xFF, 0xFF, 0xFF, 0xDF, 0xF7, 0xBF, 0x8D, 0x7F, 0x7D, 0x7F, 0x7D, 0x7F, 0x7D, 0x1E, 0xD7,
  0x9E, 0xF7, 0x3D, 0xE7, 0x3D, 0xE7, 0xFB, 0xD6, 0x00, 0x00, 0xFF, 0xFF, 0x00, 0x00, 0x00, 0x00,
  0x9E, 0xF7, 0x9E, 0xF7, 0x9E, 0xF7, 0x9E, 0xF7, 0x9E, 0xF7, 0x9E, 0xF7, 0x9E, 0xF7, 0xBE, 0xF7,
  0x9E, 0xF7, 0xBE, 0xF7, 0xBE, 0xF7, 0xBE, 0xF7, 0xBF, 0xF7, 0xBF, 0xF7, 0xFF, 0xFF, 0x1F, 0xD7,
  0x7F, 0x85, 0x7F, 0x7D, 0x3D, 0xAE, 0x3C, 0xE7, 0x3C, 0xE7, 0x1C, 0xE7, 0x00, 0x00, 0x00, 0x00,
  0xFF, 0xBD, 0x00, 0x00, 0x00, 0x00, 0x00, 0x00, 0x9E, 0xF7, 0x7D, 0xEF, 0x7F, 0xEF, 0x7D, 0xEF,
  0x7F, 0xEF, 0x7D, 0xEF, 0x7D, 0xEF, 0x7D, 0xEF, 0x7D, 0xEF, 0x7F, 0xEF, 0xFF, 0xEF, 0xFF, 0xFF,
  0xFF, 0xFF, 0xFF, 0xFF, 0x7F, 0xEF, 0xFF, 0xFF, 0x1F, 0xC7, 0x7E, 0x85, 0xFA, 0xFF, 0x00, 0x00,
  0x00, 0x00, 0x00, 0x00, 0xFF, 0x7F, 0xFF, 0xFF, 0x00, 0x00, 0xFF, 0xFF, 0x00, 0x00, 0x00, 0x00,
  0x00, 0x00, 0x00, 0x00, 0x00, 0x00, 0x00, 0x00, 0x00, 0x00, 0x00, 0x00, 0x00, 0x00, 0x00, 0x00,
  0x00, 0x00, 0x00, 0x00, 0x00, 0x00, 0x00, 0x00, 0x00, 0x00, 0x00, 0x00, 0x00, 0x00, 0x00, 0x00,
  0x00, 0x00, 0x00, 0x00, 0x00, 0x00, 0xFF, 0xFF, 0xFF, 0xFF, 0xFF, 0xFF, 0x00, 0x00, 0xFF, 0x7D,
  0x5F, 0x75, 0x00, 0x00, 0xFF, 0xFF, 0x00, 0x00, 0xFF, 0xFF, 0xFF, 0xFF, 0xFF, 0xFF, 0xFF, 0xFF,
  0xFF, 0xFF, 0xFF, 0xFF, 0xFF, 0xFF, 0xFF, 0xFF, 0xFF, 0xFF, 0xFF, 0xFF, 0xFF, 0xFF, 0xFF, 0xFF,
  0xFF, 0xFF, 0xFF, 0xFF, 0xFF, 0xFF, 0xFF, 0xFF, 0xFF, 0xFF, 0xFF, 0xFF, 0xFF, 0xFF, 0x00, 0x00,
  0xFF, 0x07, 0xFF, 0x7B, 0x5F, 0x55, 0x7F, 0x7D, 0x7F, 0x7D, 0x5F, 0x7D, 0x00, 0x00, 0xFF, 0xFF,
  0x00, 0x00, 0x00, 0x00, 0x00, 0x00, 0x00, 0x00, 0x00, 0x00, 0x00, 0x00, 0x00, 0x00, 0x00, 0x00,
  0x00, 0x00, 0x00, 0x00, 0x00, 0x00, 0x00, 0x00, 0x00, 0x00, 0x00, 0x00, 0x00, 0x00, 0x00, 0x00,
  0x00, 0x00, 0x00, 0x00, 0x00, 0x00, 0x00, 0x00, 0xFF, 0x7F, 0xFF, 0xFF, 0x7E, 0x7D, 0xDF, 0x85,
  0xDF, 0x85, 0x5E, 0x7D, 0x9B, 0x6C, 0xFF, 0x7B, 0x00, 0x00, 0x00, 0x00, 0x00, 0x00, 0x00, 0x00,
  0x00, 0x00, 0x00, 0x00, 0x00, 0x00, 0x00, 0x00, 0x00, 0x00, 0x00, 0x00, 0x00, 0x00, 0x00, 0x00,
  0x00, 0x00, 0x00, 0x00, 0x00, 0x00, 0x00, 0x00, 0x00, 0x00, 0x00, 0x00, 0x00, 0x00, 0xFF, 0x7B,
  0x00, 0x00, 0x7E, 0x7D, 0x7F, 0x7D, 0x7F, 0x7D, 0x5E, 0x7D, 0xBF, 0x85, 0x5E, 0x7D, 0x00, 0x00,
  0x00, 0x00, 0x00, 0x00, 0x00, 0x00, 0x00, 0x00, 0x00, 0x00, 0x00, 0x00, 0x00, 0x00, 0x00, 0x00,
  0x00, 0x00, 0x00, 0x00, 0x00, 0x00, 0x00, 0x00, 0x00, 0x00, 0x00, 0x00, 0x00, 0x00, 0x00, 0x00,
  0x00, 0x00, 0x00, 0x00, 0x00, 0x00, 0xFF, 0xFF, 0x00, 0x00, 0x5E, 0x7D, 0x7F, 0x7D, 0x9F, 0x85,
  0x7F, 0x7D, 0x7F, 0x7D, 0x7F, 0x7D, 0x00, 0x00, 0x00, 0x00, 0x00, 0x00, 0x00, 0x00, 0x00, 0x00,
  0x00, 0x00, 0x00, 0x00, 0x00, 0x00, 0x00, 0x00, 0x00, 0x00, 0x00, 0x00, 0x00, 0x00, 0x00, 0x00,
  0x00, 0x00, 0x00, 0x00, 0x00, 0x00, 0x00, 0x00, 0x00, 0x00, 0x00, 0x00, 0x00, 0x00, 0x00, 0x00,
  0xFF, 0x7F, 0x00, 0x00, 0x7F, 0x7D, 0x9F, 0x85, 0x9F, 0x85, 0x5E, 0x7D, 0x00, 0x00, 0xFF, 0x7F,
  0x00, 0x00, 0x00, 0x00, 0x00, 0x00, 0x00, 0x00, 0x00, 0x00, 0x03, 0x00, 0x00, 0x41, 0x97, 0xD4,
  0xF5, 0xFF, 0xF4, 0xD4, 0x97, 0x3E, 0x00, 0x00, 0x03, 0x00, 0x00, 0x00, 0x00, 0x00, 0x00, 0x00,
  0x00, 0x00, 0x00, 0x00, 0x00, 0x03, 0x00, 0x2C, 0xB3, 0xFD, 0xFF, 0xFF, 0xFF, 0xFF, 0xFF, 0xFF,
  0xFF, 0xFC, 0xB2, 0x2D, 0x00, 0x03, 0x00, 0x00, 0x00, 0x00, 0x00, 0x00, 0x00, 0x00, 0x00, 0x00,
  0x03, 0x00, 0x59, 0xF4, 0xFF, 0xFE, 0xFC, 0xFE, 0xFF, 0xFF, 0xFF, 0xFE, 0xFC, 0xFF, 0xFF, 0xF4,
  0x5A, 0x00, 0x03, 0x00, 0x00, 0x00, 0x00, 0x00, 0x00, 0x00, 0x00, 0x03, 0x00, 0x59, 0xFF, 0xFF,
  0xFB, 0xFF, 0xFF, 0xFF, 0xFF, 0xFF, 0xFF, 0xFF, 0xFF, 0xFF, 0xFB, 0xFF, 0xFF, 0x58, 0x00, 0x03,
  0x00, 0x00, 0x00, 0x00, 0x00, 0x00, 0x02, 0x01, 0x2A, 0xF6, 0xFD, 0xFD, 0xFF, 0xFF, 0xFF, 0xFF,
  0xFF, 0xFF, 0xFF, 0xFF, 0xFF, 0xFF, 0xFF, 0xFD, 0xFD, 0xF6, 0x29, 0x01, 0x00, 0x00, 0x00, 0x00,
  0x00, 0x00, 0x02, 0x00, 0xB9, 0xFF, 0xFC, 0xFF, 0xFF, 0xFF, 0xFF, 0xFF, 0xFF, 0xFF, 0xFF, 0xFF,
  0xFF, 0xFF, 0xFF, 0xFF, 0xFC, 0xFF, 0xB7, 0x00, 0x00, 0x00, 0x00, 0x00, 0x00, 0x03, 0x00, 0x37,
  0xFF, 0xFD, 0xFF, 0xFF, 0xFF, 0xFF, 0xFF, 0xFF, 0xFF, 0xFF, 0xFF, 0xFF, 0xFF, 0xFF, 0xFF, 0xFF,
  0xFF, 0xFD, 0xFE, 0x3D, 0x00, 0x00, 0x00, 0x00, 0x00, 0x04, 0x00, 0x90, 0xFF, 0xFB, 0xFF, 0xFF,
  0xFF, 0xFF, 0xFF, 0xFF, 0xFF, 0xFF, 0xFF, 0xFF, 0xFF, 0xFF, 0xFF, 0xFF, 0xFF, 0xFC, 0xFF, 0x99,
  0x00, 0x00, 0x00, 0x00, 0x00, 0x01, 0x01, 0xCA, 0xFF, 0xFC, 0xFF, 0xFF, 0xFF, 0xFF, 0xFF, 0xFF,
  0xFF, 0xFF, 0xFF, 0xFF, 0xFF, 0xFF, 0xFF, 0xFF, 0xFF, 0xFD, 0xFF, 0xD7, 0x00, 0x00, 0x00, 0x00,
  0x01, 0x00, 0x0A, 0xE5, 0xFF, 0xFD, 0xFF, 0xFF, 0xFF, 0xFF, 0xFF, 0xFF, 0xFF, 0xFF, 0xFF, 0xFF,
  0xFF, 0xFF, 0xFF, 0xFF, 0xFF, 0xFF, 0xFF, 0xF5, 0x00, 0x00, 0x00, 0x00, 0x01, 0x02, 0x14, 0xF0,
  0xFF, 0xFE, 0xFF, 0xFF, 0xFF, 0xFF, 0xFF, 0xFF, 0xFF, 0xFF, 0xFF, 0xFF, 0xFF, 0xFF, 0xFF, 0xFF,
  0xFF, 0xFF, 0xFF, 0xFF, 0x00, 0x00, 0x00, 0x01, 0x04, 0x00, 0x00, 0xE1, 0xFF, 0xFE, 0xFF, 0xFF,
  0xFF, 0xFF, 0xFF, 0xFF, 0xFF, 0xFF, 0xFF, 0xFF, 0xFF, 0xFF, 0xFF, 0xFF, 0xFF, 0xFF, 0xFF, 0xF4,
  0x00, 0x00, 0x02, 0x00, 0x00, 0x28, 0x75, 0xEC, 0xFE, 0xFE, 0xFF, 0xFF, 0xFF, 0xFF, 0xFF, 0xFF,
  0xFF, 0xFF, 0xFF, 0xFF, 0xFF, 0xFF, 0xFF, 0xFF, 0xFF, 0xFD, 0xFF, 0xD8, 0x00, 0x03, 0x00, 0x1B,
  0xA0, 0xF8, 0xFF, 0xFF, 0xFF, 0xFF, 0xFF, 0xFF, 0xFF, 0xFF, 0xFF, 0xFF, 0xFF, 0xFF, 0xFF, 0xFF,
  0xFF, 0xFF, 0xFF, 0xFF, 0xFF, 0xFC, 0xFF, 0x99, 0x02, 0x00, 0x37, 0xE2, 0xFF, 0xFF, 0xFB, 0xFF,
  0xFF, 0xFF, 0xFF, 0xFF, 0xFF, 0xFF, 0xFF, 0xFF, 0xFF, 0xFF, 0xFF, 0xFF, 0xFF, 0xFF, 0xFF, 0xFF,
  0xFF, 0xFE, 0xFD, 0x3A, 0x01, 0x1F, 0xEC, 0xFF, 0xFA, 0xFE, 0xFF, 0xFF, 0xFF, 0xFF, 0xFF, 0xFF,
  0xFF, 0xFF, 0xFF, 0xFF, 0xFF, 0xFF, 0xFF, 0xFF, 0xFF, 0xFF, 0xFF, 0xFF, 0xFC, 0xFF, 0xB6, 0x00,
  0x02, 0xB7, 0xFF, 0xFA, 0xFF, 0xFF, 0xFF, 0xFF, 0xFF, 0xFF, 0xFF, 0xFF, 0xFF, 0xFF, 0xFF, 0xFF,
  0xFF, 0xFF, 0xFF, 0xFF, 0xFF, 0xFF, 0xFF, 0xFD, 0xFD, 0xF6, 0x29, 0x01, 0x4B, 0xFF, 0xFD, 0xFF,
  0xFF, 0xFF, 0xFF, 0xFF, 0xFF, 0xFF, 0xFF, 0xFF, 0xFF, 0xFF, 0xFF, 0xFF, 0xFF, 0xFF, 0xFF, 0xFF,
  0xFF, 0xFF, 0xFB, 0xFF, 0xFF, 0x59, 0x00, 0x03, 0xAB, 0xFD, 0xFB, 0xFE, 0xFE, 0xFE, 0xFD, 0xFE,
  0xFE, 0xFE, 0xFE, 0xFE, 0xFE, 0xFE, 0xFE, 0xFE, 0xFE, 0xFE, 0xFE, 0xFC, 0xFB, 0xFD, 0xFF, 0xF3,
  0x59, 0x00, 0x03, 0x00, 0xE8, 0xFF, 0xFF, 0xFF, 0xFF, 0xFF, 0xFF, 0xFF, 0xFF, 0xFF, 0xFF, 0xFF,
  0xFF, 0xFF, 0xFF, 0xFF, 0xFF, 0xFF, 0xFF, 0xFF, 0xFF, 0xFF, 0xB6, 0x2D, 0x00, 0x03, 0x00, 0x00,
  0xEB, 0xEF, 0xEE, 0xEF, 0xEF, 0xEF, 0xEF, 0xEE, 0xEF, 0xEF, 0xEE, 0xEF, 0xEF, 0xEF, 0xEF, 0xEF,
  0xEF, 0xF0, 0xE5, 0xC6, 0x8E, 0x3D, 0x00, 0x00, 0x04, 0x00, 0x00, 0x00, 0x11, 0x10, 0x10, 0x10,
  0x10, 0x10, 0x10, 0x10, 0x10, 0x10, 0x10, 0x10, 0x10, 0x10, 0x10, 0x10, 0x11, 0x13, 0x0B, 0x00,
  0x00, 0x00, 0x02, 0x01, 0x00, 0x01, 0x00, 0x00, 0x00, 0x00, 0x00, 0x00, 0x00, 0x00, 0x00, 0x00,
  0x00, 0x00, 0x00, 0x00, 0x00, 0x00, 0x00, 0x00, 0x00, 0x00, 0x00, 0x01, 0x03, 0x03, 0x00, 0x04,
  0x09, 0x00, 0x01, 0x00, 0x01, 0x01, 0x01, 0x01, 0x01, 0x01, 0x01, 0x01, 0x01, 0x01, 0x01, 0x01,
  0x01, 0x01, 0x01, 0x01, 0x01, 0x01, 0x01, 0x00, 0x01, 0x02, 0x03, 0xAF, 0xC6, 0x0C, 0x00, 0x01,
  0x00, 0x00, 0x00, 0x00, 0x00, 0x00, 0x00, 0x00, 0x00, 0x00, 0x00, 0x00, 0x00, 0x00, 0x00, 0x00,
  0x00, 0x00, 0x00, 0x00, 0x02, 0x01, 0x9E, 0xFF, 0xFF, 0xBA, 0x07, 0x02, 0x00, 0x00, 0x00, 0x00,
  0x00, 0x00, 0x00, 0x00, 0x00, 0x00, 0x00, 0x00, 0x00, 0x00, 0x00, 0x00, 0x00, 0x00, 0x00, 0x02,
  0x00, 0x22, 0xFF, 0xFC, 0xFA, 0xFF, 0x3C, 0x00, 0x00, 0x00, 0x00, 0x00, 0x00, 0x00, 0x00, 0x00,
  0x00, 0x00, 0x00, 0x00, 0x00, 0x00, 0x00, 0x00, 0x00, 0x00, 0x00, 0x01, 0x00, 0x15, 0xED, 0xFF,
  0xFF, 0xFC, 0x28, 0x00, 0x00, 0x00, 0x00, 0x00, 0x00, 0x00, 0x00, 0x00, 0x00, 0x00, 0x00, 0x00,
  0x00, 0x00, 0x00, 0x00, 0x00, 0x00, 0x00, 0x00, 0x02, 0x00, 0x58, 0xED, 0xF3, 0x70, 0x00, 0x02
};

const lv_image_dsc_t wi_scattered_showers = {
  .header = { .magic = LV_IMAGE_HEADER_MAGIC, .cf = LV_COLOR_FORMAT_RGB565A8,
               .flags = 0, .w = 28, .h = 28, .stride = 56 },
  .data_size = sizeof(wi_scattered_showers_map), .data = wi_scattered_showers_map,
};

static const uint8_t wi_isolated_tstorms_map[] = {
  0x00, 0x00, 0x00, 0x00, 0x00, 0x00, 0x00, 0x00, 0x00, 0x00, 0x00, 0x00, 0x00, 0x00, 0x00, 0x00,
  0x00, 0x00, 0x00, 0x00, 0xFF, 0xFF, 0x00, 0x00, 0x00, 0x00, 0x9E, 0xEF, 0x9E, 0xF7, 0x9E, 0xEF,
  0x7D, 0xEF, 0x7D, 0xEF, 0x7D, 0xEF, 0x9E, 0xEF, 0x9E, 0xEF, 0x7E, 0xEF, 0x00, 0x00, 0x00, 0x00,
  0xFF, 0xFF, 0x00, 0x00, 0x00, 0x00, 0x00, 0x00, 0x00, 0x00, 0x00, 0x00, 0x00, 0x00, 0x00, 0x00,
  0x00, 0x00, 0x00, 0x00, 0x00, 0x00, 0x00, 0x00, 0x00, 0x00, 0xFF, 0xFF, 0x00, 0x00, 0x7D, 0xE7,
  0xBE, 0xF7, 0x9E, 0xF7, 0xDF, 0xFF, 0xBE, 0xF7, 0x7E, 0xEF, 0x7D, 0xEF, 0x7D, 0xEF, 0x9E, 0xEF,
  0xBF, 0xF7, 0x7E, 0xEF, 0x7E, 0xEF, 0x5D, 0xE7, 0x00, 0x00, 0xFF, 0xFF, 0x00, 0x00, 0x00, 0x00,
  0x00, 0x00, 0x00, 0x00, 0x00, 0x00, 0x00, 0x00, 0x00, 0x00, 0x00, 0x00, 0x00, 0x00, 0x00, 0x00,
  0xFF, 0xFF, 0x00, 0x00, 0x7D, 0xEF, 0xBE, 0xF7, 0xFF, 0xFF, 0x7D, 0xEF, 0x7D, 0xEF, 0x7D, 0xEF,
  0x7D, 0xEF, 0x7D, 0xEF, 0x5D, 0xEF, 0x5D, 0xEF, 0x5D, 0xE7, 0x5D, 0xE7, 0xDF, 0xF7, 0x9E, 0xEF,
  0x3D, 0xE7, 0x00, 0x00, 0xFF, 0xFF, 0x00, 0x00, 0x00, 0x00, 0x00, 0x00, 0x00, 0x00, 0x00, 0x00,
  0x00, 0x00, 0x00, 0x00, 0x00, 0x00, 0xFF, 0xFF, 0x00, 0x00, 0x5D, 0xEF, 0xDF, 0xFF, 0x9E, 0xF7,
  0x7D, 0xEF, 0x7D, 0xEF, 0x7D, 0xEF, 0x7D, 0xEF, 0x7D, 0xEF, 0x5D, 0xEF, 0x5D, 0xEF, 0x5D, 0xEF,
  0x5D, 0xEF, 0x5D, 0xE7, 0x3D, 0xE7, 0x5D, 0xEF, 0x9E, 0xF7, 0x1C, 0xE7, 0x00, 0x00, 0xFF, 0xFF,
  0x00, 0x00, 0x00, 0x00, 0x00, 0x00, 0x00, 0x00, 0x00, 0x00, 0x00, 0x00, 0xFF, 0xFF, 0xFF, 0xFF,
  0x9E, 0xEF, 0xBE, 0xF7, 0x9E, 0xF7, 0x7D, 0xEF, 0x7D, 0xEF, 0x7D, 0xEF, 0x7D, 0xEF, 0x7D, 0xEF,
  0x5D, 0xEF, 0x5D, 0xEF, 0x5D, 0xEF, 0x5D, 0xEF, 0x5D, 0xE7, 0x5D, 0xE7, 0x5D, 0xE7, 0x3D, 0xE7,
  0x5D, 0xEF, 0x5D, 0xEF, 0x3C, 0xE7, 0xFF, 0xFF, 0x00, 0x00, 0x00, 0x00, 0x00, 0x00, 0x00, 0x00,
  0x00, 0x00, 0x00, 0x00, 0xFF, 0xFF, 0x00, 0x00, 0x7D, 0xEF, 0xFF, 0xFF, 0x7D, 0xEF, 0x7D, 0xEF,
  0x7D, 0xEF, 0x7D, 0xEF, 0x7D, 0xEF, 0x5D, 0xEF, 0x5D, 0xEF, 0x5D, 0xEF, 0x5D, 0xEF, 0x5D, 0xE7,
  0x5D, 0xE7, 0x5D, 0xE7, 0x5D, 0xE7, 0x3D, 0xE7, 0x3C, 0xE7, 0xBE, 0xF7, 0x3C, 0xE7, 0x00, 0x00,
  0x00, 0x00, 0x00, 0x00, 0x00, 0x00, 0x00, 0x00, 0x00, 0x00, 0xFF, 0xFF, 0x00, 0x00, 0x7E, 0xEF,
  0xBE, 0xF7, 0x7D, 0xEF, 0x7D, 0xEF, 0x7D, 0xEF, 0x7D, 0xEF, 0x7D, 0xEF, 0x5D, 0xEF, 0x5D, 0xEF,
  0x5D, 0xEF, 0x5D, 0xEF, 0x5D, 0xE7, 0x5D, 0xE7, 0x5D, 0xE7, 0x5D, 0xE7, 0x3D, 0xE7, 0x3D, 0xE7,
  0x3D, 0xE7, 0x3D, 0xE7, 0x5D, 0xE7, 0x3C, 0xE7, 0x00, 0x00, 0x00, 0x00, 0x00, 0x00, 0x00, 0x00,
  0x00, 0x00, 0xFF, 0xFF, 0x00, 0x00, 0x7D, 0xEF, 0xFF, 0xFF, 0x7D, 0xEF, 0x7D, 0xEF, 0x7D, 0xEF,
  0x7D, 0xEF, 0x5D, 0xEF, 0x5D, 0xEF, 0x5D, 0xEF, 0x5D, 0xEF, 0x5D, 0xE7, 0x5D, 0xE7, 0x5D, 0xE7,
  0x3D, 0xE7, 0x3D, 0xE7, 0x3D, 0xE7, 0x3D, 0xE7, 0x3D, 0xE7, 0x3C, 0xE7, 0x7E, 0xEF, 0x3C, 0xE7,
  0x00, 0x00, 0x00, 0x00, 0x00, 0x00, 0x00, 0x00, 0x00, 0x00, 0xFF, 0xFF, 0xFF, 0xFF, 0x7D, 0xEF,
  0xDF, 0xF7, 0x7D, 0xEF, 0x7D, 0xEF, 0x7D, 0xEF, 0x5D, 0xEF, 0x5D, 0xEF, 0x5D, 0xEF, 0x5D, 0xE7,
  0x5D, 0xE7, 0x5D, 0xE7, 0x5D, 0xE7, 0x5D, 0xE7, 0x3D, 0xE7, 0x3D, 0xE7, 0x5C, 0xEF, 0x3E, 0xA6,
  0xFE, 0x9D, 0x3C, 0xE7, 0x5D, 0xEF, 0x1C, 0xE7, 0x00, 0x00, 0x00, 0x00, 0x00, 0x00, 0x00, 0x00,
  0xFF, 0xFF, 0x00, 0x00, 0xFF, 0xFF, 0x7D, 0xEF, 0x9E, 0xF7, 0x7D, 0xEF, 0x7D, 0xEF, 0x5D, 0xEF,
  0x5D, 0xEF, 0x5D, 0xEF, 0x5D, 0xEF, 0x5D, 0xE7, 0x5D, 0xE7, 0x5D, 0xE7, 0x3D, 0xE7, 0x3D, 0xE7,
  0x3D, 0xE7, 0x5C, 0xEF, 0x5E, 0xAE, 0x5F, 0x75, 0x5F, 0x75, 0xFE, 0xA5, 0x3C, 0xE7, 0x1C, 0xDF,
  0x00, 0x00, 0x00, 0x00, 0x00, 0x00, 0x00, 0x00, 0xFF, 0xFF, 0xFF, 0xFF, 0x9E, 0xF7, 0x7D, 0xEF,
  0x9E, 0xEF, 0x5D, 0xEF, 0x5D, 0xEF, 0x5D, 0xEF, 0x5D, 0xEF, 0x5D, 0xEF, 0x5D, 0xE7, 0x5D, 0xE7,
  0x5D, 0xE7, 0x3D, 0xE7, 0x3D, 0xE7, 0x3D, 0xE7, 0x3D, 0xE7, 0xFD, 0xDE, 0x7E, 0x7D, 0x7F, 0x7D,
  0x7F, 0x7D, 0x5F, 0x75, 0xBD, 0xCE, 0x3C, 0xE7, 0x00, 0x00, 0x00, 0x00, 0x00, 0x00, 0xFF, 0xFF,
  0xFF, 0xFF, 0x00, 0x00, 0x00, 0x00, 0x7D, 0xEF, 0x9E, 0xF7, 0x5D, 0xE7, 0x5D, 0xEF, 0x5D, 0xE7,
  0x5D, 0xEF, 0x5D, 0xE7, 0x5D, 0xE7, 0x5D, 0xE7, 0x3D, 0xE7, 0x3D, 0xE7, 0x3D, 0xE7, 0x3D, 0xE7,
  0x3D, 0xE7, 0x1D, 0xDF, 0x7F, 0x85, 0x5F, 0x7D, 0x7F, 0x7D, 0x5F, 0x75, 0xBD, 0xCE, 0x1C, 0xE7,
  0x00, 0x00, 0x00, 0x00, 0xFF, 0xFF, 0x00, 0x00, 0x00, 0x00, 0xDF, 0xFF, 0xBF, 0xF7, 0x9E, 0xF7,
  0xBE, 0xF7, 0x9E, 0xEF, 0x9E, 0xEF, 0x7E, 0xEF, 0x5D, 0xE7, 0x5D, 0xE7, 0x5D, 0xE7, 0x3D, 0xE7,
  0x3D, 0xE7, 0x3D, 0xE7, 0x3C, 0xE7, 0x3C, 0xE7, 0x3C, 0xE7, 0x3C, 0xE7, 0x7D, 0xBE, 0x7F, 0x7D,
  0x5F, 0x7D, 0x1E, 0xA6, 0x5D, 0xE7, 0x1C, 0xDF, 0x00, 0x00, 0xFF, 0xFF, 0x00, 0x00, 0x7D, 0xE7,
  0xDF, 0xFF, 0xDF, 0xF7, 0xFF, 0xFF, 0xBE, 0xF7, 0x9E, 0xF7, 0xBE, 0xF7, 0xBE, 0xF7, 0xBF, 0xF7,
  0xBF, 0xF7, 0x7E, 0xEF, 0x3D, 0xE7, 0x5D, 0xE7, 0x3D, 0xE7, 0x3D, 0xE7, 0x3D, 0xE7, 0x3D, 0xE7,
  0x3D, 0xE7, 0x1C, 0xE7, 0x3C, 0xE7, 0xFC, 0xD6, 0xDD, 0xD6, 0x1C, 0xE7, 0x7E, 0xEF, 0x1C, 0xDF,
  0xFF, 0xFF, 0x00, 0x00, 0x9E, 0xF7, 0xDF, 0xFF, 0xFF, 0xFF, 0x9E, 0xF7, 0x9E, 0xF7, 0x9E, 0xF7,
  0x9E, 0xF7, 0xBE, 0xF7, 0xBE, 0xF7, 0xBF, 0xF7, 0xDF, 0xFF, 0xDF, 0xFF, 0x9E, 0xF7, 0x1A, 0xE7,
  0x19, 0xE7, 0x19, 0xE7, 0x19, 0xE7, 0x19, 0xE7, 0x1A, 0xE7, 0x1C, 0xE7, 0x1C, 0xDF, 0x1C, 0xE7,
  0x1C, 0xE7, 0x1C, 0xDF, 0x1C, 0xE7, 0x1C, 0xE7, 0xFF, 0xFF, 0xBE, 0xF7, 0xBE, 0xF7, 0xFF, 0xFF,
  0x9E, 0xEF, 0x9E, 0xF7, 0x9E, 0xF7, 0x9E, 0xF7, 0x9E, 0xF7, 0xBE, 0xF7, 0xBE, 0xF7, 0xBF, 0xF7,
  0xDE, 0xF7, 0xFF, 0xFF, 0x99, 0xFF, 0xE2, 0xFD, 0xE1, 0xFD, 0xE1, 0xFD, 0xE1, 0xFD, 0xE0, 0xFD,
  0x8F, 0xEE, 0x3E, 0xDF, 0x1C, 0xE7, 0x1C, 0xDF, 0xFC, 0xDE, 0x7E, 0xEF, 0xFC, 0xDE, 0x00, 0x00,
  0xFF, 0xFF, 0x9E, 0xEF, 0xFF, 0xFF, 0x9E, 0xF7, 0x9E, 0xF7, 0x9E, 0xF7, 0x9E, 0xF7, 0x9E, 0xF7,
  0x9E, 0xF7, 0xBE, 0xF7, 0xBE, 0xF7, 0xBF, 0xF7, 0xBE, 0xF7, 0xFF, 0xFF, 0xAB, 0xFE, 0xC0, 0xFD,
  0xE0, 0xFD, 0xE0, 0xFD, 0xE0, 0xFD, 0x02, 0xFE, 0x1B, 0xE7, 0x1D, 0xE7, 0x1C, 0xDF, 0xFC, 0xDE,
  0x3C, 0xE7, 0x3D, 0xE7, 0xFC, 0xDE, 0xFF, 0xFF, 0xBE, 0xF7, 0xDF, 0xFF, 0x9E, 0xF7, 0x9E, 0xF7,
  0x9E, 0xF7, 0x9E, 0xF7, 0x9E, 0xF7, 0x9E, 0xF7, 0x9E, 0xF7, 0xBE, 0xF7, 0xBE, 0xF7, 0xBE, 0xF7,
  0xDF, 0xF7, 0x9A, 0xFF, 0xE1, 0xFD, 0xE0, 0xFD, 0xE0, 0xFD, 0xE0, 0xFD, 0xC0, 0xFD, 0x90, 0xEE,
  0x3E, 0xDF, 0x1C, 0xE7, 0x1C, 0xDF, 0x1C, 0xE7, 0x5D, 0xEF, 0xFB, 0xDE, 0x00, 0x00, 0xFF, 0xFF,
  0x9E, 0xF7, 0xFF, 0xFF, 0x9E, 0xF7, 0x9E, 0xF7, 0x9E, 0xF7, 0x9E, 0xF7, 0x9E, 0xF7, 0x9E, 0xF7,
  0x9E, 0xF7, 0x9E, 0xF7, 0xBE, 0xF7, 0xBE, 0xF7, 0xFF, 0xF7, 0xAD, 0xFE, 0xC0, 0xFD, 0xE0, 0xFD,
  0xE0, 0xFD, 0xE0, 0xFD, 0x25, 0xF6, 0x1D, 0xDF, 0x1C, 0xDF, 0x1C, 0xDF, 0x7E, 0xEF, 0x3D, 0xE7,
  0xFB, 0xDE, 0x00, 0x00, 0xFF, 0xFF, 0x00, 0x00, 0x9E, 0xF7, 0xDF, 0xFF, 0xBE, 0xF7, 0xBF, 0xF7,
  0xBF, 0xF7, 0xBF, 0xF7, 0xBF, 0xF7, 0xBF, 0xF7, 0xBF, 0xF7, 0xDF, 0xF7, 0xDF, 0xFF, 0xFF, 0xFF,
  0xBC, 0xFF, 0x02, 0xFE, 0xE0, 0xFD, 0xE0, 0xFD, 0xE0, 0xFD, 0xE0, 0xFD, 0x03, 0xFE, 0x67, 0xFE,
  0x35, 0xF7, 0x5E, 0xE7, 0x3C, 0xE7, 0xFB, 0xD6, 0x00, 0x00, 0xFF, 0xFF, 0x00, 0x00, 0x00, 0x00,
  0x9E, 0xF7, 0x9E, 0xF7, 0x9E, 0xF7, 0x9E, 0xF7, 0x9E, 0xF7, 0x9E, 0xF7, 0x9E, 0xF7, 0xBE, 0xF7,
  0x9E, 0xF7, 0xBE, 0xF7, 0xBE, 0xF7, 0xDF, 0xF7, 0xCE, 0xFE, 0xC0, 0xFD, 0xE0, 0xFD, 0xE0, 0xFD,
  0xE0, 0xFD, 0xE0, 0xFD, 0x00, 0xFE, 0x25, 0xFE, 0x1D, 0xE7, 0x1D, 0xDF, 0x00, 0x00, 0x00, 0x00,
  0xFF, 0xBD, 0x00, 0x00, 0x00, 0x00, 0x00, 0x00, 0x9E, 0xF7, 0x7D, 0xEF, 0x7F, 0xEF, 0x7D, 0xEF,
  0x7F, 0xEF, 0x7D, 0xEF, 0x7D, 0xEF, 0x7D, 0xEF, 0x7D, 0xEF, 0x7D, 0xEF, 0x7F, 0xEF, 0xFF, 0xFF,
  0xC1, 0xFD, 0xE1, 0xFD, 0xE0, 0xFD, 0x00, 0xFE, 0xE0, 0xFD, 0x40, 0xFE, 0xE0, 0xFD, 0xFF, 0xD7,
  0x00, 0x00, 0x00, 0x00, 0xFF, 0x7F, 0xFF, 0xFF, 0x00, 0x00, 0xFF, 0xFF, 0x00, 0x00, 0x00, 0x00,
  0x00, 0x00, 0x00, 0x00, 0x00, 0x00, 0x00, 0x00, 0x00, 0x00, 0x00, 0x00, 0x00, 0x00, 0x00, 0x00,
  0x00, 0x00, 0x00, 0x00, 0x00, 0x00, 0x00, 0x00, 0x00, 0x00, 0x00, 0x00, 0xE0, 0xFD, 0x00, 0xFE,
  0x20, 0xFE, 0xE0, 0xFD, 0xE0, 0xFD, 0x00, 0x00, 0x73, 0xFE, 0xFF, 0xFF, 0x00, 0x00, 0xFF, 0x7D,
  0x5F, 0x75, 0x00, 0x00, 0xFF, 0xFF, 0x00, 0x00, 0xFF, 0xFF, 0xFF, 0xFF, 0xFF, 0xFF, 0xFF, 0xFF,
  0xFF, 0xFF, 0xFF, 0xFF, 0xFF, 0xFF, 0xFF, 0xFF, 0xFF, 0xFF, 0xFF, 0xFF, 0xFF, 0xFF, 0xFF, 0xFF,
  0x60, 0xFE, 0xE0, 0xFF, 0xE0, 0xFD, 0x60, 0xFE, 0xE0, 0xFD, 0xC0, 0xFD, 0x00, 0x00, 0xE0, 0xFF,
  0xFF, 0x07, 0xFF, 0x7B, 0x5F, 0x55, 0x7F, 0x7D, 0x7F, 0x7D, 0x5F, 0x7D, 0x00, 0x00, 0xFF, 0xFF,
  0x00, 0x00, 0x00, 0x00, 0x00, 0x00, 0x00, 0x00, 0x00, 0x00, 0x00, 0x00, 0x00, 0x00, 0x00, 0x00,
  0x00, 0x00, 0x00, 0x00, 0x00, 0x00, 0x00, 0x00, 0xE0, 0xFD, 0x00, 0x00, 0xE0, 0xFD, 0x20, 0xFE,
  0xC0, 0xFD, 0x00, 0x00, 0x40, 0xFD, 0x00, 0x00, 0xFF, 0x7F, 0xFF, 0xFF, 0x7E, 0x7D, 0xDF, 0x85,
  0xDF, 0x85, 0x5E, 0x7D, 0x9B, 0x6C, 0xFF, 0x7B, 0x00, 0x00, 0x00, 0x00, 0x00, 0x00, 0x00, 0x00,
  0x00, 0x00, 0x00, 0x00, 0x00, 0x00, 0x00, 0x00, 0x00, 0x00, 0x00, 0x00, 0x00, 0x00, 0x00, 0x00,
  0x40, 0xFD, 0x00, 0x00, 0xE0, 0xFD, 0xA0, 0xFD, 0x00, 0x00, 0xE0, 0xBD, 0x00, 0x00, 0xFF, 0x7B,
  0x00, 0x00, 0x7E, 0x7D, 0x7F, 0x7D, 0x7F, 0x7D, 0x5E, 0x7D, 0xBF, 0x85, 0x5E, 0x7D, 0x00, 0x00,
  0x00, 0x00, 0x00, 0x00, 0x00, 0x00, 0x00, 0x00, 0x00, 0x00, 0x00, 0x00, 0x00, 0x00, 0x00, 0x00,
  0x00, 0x00, 0x00, 0x00, 0x00, 0x00, 0x00, 0x00, 0x00, 0x00, 0x00, 0x00, 0xE0, 0xED, 0x00, 0x00,
  0xE0, 0xFB, 0x00, 0x00, 0x00, 0x00, 0xFF, 0xFF, 0x00, 0x00, 0x5E, 0x7D, 0x7F, 0x7D, 0x9F, 0x85,
  0x7F, 0x7D, 0x7F, 0x7D, 0x7F, 0x7D, 0x00, 0x00, 0x00, 0x00, 0x00, 0x00, 0x00, 0x00, 0x00, 0x00,
  0x00, 0x00, 0x00, 0x00, 0x00, 0x00, 0x00, 0x00, 0x00, 0x00, 0x00, 0x00, 0x00, 0x00, 0x00, 0x00,
  0x00, 0x00, 0x00, 0x00, 0x00, 0x00, 0xE0, 0xFB, 0x00, 0x00, 0x00, 0x00, 0x00, 0x00, 0x00, 0x00,
  0xFF, 0x7F, 0x00, 0x00, 0x7F, 0x7D, 0x9F, 0x85, 0x9F, 0x85, 0x5E, 0x7D, 0x00, 0x00, 0xFF, 0x7F,
  0x00, 0x00, 0x00, 0x00, 0x00, 0x00, 0x00, 0x00, 0x00, 0x00, 0x03, 0x00, 0x00, 0x41, 0x97, 0xD4,
  0xF5, 0xFF, 0xF4, 0xD4, 0x97, 0x3E, 0x00, 0x00, 0x03, 0x00, 0x00, 0x00, 0x00, 0x00, 0x00, 0x00,
  0x00, 0x00, 0x00, 0x00, 0x00, 0x03, 0x00, 0x2C, 0xB3, 0xFD, 0xFF, 0xFF, 0xFF, 0xFF, 0xFF, 0xFF,
  0xFF, 0xFC, 0xB2, 0x2D, 0x00, 0x03, 0x00, 0x00, 0x00, 0x00, 0x00, 0x00, 0x00, 0x00, 0x00, 0x00,
  0x03, 0x00, 0x59, 0xF4, 0xFF, 0xFE, 0xFC, 0xFE, 0xFF, 0xFF, 0xFF, 0xFE, 0xFC, 0xFF, 0xFF, 0xF4,
  0x5A, 0x00, 0x03, 0x00, 0x00, 0x00, 0x00, 0x00, 0x00, 0x00, 0x00, 0x03, 0x00, 0x59, 0xFF, 0xFF,
  0xFB, 0xFF, 0xFF, 0xFF, 0xFF, 0xFF, 0xFF, 0xFF, 0xFF, 0xFF, 0xFB, 0xFF, 0xFF, 0x58, 0x00, 0x03,
  0x00, 0x00, 0x00, 0x00, 0x00, 0x00, 0x02, 0x01, 0x2A, 0xF6, 0xFD, 0xFD, 0xFF, 0xFF, 0xFF, 0xFF,
  0xFF, 0xFF, 0xFF, 0xFF, 0xFF, 0xFF, 0xFF, 0xFD, 0xFD, 0xF6, 0x29, 0x01, 0x00, 0x00, 0x00, 0x00,
  0x00, 0x00, 0x02, 0x00, 0xB9, 0xFF, 0xFC, 0xFF, 0xFF, 0xFF, 0xFF, 0xFF, 0xFF, 0xFF, 0xFF, 0xFF,
  0xFF, 0xFF, 0xFF, 0xFF, 0xFC, 0xFF, 0xB7, 0x00, 0x00, 0x00, 0x00, 0x00, 0x00, 0x03, 0x00, 0x37,
  0xFF, 0xFD, 0xFF, 0xFF, 0xFF, 0xFF, 0xFF, 0xFF, 0xFF, 0xFF, 0xFF, 0xFF, 0xFF, 0xFF, 0xFF, 0xFF,
  0xFF, 0xFD, 0xFE, 0x3D, 0x00, 0x00, 0x00, 0x00, 0x00, 0x04, 0x00, 0x90, 0xFF, 0xFB, 0xFF, 0xFF,
  0xFF, 0xFF, 0xFF, 0xFF, 0xFF, 0xFF, 0xFF, 0xFF, 0xFF, 0xFF, 0xFF, 0xFF, 0xFF, 0xFC, 0xFF, 0x99,
  0x00, 0x00, 0x00, 0x00, 0x00, 0x01, 0x01, 0xCA, 0xFF, 0xFC, 0xFF, 0xFF, 0xFF, 0xFF, 0xFF, 0xFF,
  0xFF, 0xFF, 0xFF, 0xFF, 0xFF, 0xFF, 0xFF, 0xFF, 0xFF, 0xFD, 0xFF, 0xD7, 0x00, 0x00, 0x00, 0x00,
  0x01, 0x00, 0x0A, 0xE5, 0xFF, 0xFD, 0xFF, 0xFF, 0xFF, 0xFF, 0xFF, 0xFF, 0xFF, 0xFF, 0xFF, 0xFF,
  0xFF, 0xFF, 0xFF, 0xFF, 0xFF, 0xFF, 0xFF, 0xF5, 0x00, 0x00, 0x00, 0x00, 0x01, 0x02, 0x14, 0xF0,
  0xFF, 0xFE, 0xFF, 0xFF, 0xFF, 0xFF, 0xFF, 0xFF, 0xFF, 0xFF, 0xFF, 0xFF, 0xFF, 0xFF, 0xFF, 0xFF,
  0xFF, 0xFF, 0xFF, 0xFF, 0x00, 0x00, 0x00, 0x01, 0x04, 0x00, 0x00, 0xE1, 0xFF, 0xFE, 0xFF, 0xFF,
  0xFF, 0xFF, 0xFF, 0xFF, 0xFF, 0xFF, 0xFF, 0xFF, 0xFF, 0xFF, 0xFF, 0xFF, 0xFF, 0xFF, 0xFF, 0xF4,
  0x00, 0x00, 0x02, 0x00, 0x00, 0x28, 0x75, 0xEC, 0xFE, 0xFE, 0xFF, 0xFF, 0xFF, 0xFF, 0xFF, 0xFF,
  0xFF, 0xFF, 0xFF, 0xFF, 0xFF, 0xFF, 0xFF, 0xFF, 0xFF, 0xFD, 0xFF, 0xD8, 0x00, 0x03, 0x00, 0x1B,
  0xA0, 0xF8, 0xFF, 0xFF, 0xFF, 0xFF, 0xFF, 0xFF, 0xFF, 0xFF, 0xFF, 0xFF, 0xFF, 0xFF, 0xFF, 0xFF,
  0xFF, 0xFF, 0xFF, 0xFF, 0xFF, 0xFC, 0xFF, 0x99, 0x02, 0x00, 0x37, 0xE2, 0xFF, 0xFF, 0xFB, 0xFF,
  0xFF, 0xFF, 0xFF, 0xFF, 0xFF, 0xFF, 0xFF, 0xFF, 0xFF, 0xFF, 0xFF, 0xFF, 0xFF, 0xFF, 0xFF, 0xFF,
  0xFF, 0xFE, 0xFD, 0x3A, 0x01, 0x1F, 0xEC, 0xFF, 0xFA, 0xFE, 0xFF, 0xFF, 0xFF, 0xFF, 0xFF, 0xFF,
  0xFF, 0xFF, 0xFF, 0xFF, 0xFF, 0xFF, 0xFF, 0xFF, 0xFF, 0xFF, 0xFF, 0xFF, 0xFC, 0xFF, 0xB6, 0x00,
  0x02, 0xB7, 0xFF, 0xFA, 0xFF, 0xFF, 0xFF, 0xFF, 0xFF, 0xFF, 0xFF, 0xFF, 0xFF, 0xFF, 0xFF, 0xFF,
  0xFF, 0xFF, 0xFF, 0xFF, 0xFF, 0xFF, 0xFF, 0xFD, 0xFD, 0xF6, 0x29, 0x01, 0x4B, 0xFF, 0xFD, 0xFF,
  0xFF, 0xFF, 0xFF, 0xFF, 0xFF, 0xFF, 0xFF, 0xFF, 0xFF, 0xFF, 0xFF, 0xFF, 0xFF, 0xFF, 0xFF, 0xFF,
  0xFF, 0xFF, 0xFB, 0xFF, 0xFF, 0x59, 0x00, 0x03, 0xAB, 0xFD, 0xFB, 0xFE, 0xFE, 0xFE, 0xFD, 0xFE,
  0xFE, 0xFE, 0xFE, 0xFE, 0xFE, 0xFE, 0xFE, 0xFF, 0xFF, 0xFF, 0xFF, 0xFD, 0xFB, 0xFD, 0xFF, 0xF3,
  0x59, 0x00, 0x03, 0x00, 0xE8, 0xFF, 0xFF, 0xFF, 0xFF, 0xFF, 0xFF, 0xFF, 0xFF, 0xFF, 0xFF, 0xFF,
  0xFF, 0xFF, 0xFF, 0xFF, 0xFF, 0xFF, 0xFD, 0xFF, 0xFF, 0xFF, 0xB6, 0x2D, 0x00, 0x03, 0x00, 0x00,
  0xEB, 0xEF, 0xEE, 0xEF, 0xEF, 0xEF, 0xEF, 0xEE, 0xEF, 0xEF, 0xEE, 0xEF, 0xEF, 0xEF, 0xF2, 0xFF,
  0xFF, 0xFC, 0xFF, 0xD1, 0x8D, 0x3E, 0x00, 0x00, 0x04, 0x00, 0x00, 0x00, 0x11, 0x10, 0x10, 0x10,
  0x10, 0x10, 0x10, 0x10, 0x10, 0x10, 0x10, 0x10, 0x13, 0x10, 0x49, 0xFF, 0xFA, 0xFF, 0xB4, 0x06,
  0x00, 0x00, 0x02, 0x01, 0x00, 0x01, 0x00, 0x00, 0x00, 0x00, 0x00, 0x00, 0x00, 0x00, 0x00, 0x00,
  0x00, 0x00, 0x00, 0x00, 0x00, 0x00, 0x49, 0xFE, 0xFF, 0xCC, 0x0C, 0x00, 0x05, 0x03, 0x00, 0x04,
  0x09, 0x00, 0x01, 0x00, 0x01, 0x01, 0x01, 0x01, 0x01, 0x01, 0x01, 0x01, 0x01, 0x01, 0x01, 0x01,
  0x05, 0x01, 0x56, 0xFF, 0xDE, 0x1A, 0x00, 0x02, 0x01, 0x02, 0x03, 0xAF, 0xC6, 0x0C, 0x00, 0x01,
  0x00, 0x00, 0x00, 0x00, 0x00, 0x00, 0x00, 0x00, 0x00, 0x00, 0x00, 0x00, 0x04, 0x00, 0x6C, 0xFA,
  0x29, 0x00, 0x03, 0x00, 0x02, 0x01, 0x9E, 0xFF, 0xFF, 0xBA, 0x07, 0x02, 0x00, 0x00, 0x00, 0x00,
  0x00, 0x00, 0x00, 0x00, 0x00, 0x00, 0x00, 0x00, 0x03, 0x00, 0x73, 0x56, 0x00, 0x04, 0x00, 0x02,
  0x00, 0x22, 0xFF, 0xFC, 0xFA, 0xFF, 0x3C, 0x00, 0x00, 0x00, 0x00, 0x00, 0x00, 0x00, 0x00, 0x00,
  0x00, 0x00, 0x00, 0x00, 0x00, 0x00, 0x0C, 0x00, 0x02, 0x00, 0x00, 0x01, 0x00, 0x15, 0xED, 0xFF,
  0xFF, 0xFC, 0x28, 0x00, 0x00, 0x00, 0x00, 0x00, 0x00, 0x00, 0x00, 0x00, 0x00, 0x00, 0x00, 0x00,
  0x00, 0x00, 0x00, 0x02, 0x00, 0x00, 0x00, 0x00, 0x02, 0x00, 0x58, 0xED, 0xF3, 0x70, 0x00, 0x02
};

const lv_image_dsc_t wi_isolated_tstorms = {
  .header = { .magic = LV_IMAGE_HEADER_MAGIC, .cf = LV_COLOR_FORMAT_RGB565A8,
               .flags = 0, .w = 28, .h = 28, .stride = 56 },
  .data_size = sizeof(wi_isolated_tstorms_map), .data = wi_isolated_tstorms_map,
};

static const uint8_t wi_strong_tstorms_map[] = {
  0x00, 0x00, 0x00, 0x00, 0x00, 0x00, 0x00, 0x00, 0x00, 0x00, 0x00, 0x00, 0x00, 0x00, 0x00, 0x00,
  0x55, 0xAD, 0x00, 0x00, 0x00, 0x00, 0xBE, 0xF7, 0xBE, 0xF7, 0x9E, 0xF7, 0x9E, 0xF7, 0x9E, 0xEF,
  0xBF, 0xF7, 0xBE, 0xF7, 0x55, 0xAD, 0x00, 0x00, 0xFF, 0xFF, 0x00, 0x00, 0x00, 0x00, 0x00, 0x00,
  0x00, 0x00, 0x00, 0x00, 0x00, 0x00, 0x00, 0x00, 0x00, 0x00, 0x00, 0x00, 0x00, 0x00, 0x00, 0x00,
  0x00, 0x00, 0x00, 0x00, 0x00, 0x00, 0xFF, 0xFF, 0x00, 0x00, 0x3D, 0xE7, 0xDF, 0xF7, 0xDF, 0xF7,
  0xFF, 0xFF, 0xFF, 0xFF, 0xDF, 0xFF, 0xDF, 0xFF, 0xFF, 0xFF, 0xBF, 0xF7, 0xBE, 0xF7, 0x7D, 0xEF,
  0x00, 0x00, 0xFF, 0xFF, 0x00, 0x00, 0x00, 0x00, 0x00, 0x00, 0x00, 0x00, 0x00, 0x00, 0x00, 0x00,
  0x00, 0x00, 0x00, 0x00, 0x00, 0x00, 0x00, 0x00, 0x00, 0x00, 0x00, 0x00, 0xFF, 0xFF, 0x00, 0x00,
  0xBE, 0xF7, 0xDF, 0xFF, 0xFF, 0xFF, 0x9E, 0xF7, 0x9E, 0xEF, 0x9E, 0xEF, 0x9E, 0xEF, 0x7E, 0xEF,
  0x7E, 0xEF, 0x7D, 0xEF, 0xDF, 0xFF, 0xBE, 0xF7, 0x5D, 0xEF, 0x00, 0x00, 0xFF, 0xFF, 0x00, 0x00,
  0x00, 0x00, 0x00, 0x00, 0x00, 0x00, 0x00, 0x00, 0x00, 0x00, 0x00, 0x00, 0x00, 0x00, 0x00, 0x00,
  0x00, 0x00, 0xFF, 0xFF, 0xFF, 0xFF, 0xFF, 0xF7, 0xBE, 0xF7, 0xFF, 0xFF, 0x9E, 0xEF, 0x9E, 0xEF,
  0x9E, 0xEF, 0x9E, 0xEF, 0x9E, 0xEF, 0x9E, 0xEF, 0x7D, 0xEF, 0x7D, 0xEF, 0x7D, 0xEF, 0x7D, 0xEF,
  0xDF, 0xFF, 0x7D, 0xEF, 0x00, 0x00, 0xFF, 0xFF, 0x00, 0x00, 0x00, 0x00, 0x00, 0x00, 0x00, 0x00,
  0x00, 0x00, 0x00, 0x00, 0x00, 0x00, 0x00, 0x00, 0x00, 0x00, 0xFF, 0xFF, 0x00, 0x00, 0x9E, 0xF7,
  0xFF, 0xFF, 0x9E, 0xEF, 0x9E, 0xF7, 0x9E, 0xEF, 0x9E, 0xEF, 0x9E, 0xEF, 0x7E, 0xEF, 0x7D, 0xEF,
  0x7D, 0xEF, 0x7D, 0xEF, 0x7D, 0xEF, 0x7D, 0xEF, 0x9E, 0xEF, 0x7D, 0xEF, 0x3C, 0xE7, 0xFF, 0xFF,
  0xFF, 0xFF, 0x00, 0x00, 0x00, 0x00, 0x00, 0x00, 0x00, 0x00, 0x00, 0x00, 0x00, 0x00, 0x00, 0x00,
  0xFF, 0xFF, 0x00, 0x00, 0xBE, 0xEF, 0xBF, 0xF7, 0x9E, 0xF7, 0x9E, 0xEF, 0x9E, 0xEF, 0x9E, 0xEF,
  0x9E, 0xEF, 0x7E, 0xEF, 0x7D, 0xEF, 0x7D, 0xEF, 0x7D, 0xEF, 0x7D, 0xEF, 0x7D, 0xEF, 0x7D, 0xEF,
  0x5D, 0xEF, 0xDF, 0xFF, 0x5D, 0xEF, 0x00, 0x00, 0xFF, 0xFF, 0x00, 0x00, 0x00, 0x00, 0x00, 0x00,
  0x00, 0x00, 0x00, 0x00, 0x00, 0x00, 0x00, 0x00, 0xFF, 0xFF, 0x00, 0x00, 0x9E, 0xF7, 0xFF, 0xFF,
  0x9E, 0xEF, 0x9E, 0xEF, 0x9E, 0xEF, 0x9E, 0xEF, 0x7D, 0xEF, 0x7D, 0xEF, 0x7D, 0xEF, 0x7D, 0xEF,
  0x7D, 0xEF, 0x7D, 0xEF, 0x5D, 0xEF, 0x5D, 0xEF, 0x5D, 0xEF, 0x9E, 0xF7, 0x3C, 0xE7, 0xE7, 0xFD,
  0xE7, 0xBD, 0x40, 0xFD, 0xE0, 0xFF, 0x00, 0x00, 0x00, 0x00, 0x00, 0x00, 0x00, 0x00, 0x00, 0x00,
  0xFF, 0xFF, 0x00, 0x00, 0x9E, 0xEF, 0xFF, 0xFF, 0x9E, 0xEF, 0x9E, 0xEF, 0x7E, 0xEF, 0x7E, 0xEF,
  0x7D, 0xEF, 0x7D, 0xEF, 0x7D, 0xEF, 0x7D, 0xEF, 0x7D, 0xEF, 0x5D, 0xEF, 0x5D, 0xEF, 0x7E, 0xE7,
  0x5E, 0xE7, 0x7E, 0xEF, 0x5E, 0xE7, 0xFF, 0xD7, 0x00, 0x00, 0x00, 0x00, 0x00, 0x00, 0x00, 0x00,
  0x00, 0x00, 0x00, 0x00, 0x00, 0x00, 0x00, 0x00, 0xFF, 0xFF, 0xF7, 0xBD, 0x9E, 0xEF, 0xDF, 0xFF,
  0x7E, 0xEF, 0x7E, 0xEF, 0x7D, 0xEF, 0x7D, 0xEF, 0x7D, 0xEF, 0x7D, 0xEF, 0x7D, 0xEF, 0x5D, 0xEF,
  0x5D, 0xEF, 0x7E, 0xEF, 0x18, 0xEF, 0x49, 0xF6, 0x49, 0xF6, 0x49, 0xF6, 0x49, 0xF6, 0xE2, 0xFD,
  0xE0, 0xFD, 0xE0, 0xFD, 0xE0, 0xFD, 0xC0, 0xFD, 0x00, 0x00, 0x00, 0x00, 0x1F, 0xF8, 0xFF, 0xFF,
  0x00, 0x00, 0x00, 0x00, 0x7E, 0xEF, 0xFF, 0xFF, 0x7D, 0xEF, 0x7D, 0xEF, 0x7D, 0xEF, 0x7D, 0xEF,
  0x7D, 0xEF, 0x7D, 0xEF, 0x7D, 0xEF, 0x5D, 0xEF, 0x5D, 0xEF, 0x7E, 0xE7, 0x49, 0xF6, 0xA0, 0xFD,
  0xC0, 0xFD, 0xC0, 0xFD, 0xC0, 0xFD, 0x20, 0xFE, 0x20, 0xFE, 0x80, 0xFE, 0xE0, 0xFD, 0xE0, 0xFD,
  0x00, 0x00, 0x00, 0x00, 0x00, 0x00, 0x00, 0x00, 0x9E, 0xF7, 0xBE, 0xF7, 0xBE, 0xF7, 0xBE, 0xF7,
  0x9E, 0xF7, 0x9E, 0xF7, 0x9E, 0xEF, 0x7D, 0xEF, 0x5D, 0xEF, 0x5D, 0xEF, 0x5D, 0xEF, 0x5D, 0xEF,
  0x5E, 0xEF, 0x17, 0xEF, 0xC0, 0xFD, 0xE0, 0xFD, 0xE0, 0xFD, 0xE0, 0xFD, 0xE0, 0xFD, 0xE0, 0xFD,
  0xE0, 0xFD, 0x20, 0xFE, 0xC0, 0xF5, 0x00, 0x00, 0xFF, 0xFF, 0xEF, 0x7B, 0xFF, 0xFF, 0xBE, 0xF7,
  0xDF, 0xF7, 0xFF, 0xFF, 0xBE, 0xF7, 0x9E, 0xF7, 0xBE, 0xF7, 0xBF, 0xF7, 0xDF, 0xF7, 0xBE, 0xF7,
  0x7D, 0xEF, 0x5D, 0xEF, 0x5D, 0xEF, 0x5C, 0xEF, 0x5F, 0xE7, 0x6B, 0xF6, 0xC0, 0xFD, 0xE0, 0xFD,
  0xE0, 0xFD, 0xE0, 0xFD, 0xE0, 0xFD, 0xC0, 0xFD, 0x20, 0xFE, 0xC0, 0xFD, 0x00, 0x00, 0x40, 0xFD,
  0xFF, 0xFF, 0x00, 0x00, 0x9E, 0xF7, 0xFF, 0xFF, 0x9E, 0xF7, 0x9E, 0xF7, 0x9E, 0xF7, 0x9E, 0xF7,
  0xBE, 0xF7, 0xBE, 0xF7, 0xDF, 0xF7, 0xDF, 0xFF, 0xDF, 0xFF, 0x5D, 0xEF, 0x5D, 0xE7, 0x5E, 0xE7,
  0x19, 0xEF, 0xE1, 0xFD, 0xE0, 0xFD, 0xE0, 0xFD, 0xE0, 0xFD, 0xE0, 0xFD, 0xE0, 0xFD, 0xE0, 0xFD,
  0x00, 0xFE, 0x00, 0xFE, 0xE0, 0xFD, 0xE0, 0xFD, 0x00, 0x00, 0xBE, 0xF7, 0xFF, 0xFF, 0x9E, 0xF7,
  0x9E, 0xF7, 0x9E, 0xF7, 0x9E, 0xF7, 0x9E, 0xF7, 0xBE, 0xF7, 0xBE, 0xF7, 0xDF, 0xF7, 0xDF, 0xFF,
  0xFF, 0xFF, 0xBE, 0xF7, 0x3C, 0xE7, 0x5E, 0xE7, 0x6B, 0xF6, 0xC0, 0xFD, 0xE0, 0xFD, 0xE0, 0xFD,
  0xE0, 0xFD, 0xE0, 0xFD, 0xC0, 0xFD, 0x40, 0xFE, 0xC0, 0xFD, 0x00, 0x00, 0x00, 0x00, 0x00, 0x00,
  0xFF, 0xE7, 0x9E, 0xEF, 0xDF, 0xFF, 0x9E, 0xF7, 0x9E, 0xF7, 0x9E, 0xF7, 0x9E, 0xF7, 0x9E, 0xF7,
  0xBE, 0xF7, 0xBE, 0xF7, 0xBF, 0xF7, 0xDF, 0xFF, 0xDF, 0xFF, 0xFF, 0xFF, 0x7E, 0xEF, 0x19, 0xE7,
  0xE1, 0xFD, 0xC0, 0xFD, 0xE0, 0xFD, 0xE0, 0xFD, 0xE0, 0xFD, 0xE0, 0xFD, 0xE0, 0xFD, 0xE0, 0xFD,
  0xE0, 0xFD, 0xE0, 0xFD, 0xE0, 0xFD, 0xE0, 0xFD, 0x7D, 0xEF, 0xBF, 0xF7, 0x9E, 0xF7, 0x9E, 0xF7,
  0xBE, 0xF7, 0xBE, 0xF7, 0xBE, 0xF7, 0xBE, 0xF7, 0xBE, 0xF7, 0xBF, 0xF7, 0xDF, 0xF7, 0xDF, 0xFF,
  0xFF, 0xFF, 0xFF, 0xFF, 0xBF, 0xF7, 0x6D, 0xF6, 0xC0, 0xFD, 0xE1, 0xFD, 0xE0, 0xFD, 0xE0, 0xFD,
  0xE0, 0xFD, 0xE0, 0xFD, 0xE0, 0xFD, 0xC0, 0xFD, 0xE0, 0xFD, 0xA0, 0xFE, 0xC0, 0xFD, 0xE0, 0xFD,
  0x9E, 0xF7, 0xFF, 0xFF, 0x9E, 0xF7, 0x9E, 0xF7, 0x9E, 0xF7, 0x9E, 0xF7, 0x9E, 0xF7, 0x9E, 0xF7,
  0x9E, 0xF7, 0xBE, 0xF7, 0xBE, 0xF7, 0xDF, 0xFF, 0xDF, 0xFF, 0xFF, 0xFF, 0x9B, 0xF7, 0xE2, 0xF5,
  0xC0, 0xFD, 0xE0, 0xFD, 0xC0, 0xFD, 0xE0, 0xFD, 0xE0, 0xFD, 0xE0, 0xFD, 0xE0, 0xFD, 0xC0, 0xFD,
  0x20, 0xFE, 0xE0, 0xFD, 0xE0, 0xFD, 0x00, 0x00, 0x9E, 0xF7, 0x9E, 0xF7, 0x9F, 0xF7, 0x9F, 0xF7,
  0x9E, 0xEF, 0x9E, 0xF7, 0x9E, 0xEF, 0x9E, 0xF7, 0x9E, 0xF7, 0xDF, 0xF7, 0x9F, 0xEF, 0xDF, 0xF7,
  0xDF, 0xFF, 0xFF, 0xFF, 0x34, 0xFF, 0xA0, 0xFD, 0xE0, 0xFD, 0xE0, 0xFD, 0xC0, 0xFD, 0x20, 0xFE,
  0xC0, 0xFD, 0xE0, 0xFD, 0xC0, 0xFD, 0x20, 0xFE, 0xE0, 0xFD, 0xE0, 0xFD, 0x00, 0x00, 0xE0, 0xFB,
  0x00, 0x00, 0x00, 0x00, 0x00, 0x00, 0x00, 0x00, 0x00, 0x00, 0x00, 0x00, 0x00, 0x00, 0x00, 0x00,
  0x00, 0x00, 0x00, 0x00, 0x00, 0x00, 0x00, 0x00, 0x00, 0x00, 0x00, 0x00, 0x00, 0x00, 0x00, 0x00,
  0x00, 0x00, 0x00, 0x00, 0xC0, 0xFD, 0x40, 0xFE, 0xC0, 0xFD, 0xC0, 0xFD, 0x20, 0xFE, 0x00, 0xFE,
  0xA0, 0xFD, 0x00, 0x00, 0x40, 0xFD, 0x00, 0x00, 0xFF, 0xFF, 0xFF, 0xAF, 0x5F, 0xAD, 0xFF, 0xFF,
  0x7E, 0x7D, 0x00, 0x00, 0xF7, 0xBD, 0xFF, 0xFF, 0xFF, 0xBD, 0x00, 0x00, 0x7F, 0x7D, 0x7D, 0x8D,
  0xE0, 0xFF, 0xFF, 0xFF, 0xEF, 0xFF, 0xE0, 0xFF, 0x40, 0xFD, 0xE0, 0xFF, 0xE0, 0xFD, 0x40, 0xFE,
  0xC0, 0xFD, 0x00, 0xFE, 0x00, 0xFE, 0xC0, 0xF5, 0x00, 0x00, 0x40, 0xFD, 0x00, 0x00, 0x00, 0x00,
  0x00, 0x00, 0xFF, 0x7B, 0x00, 0x00, 0x7F, 0x7D, 0xDF, 0x85, 0x5F, 0x7D, 0x00, 0x00, 0xFF, 0x7D,
  0x00, 0x00, 0x5F, 0x7D, 0x9F, 0x85, 0x7F, 0x7D, 0xFF, 0x7C, 0xFF, 0x07, 0xFF, 0x07, 0x00, 0x00,
  0xE0, 0xFF, 0x00, 0x00, 0xE0, 0xFD, 0x20, 0xFE, 0xE0, 0xFD, 0x00, 0xFE, 0xA0, 0xFD, 0x00, 0x00,
  0x40, 0xFD, 0x00, 0x00, 0x00, 0x00, 0x00, 0x00, 0x5F, 0xAD, 0x00, 0x00, 0x7F, 0x7D, 0xDF, 0x85,
  0x7F, 0x7D, 0x9F, 0x85, 0x5E, 0x7D, 0x1F, 0x00, 0x9F, 0x7D, 0x7F, 0x7D, 0x9F, 0x7D, 0xDF, 0x85,
  0x5E, 0x7D, 0xFF, 0xFF, 0xFF, 0x7B, 0x00, 0x00, 0xE0, 0xFF, 0x00, 0x00, 0xE0, 0xFD, 0x20, 0xFE,
  0x00, 0xFE, 0xC0, 0xFD, 0x00, 0x00, 0xE0, 0xFD, 0x00, 0x00, 0x00, 0x00, 0x00, 0x00, 0x00, 0x00,
  0x00, 0x00, 0xFF, 0xFF, 0x5E, 0x7D, 0x9F, 0x85, 0x7E, 0x7D, 0xDF, 0x85, 0x7E, 0x7D, 0x00, 0x00,
  0x7F, 0x7D, 0xDF, 0x85, 0x5E, 0x7D, 0x7F, 0x7D, 0x5E, 0x7D, 0x5E, 0x7D, 0x00, 0x00, 0xFF, 0x7B,
  0x00, 0x00, 0x00, 0x00, 0xE0, 0xFD, 0x40, 0xFE, 0xE0, 0xFD, 0x00, 0x00, 0xE0, 0xFD, 0x00, 0x00,
  0x00, 0x00, 0x00, 0x00, 0x00, 0x00, 0x00, 0x00, 0xFF, 0x7F, 0x00, 0x00, 0x7F, 0x7D, 0xFF, 0x8D,
  0x5E, 0x7D, 0xFF, 0x8D, 0x7F, 0x7D, 0x00, 0x00, 0x7F, 0x7D, 0xDF, 0x85, 0x7F, 0x7D, 0xDF, 0x85,
  0x7F, 0x7D, 0xFF, 0x7D, 0x1F, 0x00, 0xEF, 0x7B, 0x00, 0x00, 0xE0, 0xBD, 0xE0, 0xFD, 0xC0, 0xFD,
  0x00, 0x00, 0xC0, 0xFC, 0x00, 0x00, 0x00, 0x00, 0x00, 0x00, 0x00, 0x00, 0x00, 0x00, 0x00, 0x00,
  0xFF, 0x7B, 0x00, 0x00, 0x5F, 0x7D, 0x9F, 0x7D, 0x9F, 0x85, 0x7F, 0x7D, 0x9F, 0x75, 0xFF, 0x7F,
  0x1F, 0x00, 0x5E, 0x7D, 0x9F, 0x85, 0x9F, 0x85, 0x7E, 0x7D, 0x00, 0x00, 0xFF, 0x7F, 0xE0, 0xFF,
  0x00, 0x00, 0xE0, 0xF5, 0xE0, 0xFD, 0x00, 0x00, 0x40, 0xFD, 0x00, 0x00, 0x00, 0x00, 0x00, 0x00,
  0x00, 0x00, 0x00, 0x00, 0x00, 0x00, 0x00, 0x00, 0x00, 0x00, 0x00, 0x00, 0x00, 0x00, 0x00, 0x00,
  0xFF, 0x7D, 0x00, 0x00, 0x00, 0x00, 0x00, 0x00, 0x00, 0x00, 0x00, 0x00, 0x9F, 0x8D, 0xB5, 0x52,
  0x00, 0x00, 0xFF, 0x07, 0x00, 0x00, 0x00, 0x00, 0x00, 0x00, 0xE0, 0xFF, 0x00, 0x00, 0xE0, 0xFB,
  0x00, 0x00, 0x00, 0x00, 0x00, 0x00, 0x00, 0x00, 0x00, 0x00, 0x00, 0x00, 0x00, 0x00, 0x00, 0x00,
  0x00, 0x00, 0x00, 0x00, 0xFF, 0x7B, 0x00, 0x00, 0x00, 0x00, 0xFF, 0x7B, 0xFF, 0x07, 0x00, 0x00,
  0x00, 0x00, 0x5F, 0x55, 0x00, 0x00, 0x00, 0x00, 0xFF, 0x7F, 0x00, 0x00, 0x00, 0x00, 0x00, 0x00,
  0x00, 0x00, 0x00, 0x00, 0xE0, 0xFB, 0x00, 0x00, 0x00, 0x00, 0x00, 0x00, 0x00, 0x00, 0x00, 0x00,
  0x00, 0x00, 0x00, 0x00, 0x00, 0x00, 0x00, 0x00, 0x00, 0x00, 0x00, 0x00, 0x00, 0x00, 0x00, 0x00,
  0xFF, 0xFF, 0x00, 0x00, 0x00, 0x00, 0x00, 0x00, 0x00, 0x00, 0x00, 0x00, 0xFF, 0xFF, 0x1F, 0x00,
  0x00, 0x00, 0x00, 0x00, 0x00, 0x00, 0x00, 0x00, 0x00, 0x00, 0x00, 0x00, 0x00, 0x00, 0x00, 0x00,
  0x00, 0x00, 0x00, 0x00, 0x00, 0x00, 0x00, 0x00, 0x00, 0x00, 0x00, 0x00, 0x00, 0x00, 0x00, 0x00,
  0x00, 0x00, 0x00, 0x00, 0x00, 0x00, 0x00, 0x00, 0x03, 0x00, 0x00, 0x32, 0x84, 0xB9, 0xCB, 0xC2,
  0x95, 0x4E, 0x03, 0x00, 0x03, 0x00, 0x00, 0x00, 0x00, 0x00, 0x00, 0x00, 0x00, 0x00, 0x00, 0x00,
  0x00, 0x00, 0x00, 0x02, 0x00, 0x1D, 0xA4, 0xF7, 0xFF, 0xFF, 0xFF, 0xFF, 0xFF, 0xFF, 0xC6, 0x40,
  0x00, 0x03, 0x00, 0x00, 0x00, 0x00, 0x00, 0x00, 0x00, 0x00, 0x00, 0x00, 0x00, 0x00, 0x02, 0x00,
  0x34, 0xE5, 0xFF, 0xFF, 0xFC, 0xFD, 0xFD, 0xFD, 0xFC, 0xFD, 0xFF, 0xFF, 0x6F, 0x00, 0x03, 0x00,
  0x00, 0x00, 0x00, 0x00, 0x00, 0x00, 0x00, 0x00, 0x00, 0x02, 0x01, 0x19, 0xE6, 0xFF, 0xFA, 0xFE,
  0xFF, 0xFF, 0xFF, 0xFF, 0xFF, 0xFF, 0xFC, 0xFD, 0xFF, 0x55, 0x00, 0x03, 0x00, 0x00, 0x00, 0x00,
  0x00, 0x00, 0x00, 0x00, 0x00, 0x02, 0x00, 0xAB, 0xFF, 0xFA, 0xFF, 0xFF, 0xFF, 0xFF, 0xFF, 0xFF,
  0xFF, 0xFF, 0xFF, 0xFC, 0xFE, 0xEC, 0x16, 0x01, 0x01, 0x00, 0x00, 0x00, 0x00, 0x00, 0x00, 0x00,
  0x02, 0x00, 0x31, 0xFD, 0xFD, 0xFE, 0xFF, 0xFF, 0xFF, 0xFF, 0xFF, 0xFF, 0xFF, 0xFF, 0xFF, 0xFF,
  0xFB, 0xFF, 0x7C, 0x00, 0x04, 0x00, 0x00, 0x00, 0x00, 0x00, 0x00, 0x00, 0x04, 0x00, 0x84, 0xFF,
  0xFB, 0xFF, 0xFF, 0xFF, 0xFF, 0xFF, 0xFF, 0xFF, 0xFF, 0xFF, 0xFF, 0xFF, 0xFC, 0xFE, 0xCD, 0x04,
  0x04, 0x03, 0x02, 0x00, 0x00, 0x00, 0x00, 0x00, 0x02, 0x00, 0xB4, 0xFF, 0xFB, 0xFE, 0xFF, 0xFF,
  0xFF, 0xFF, 0xFF, 0xFF, 0xFF, 0xFF, 0xFF, 0xFF, 0xFE, 0xFF, 0xF2, 0x0B, 0x00, 0x00, 0x00, 0x00,
  0x00, 0x00, 0x00, 0x00, 0x03, 0x04, 0xC8, 0xFF, 0xFC, 0xFF, 0xFF, 0xFE, 0xFF, 0xFF, 0xFF, 0xFF,
  0xFF, 0xFF, 0xFF, 0xFF, 0xFF, 0xFF, 0xFD, 0xB8, 0xAC, 0xAD, 0xAF, 0x2C, 0x00, 0x00, 0x01, 0x02,
  0x00, 0x00, 0xB9, 0xFF, 0xFC, 0xFF, 0xFF, 0xFF, 0xFF, 0xFF, 0xFF, 0xFF, 0xFF, 0xFF, 0xFF, 0xFF,
  0xFF, 0xFF, 0xFF, 0xFF, 0xFF, 0xFF, 0xD2, 0x08, 0x00, 0x01, 0x00, 0x00, 0x37, 0x91, 0xEA, 0xFF,
  0xFE, 0xFF, 0xFF, 0xFF, 0xFF, 0xFF, 0xFF, 0xFF, 0xFF, 0xFF, 0xFF, 0xFF, 0xFF, 0xFF, 0xFF, 0xFC,
  0xF9, 0xFB, 0x3F, 0x00, 0x01, 0x02, 0x03, 0x8D, 0xFE, 0xFF, 0xFF, 0xFF, 0xFF, 0xFF, 0xFF, 0xFF,
  0xFF, 0xFF, 0xFF, 0xFF, 0xFF, 0xFF, 0xFF, 0xFF, 0xFF, 0xFF, 0xFF, 0xFC, 0xFF, 0xB7, 0x00, 0x03,
  0x03, 0x00, 0xA4, 0xFF, 0xFC, 0xFB, 0xFE, 0xFF, 0xFF, 0xFF, 0xFF, 0xFF, 0xFF, 0xFF, 0xFF, 0xFF,
  0xFF, 0xFF, 0xFF, 0xFF, 0xFF, 0xFF, 0xFE, 0xFD, 0xFF, 0x39, 0x04, 0x04, 0x00, 0x63, 0xFF, 0xF9,
  0xFE, 0xFF, 0xFF, 0xFF, 0xFF, 0xFF, 0xFF, 0xFF, 0xFF, 0xFF, 0xFF, 0xFF, 0xFF, 0xFF, 0xFF, 0xFF,
  0xFF, 0xFF, 0xFB, 0xFF, 0x97, 0x00, 0x00, 0x00, 0x09, 0xDB, 0xFD, 0xFC, 0xFF, 0xFE, 0xFE, 0xFE,
  0xFE, 0xFE, 0xFE, 0xFE, 0xFE, 0xFE, 0xFE, 0xFE, 0xFE, 0xFE, 0xFF, 0xFF, 0xFF, 0xFF, 0xFE, 0xFE,
  0x77, 0x4E, 0x5C, 0x18, 0x43, 0xFF, 0xFF, 0xFF, 0xFF, 0xFF, 0xFF, 0xFF, 0xFF, 0xFF, 0xFF, 0xFF,
  0xFF, 0xFF, 0xFF, 0xFF, 0xFF, 0xFF, 0xFF, 0xFF, 0xFF, 0xFF, 0xFF, 0xFF, 0xFF, 0xFF, 0xB1, 0x0C,
  0x6C, 0xFF, 0xFB, 0xFE, 0xFD, 0xFE, 0xFE, 0xFE, 0xFE, 0xFE, 0xFE, 0xFE, 0xFE, 0xFE, 0xFE, 0xFE,
  0xFE, 0xFD, 0xFE, 0xFF, 0xFF, 0xFF, 0xFF, 0xFB, 0xFF, 0xB9, 0x04, 0x00, 0x14, 0x2D, 0x2A, 0x2B,
  0x2D, 0x2B, 0x2B, 0x2B, 0x2B, 0x2B, 0x2D, 0x2C, 0x2B, 0x2B, 0x2B, 0x2B, 0x2E, 0x2A, 0x9C, 0xFF,
  0xFC, 0xFF, 0xFC, 0xFF, 0xCC, 0x0C, 0x00, 0x02, 0x00, 0x00, 0x00, 0x00, 0x00, 0x00, 0x00, 0x00,
  0x00, 0x00, 0x00, 0x00, 0x00, 0x00, 0x00, 0x00, 0x00, 0x00, 0x93, 0xFF, 0xFB, 0xFC, 0xFF, 0xD7,
  0x19, 0x00, 0x03, 0x00, 0x01, 0x03, 0x03, 0x03, 0x38, 0x00, 0x04, 0x02, 0x04, 0x00, 0x2C, 0x10,
  0x01, 0x03, 0x02, 0x02, 0x06, 0x02, 0xA8, 0xFF, 0xF9, 0xFF, 0xE8, 0x24, 0x00, 0x03, 0x00, 0x00,
  0x00, 0x02, 0x00, 0x8B, 0xFD, 0x5A, 0x00, 0x04, 0x00, 0x34, 0xF2, 0xB7, 0x08, 0x01, 0x01, 0x00,
  0x02, 0x00, 0xB4, 0xFF, 0xFE, 0xF0, 0x31, 0x00, 0x03, 0x00, 0x00, 0x00, 0x03, 0x00, 0x76, 0xFF,
  0xFB, 0xFE, 0x40, 0x01, 0x1E, 0xEA, 0xFF, 0xFF, 0xA5, 0x01, 0x02, 0x00, 0x01, 0x00, 0xBF, 0xFE,
  0xF6, 0x45, 0x00, 0x04, 0x00, 0x00, 0x00, 0x00, 0x00, 0x01, 0xDA, 0xFB, 0xF6, 0xFC, 0xA3, 0x00,
  0x6F, 0xFF, 0xF8, 0xFB, 0xFA, 0x1B, 0x00, 0x02, 0x00, 0x00, 0xCE, 0xFF, 0x50, 0x00, 0x04, 0x00,
  0x00, 0x00, 0x00, 0x00, 0x02, 0x00, 0xB8, 0xFF, 0xFE, 0xFF, 0x7C, 0x00, 0x4E, 0xFF, 0xFF, 0xFF,
  0xE2, 0x0C, 0x01, 0x02, 0x00, 0x04, 0xE7, 0x6F, 0x00, 0x05, 0x00, 0x00, 0x00, 0x00, 0x00, 0x00,
  0x02, 0x00, 0x27, 0xC2, 0xE6, 0xA4, 0x0D, 0x02, 0x01, 0x83, 0xE4, 0xD1, 0x45, 0x00, 0x02, 0x01,
  0x00, 0x14, 0x62, 0x00, 0x03, 0x00, 0x00, 0x00, 0x00, 0x00, 0x00, 0x00, 0x00, 0x00, 0x00, 0x00,
  0x10, 0x00, 0x00, 0x01, 0x00, 0x00, 0x0D, 0x03, 0x00, 0x01, 0x00, 0x00, 0x00, 0x01, 0x00, 0x02,
  0x00, 0x00, 0x00, 0x00, 0x00, 0x00, 0x00, 0x00, 0x00, 0x00, 0x02, 0x00, 0x00, 0x02, 0x01, 0x00,
  0x00, 0x03, 0x00, 0x00, 0x02, 0x00, 0x00, 0x00, 0x00, 0x00, 0x02, 0x00, 0x00, 0x00, 0x00, 0x00,
  0x00, 0x00, 0x00, 0x00, 0x00, 0x00, 0x00, 0x00, 0x01, 0x00, 0x00, 0x00, 0x00, 0x00, 0x01, 0x01,
  0x00, 0x00, 0x00, 0x00, 0x00, 0x00, 0x00, 0x00, 0x00, 0x00, 0x00, 0x00, 0x00, 0x00, 0x00, 0x00
};

const lv_image_dsc_t wi_strong_tstorms = {
  .header = { .magic = LV_IMAGE_HEADER_MAGIC, .cf = LV_COLOR_FORMAT_RGB565A8,
               .flags = 0, .w = 28, .h = 28, .stride = 56 },
  .data_size = sizeof(wi_strong_tstorms_map), .data = wi_strong_tstorms_map,
};
