/*******************************************************************************
 * Size: 22 px
 * Bpp: 4
 * Opts: --font Anuphan-600-lvgl.ttf --size 22 --bpp 4 --format lvgl --no-compress --lv-include lvgl.h --range 0x20-0x7E --range 0x0E00-0x0E7F --range 0xF70A-0xF70E --symbols °·–—…→ -o thai22.c
 ******************************************************************************/

#ifdef LV_LVGL_H_INCLUDE_SIMPLE
#include "lvgl.h"
#else
#include "lvgl.h"
#endif

#ifndef THAI22
#define THAI22 1
#endif

#if THAI22

/*-----------------
 *    BITMAPS
 *----------------*/

/*Store the image of the glyphs*/
static LV_ATTRIBUTE_LARGE_CONST const uint8_t glyph_bitmap[] = {
    /* U+0020 " " */

    /* U+0021 "!" */
    0x1f, 0xfd, 0x1, 0xff, 0xd0, 0x1f, 0xfd, 0x1,
    0xff, 0xd0, 0xf, 0xfd, 0x0, 0xef, 0xb0, 0xc,
    0xf9, 0x0, 0xaf, 0x70, 0x8, 0xf5, 0x0, 0x6f,
    0x30, 0x4, 0xf1, 0x0, 0x0, 0x0, 0x6, 0x94,
    0x4, 0xff, 0xf1, 0x5f, 0xff, 0x11, 0xdf, 0xa0,

    /* U+0022 "\"" */
    0x6f, 0xf1, 0xc, 0xfb, 0x6f, 0xf1, 0xc, 0xfb,
    0x6f, 0xf1, 0xc, 0xfb, 0x6f, 0xf1, 0xc, 0xfb,
    0x6f, 0xf1, 0xc, 0xfb, 0x6f, 0xf1, 0xc, 0xfb,
    0x5f, 0xf1, 0xc, 0xfa,

    /* U+0023 "#" */
    0x0, 0x0, 0x1f, 0xb0, 0x0, 0xcf, 0x0, 0x0,
    0x0, 0x4f, 0x80, 0x0, 0xfd, 0x0, 0x0, 0x0,
    0x7f, 0x50, 0x2, 0xfb, 0x0, 0x0, 0x0, 0xaf,
    0x30, 0x5, 0xf8, 0x0, 0x7, 0xff, 0xff, 0xff,
    0xff, 0xff, 0xfd, 0x5, 0xcc, 0xff, 0xcc, 0xcf,
    0xfd, 0xca, 0x0, 0x2, 0xfb, 0x0, 0xd, 0xf0,
    0x0, 0x0, 0x4, 0xf8, 0x0, 0xf, 0xd0, 0x0,
    0x0, 0x7, 0xf6, 0x0, 0x2f, 0xb0, 0x0, 0x0,
    0x9, 0xf4, 0x0, 0x4f, 0x90, 0x0, 0x6f, 0xff,
    0xff, 0xff, 0xff, 0xff, 0xe0, 0x5c, 0xcf, 0xfc,
    0xcc, 0xef, 0xdc, 0xb0, 0x0, 0x1f, 0xb0, 0x0,
    0xcf, 0x10, 0x0, 0x0, 0x4f, 0x90, 0x0, 0xfe,
    0x0, 0x0, 0x0, 0x7f, 0x60, 0x1, 0xfb, 0x0,
    0x0, 0x0, 0x9f, 0x30, 0x4, 0xf9, 0x0, 0x0,

    /* U+0024 "$" */
    0x0, 0x0, 0x2, 0x64, 0x0, 0x0, 0x0, 0x0,
    0x0, 0x5f, 0xc0, 0x0, 0x0, 0x0, 0x0, 0x28,
    0xfd, 0x30, 0x0, 0x0, 0x2, 0xcf, 0xff, 0xff,
    0xe7, 0x0, 0x1, 0xef, 0xff, 0xff, 0xff, 0xf9,
    0x0, 0x8f, 0xf7, 0x2f, 0x92, 0xbf, 0x40, 0xa,
    0xfe, 0x2, 0xf9, 0x0, 0x20, 0x0, 0xaf, 0xf1,
    0x2f, 0x90, 0x0, 0x0, 0x5, 0xff, 0xe8, 0xf9,
    0x0, 0x0, 0x0, 0xa, 0xff, 0xff, 0xfa, 0x40,
    0x0, 0x0, 0x5, 0xcf, 0xff, 0xff, 0xc1, 0x0,
    0x0, 0x0, 0x3f, 0xde, 0xff, 0xb0, 0x0, 0x0,
    0x2, 0xf9, 0xc, 0xff, 0x0, 0x0, 0x0, 0x2f,
    0x90, 0x7f, 0xf2, 0x2, 0xd3, 0x2, 0xf9, 0xa,
    0xff, 0x0, 0xdf, 0xf9, 0x6f, 0xb9, 0xff, 0xa0,
    0x3, 0xef, 0xff, 0xff, 0xff, 0xd1, 0x0, 0x1,
    0x7c, 0xff, 0xfc, 0x70, 0x0, 0x0, 0x0, 0x5,
    0xfc, 0x0, 0x0, 0x0, 0x0, 0x0, 0x5f, 0xc0,
    0x0, 0x0,

    /* U+0025 "%" */
    0x3, 0xbf, 0xfb, 0x30, 0x0, 0x0, 0xb, 0xfc,
    0x0, 0x2, 0xff, 0xdc, 0xff, 0x20, 0x0, 0x6,
    0xff, 0x20, 0x0, 0x8f, 0xd0, 0xc, 0xf8, 0x0,
    0x1, 0xff, 0x70, 0x0, 0xb, 0xfa, 0x0, 0x9f,
    0xb0, 0x0, 0xbf, 0xc0, 0x0, 0x0, 0xcf, 0x90,
    0x9, 0xfc, 0x0, 0x6f, 0xf2, 0x0, 0x0, 0xb,
    0xfa, 0x0, 0xaf, 0xb0, 0x1f, 0xf7, 0x0, 0x0,
    0x0, 0x6f, 0xe2, 0x2e, 0xf7, 0xb, 0xfc, 0x0,
    0x0, 0x0, 0x0, 0xcf, 0xff, 0xfd, 0x6, 0xff,
    0x22, 0xbf, 0xfc, 0x30, 0x0, 0x6a, 0xa6, 0x1,
    0xff, 0x71, 0xef, 0xdc, 0xff, 0x20, 0x0, 0x0,
    0x0, 0xbf, 0xc0, 0x7f, 0xe0, 0xc, 0xf9, 0x0,
    0x0, 0x0, 0x6f, 0xf2, 0xa, 0xfb, 0x0, 0x8f,
    0xc0, 0x0, 0x0, 0x1f, 0xf7, 0x0, 0xbf, 0xa0,
    0x8, 0xfd, 0x0, 0x0, 0xb, 0xfc, 0x0, 0xa,
    0xfb, 0x0, 0x8f, 0xc0, 0x0, 0x6, 0xff, 0x20,
    0x0, 0x7f, 0xe0, 0xc, 0xf9, 0x0, 0x1, 0xff,
    0x70, 0x0, 0x1, 0xef, 0xdc, 0xff, 0x20, 0x0,
    0xbf, 0xc0, 0x0, 0x0, 0x2, 0xbf, 0xfc, 0x30,

    /* U+0026 "&" */
    0x0, 0x6, 0xcf, 0xfd, 0x70, 0x0, 0x0, 0x0,
    0x9, 0xff, 0xff, 0xff, 0x90, 0x0, 0x0, 0x2,
    0xff, 0xd4, 0x5e, 0xff, 0x10, 0x0, 0x0, 0x5f,
    0xf5, 0x0, 0x7f, 0xf3, 0x0, 0x0, 0x3, 0xff,
    0x60, 0x9, 0xff, 0x0, 0x0, 0x0, 0xc, 0xfe,
    0x15, 0xff, 0x60, 0x0, 0x0, 0x0, 0x2f, 0xfe,
    0xff, 0x50, 0x0, 0x0, 0x0, 0x6, 0xff, 0xff,
    0x40, 0xa, 0xff, 0xd0, 0x8, 0xff, 0xcf, 0xfe,
    0x20, 0xcf, 0xfd, 0x4, 0xff, 0xa0, 0x7f, 0xfd,
    0x1f, 0xf9, 0x40, 0xaf, 0xf2, 0x0, 0x9f, 0xfe,
    0xff, 0x10, 0xb, 0xff, 0x10, 0x0, 0xbf, 0xff,
    0xc0, 0x0, 0xaf, 0xf6, 0x0, 0x1, 0xef, 0xf9,
    0x0, 0x4, 0xff, 0xf9, 0x67, 0xdf, 0xff, 0xf5,
    0x0, 0xa, 0xff, 0xff, 0xff, 0xf9, 0xff, 0xf3,
    0x0, 0x5, 0xcf, 0xfe, 0xa3, 0x5, 0xff, 0xe1,

    /* U+0027 "'" */
    0x6f, 0xf1, 0x6f, 0xf1, 0x6f, 0xf1, 0x6f, 0xf1,
    0x6f, 0xf1, 0x6f, 0xf1, 0x5f, 0xf1,

    /* U+0028 "(" */
    0x0, 0x7, 0xff, 0x30, 0x4, 0xff, 0x50, 0x0,
    0xef, 0xa0, 0x0, 0x7f, 0xf2, 0x0, 0xd, 0xfa,
    0x0, 0x3, 0xff, 0x50, 0x0, 0x7f, 0xf1, 0x0,
    0xa, 0xfe, 0x0, 0x0, 0xcf, 0xc0, 0x0, 0xd,
    0xfc, 0x0, 0x0, 0xdf, 0xc0, 0x0, 0xc, 0xfc,
    0x0, 0x0, 0xaf, 0xd0, 0x0, 0x7, 0xff, 0x0,
    0x0, 0x3f, 0xf4, 0x0, 0x0, 0xef, 0x90, 0x0,
    0x8, 0xff, 0x10, 0x0, 0x1f, 0xf8, 0x0, 0x0,
    0x6f, 0xf3, 0x0, 0x0, 0xaf, 0xe1, 0x0, 0x0,
    0x22, 0x10,

    /* U+0029 ")" */
    0xb, 0xfc, 0x10, 0x0, 0x0, 0xdf, 0xb0, 0x0,
    0x0, 0x3f, 0xf5, 0x0, 0x0, 0xb, 0xfd, 0x0,
    0x0, 0x4, 0xff, 0x40, 0x0, 0x0, 0xef, 0x90,
    0x0, 0x0, 0xaf, 0xd0, 0x0, 0x0, 0x7f, 0xf1,
    0x0, 0x0, 0x5f, 0xf3, 0x0, 0x0, 0x5f, 0xf4,
    0x0, 0x0, 0x5f, 0xf4, 0x0, 0x0, 0x5f, 0xf3,
    0x0, 0x0, 0x7f, 0xf1, 0x0, 0x0, 0x9f, 0xe0,
    0x0, 0x0, 0xdf, 0xa0, 0x0, 0x2, 0xff, 0x50,
    0x0, 0x9, 0xfe, 0x0, 0x0, 0x2f, 0xf7, 0x0,
    0x0, 0xcf, 0xc0, 0x0, 0x9, 0xfe, 0x20, 0x0,
    0x2, 0x21, 0x0, 0x0,

    /* U+002A "*" */
    0x0, 0x0, 0x1f, 0xf3, 0x0, 0x0, 0x0, 0x0,
    0x1f, 0xf3, 0x0, 0x0, 0x4, 0x10, 0xf, 0xf2,
    0x1, 0x40, 0xe, 0xfa, 0x4f, 0xf5, 0xaf, 0xf0,
    0x2e, 0xff, 0xff, 0xff, 0xff, 0xe3, 0x0, 0x38,
    0xef, 0xfe, 0x83, 0x0, 0x0, 0x2, 0xff, 0xff,
    0x30, 0x0, 0x0, 0xd, 0xfa, 0x9f, 0xe1, 0x0,
    0x0, 0xaf, 0xf1, 0xe, 0xfc, 0x0, 0x0, 0x5f,
    0x60, 0x4, 0xf6, 0x0, 0x0, 0x1, 0x0, 0x0,
    0x10, 0x0,

    /* U+002B "+" */
    0x0, 0x0, 0x8e, 0xb0, 0x0, 0x0, 0x0, 0x9,
    0xfd, 0x0, 0x0, 0x0, 0x0, 0x9f, 0xd0, 0x0,
    0x0, 0x0, 0x9, 0xfd, 0x0, 0x0, 0x24, 0x44,
    0xbf, 0xd4, 0x44, 0x38, 0xff, 0xff, 0xff, 0xff,
    0xfb, 0x8f, 0xff, 0xff, 0xff, 0xff, 0xb0, 0x0,
    0x9, 0xfd, 0x0, 0x0, 0x0, 0x0, 0x9f, 0xd0,
    0x0, 0x0, 0x0, 0x9, 0xfd, 0x0, 0x0, 0x0,
    0x0, 0x9f, 0xd0, 0x0, 0x0,

    /* U+002C "," */
    0x0, 0x79, 0x30, 0x5, 0xff, 0xe0, 0x6, 0xff,
    0xf0, 0x2, 0xef, 0xe0, 0x0, 0x5f, 0x90, 0x0,
    0xdf, 0x20, 0xa, 0xf5, 0x0,

    /* U+002D "-" */
    0x9d, 0xdd, 0xdd, 0x7b, 0xff, 0xff, 0xf8, 0xbf,
    0xff, 0xff, 0x80,

    /* U+002E "." */
    0x8, 0xa4, 0x5, 0xff, 0xe0, 0x6f, 0xff, 0x1,
    0xdf, 0x80,

    /* U+002F "/" */
    0x0, 0x0, 0x0, 0xcf, 0x80, 0x0, 0x0, 0x1f,
    0xf3, 0x0, 0x0, 0x6, 0xfe, 0x0, 0x0, 0x0,
    0xbf, 0x90, 0x0, 0x0, 0xf, 0xf4, 0x0, 0x0,
    0x5, 0xff, 0x0, 0x0, 0x0, 0xaf, 0xa0, 0x0,
    0x0, 0xf, 0xf5, 0x0, 0x0, 0x4, 0xff, 0x10,
    0x0, 0x0, 0x9f, 0xb0, 0x0, 0x0, 0xe, 0xf6,
    0x0, 0x0, 0x3, 0xff, 0x10, 0x0, 0x0, 0x8f,
    0xc0, 0x0, 0x0, 0xd, 0xf7, 0x0, 0x0, 0x2,
    0xff, 0x20, 0x0, 0x0, 0x7f, 0xd0, 0x0, 0x0,
    0xc, 0xf8, 0x0, 0x0, 0x1, 0xff, 0x30, 0x0,
    0x0, 0x6f, 0xe0, 0x0, 0x0, 0xb, 0xf9, 0x0,
    0x0, 0x0,

    /* U+0030 "0" */
    0x0, 0x2, 0xae, 0xfe, 0xb4, 0x0, 0x0, 0x4,
    0xff, 0xff, 0xff, 0xf6, 0x0, 0x0, 0xef, 0xfb,
    0x79, 0xff, 0xf2, 0x0, 0x6f, 0xf9, 0x0, 0x6,
    0xff, 0x90, 0xb, 0xff, 0x20, 0x0, 0xf, 0xfe,
    0x0, 0xef, 0xf0, 0x0, 0x0, 0xcf, 0xf1, 0xf,
    0xff, 0x0, 0x0, 0xb, 0xff, 0x31, 0xff, 0xf0,
    0x0, 0x0, 0xbf, 0xf4, 0x1f, 0xff, 0x0, 0x0,
    0xb, 0xff, 0x40, 0xff, 0xf0, 0x0, 0x0, 0xbf,
    0xf3, 0xe, 0xff, 0x0, 0x0, 0xc, 0xff, 0x10,
    0xbf, 0xf2, 0x0, 0x0, 0xff, 0xe0, 0x6, 0xff,
    0x90, 0x0, 0x6f, 0xf9, 0x0, 0xe, 0xff, 0xa7,
    0x9f, 0xff, 0x20, 0x0, 0x4f, 0xff, 0xff, 0xff,
    0x60, 0x0, 0x0, 0x2a, 0xef, 0xeb, 0x40, 0x0,

    /* U+0031 "1" */
    0x0, 0x0, 0xbf, 0xff, 0xf0, 0x0, 0x0, 0x0,
    0x8f, 0xff, 0xff, 0x0, 0x0, 0x0, 0x5f, 0xfb,
    0xdf, 0xf0, 0x0, 0x0, 0x3f, 0xfd, 0x1c, 0xff,
    0x0, 0x0, 0xd, 0xff, 0x20, 0xcf, 0xf0, 0x0,
    0x0, 0x4e, 0x40, 0xc, 0xff, 0x0, 0x0, 0x0,
    0x10, 0x0, 0xcf, 0xf0, 0x0, 0x0, 0x0, 0x0,
    0xc, 0xff, 0x0, 0x0, 0x0, 0x0, 0x0, 0xcf,
    0xf0, 0x0, 0x0, 0x0, 0x0, 0xc, 0xff, 0x0,
    0x0, 0x0, 0x0, 0x0, 0xcf, 0xf0, 0x0, 0x0,
    0x0, 0x0, 0xc, 0xff, 0x0, 0x0, 0x0, 0x0,
    0x0, 0xcf, 0xf0, 0x0, 0x0, 0x5, 0x55, 0x5d,
    0xff, 0x55, 0x52, 0x0, 0xff, 0xff, 0xff, 0xff,
    0xff, 0x80, 0xf, 0xff, 0xff, 0xff, 0xff, 0xf8,

    /* U+0032 "2" */
    0x0, 0x3a, 0xef, 0xeb, 0x30, 0x0, 0x6f, 0xff,
    0xff, 0xff, 0x60, 0x3f, 0xff, 0xa8, 0xcf, 0xff,
    0x2b, 0xff, 0x40, 0x0, 0xbf, 0xf7, 0x16, 0x90,
    0x0, 0x6, 0xff, 0x90, 0x0, 0x0, 0x0, 0x7f,
    0xf8, 0x0, 0x0, 0x0, 0xc, 0xff, 0x40, 0x0,
    0x0, 0x6, 0xff, 0xc0, 0x0, 0x0, 0x5, 0xff,
    0xe2, 0x0, 0x0, 0x6, 0xff, 0xe3, 0x0, 0x0,
    0x8, 0xff, 0xe2, 0x0, 0x0, 0x9, 0xff, 0xc1,
    0x0, 0x0, 0xb, 0xff, 0xa0, 0x0, 0x0, 0x8,
    0xff, 0xe7, 0x77, 0x77, 0x77, 0x9f, 0xff, 0xff,
    0xff, 0xff, 0xf9, 0xff, 0xff, 0xff, 0xff, 0xff,

    /* U+0033 "3" */
    0x0, 0x7, 0xcf, 0xfe, 0xa2, 0x0, 0x1, 0xdf,
    0xff, 0xff, 0xff, 0x50, 0xa, 0xff, 0xc7, 0x6c,
    0xff, 0xf0, 0x1, 0xd8, 0x0, 0x0, 0xdf, 0xf4,
    0x0, 0x0, 0x0, 0x0, 0xaf, 0xf4, 0x0, 0x0,
    0x0, 0x0, 0xdf, 0xf1, 0x0, 0x0, 0x46, 0x7d,
    0xff, 0x60, 0x0, 0x0, 0xcf, 0xff, 0xd3, 0x0,
    0x0, 0x0, 0xcf, 0xff, 0xfe, 0x40, 0x0, 0x0,
    0x0, 0x5, 0xef, 0xf2, 0x0, 0x0, 0x0, 0x0,
    0x7f, 0xf7, 0x0, 0x30, 0x0, 0x0, 0x5f, 0xf9,
    0x9, 0xf5, 0x0, 0x0, 0xaf, 0xf7, 0x2f, 0xff,
    0xa6, 0x6b, 0xff, 0xf2, 0x4, 0xff, 0xff, 0xff,
    0xff, 0x50, 0x0, 0x29, 0xdf, 0xfd, 0x92, 0x0,

    /* U+0034 "4" */
    0x0, 0x0, 0x0, 0x7f, 0xff, 0x60, 0x0, 0x0,
    0x0, 0x1f, 0xff, 0xf6, 0x0, 0x0, 0x0, 0x9,
    0xff, 0xff, 0x60, 0x0, 0x0, 0x3, 0xff, 0x7f,
    0xf6, 0x0, 0x0, 0x0, 0xcf, 0x84, 0xff, 0x60,
    0x0, 0x0, 0x5f, 0xe1, 0x4f, 0xf6, 0x0, 0x0,
    0xe, 0xf6, 0x4, 0xff, 0x60, 0x0, 0x8, 0xfd,
    0x0, 0x4f, 0xf6, 0x0, 0x2, 0xff, 0x50, 0x4,
    0xff, 0x60, 0x0, 0xbf, 0xc0, 0x0, 0x4f, 0xf6,
    0x0, 0x3f, 0xf7, 0x44, 0x47, 0xff, 0x84, 0x14,
    0xff, 0xff, 0xff, 0xff, 0xff, 0xf6, 0x4f, 0xff,
    0xff, 0xff, 0xff, 0xff, 0x60, 0x0, 0x0, 0x0,
    0x4f, 0xf6, 0x0, 0x0, 0x0, 0x0, 0x4, 0xff,
    0x60, 0x0, 0x0, 0x0, 0x0, 0x4f, 0xf6, 0x0,

    /* U+0035 "5" */
    0xb, 0xff, 0xff, 0xff, 0xff, 0x50, 0xc, 0xff,
    0xff, 0xff, 0xff, 0x50, 0xd, 0xfb, 0x88, 0x88,
    0x88, 0x20, 0xe, 0xf5, 0x0, 0x0, 0x0, 0x0,
    0xf, 0xf4, 0x0, 0x0, 0x0, 0x0, 0xf, 0xf3,
    0x4, 0x54, 0x0, 0x0, 0x1f, 0xf3, 0xcf, 0xff,
    0xe4, 0x0, 0x2f, 0xfa, 0xff, 0xff, 0xff, 0x30,
    0x3f, 0xfc, 0x20, 0x2b, 0xff, 0xc0, 0x0, 0x10,
    0x0, 0x1, 0xff, 0xf0, 0x0, 0x0, 0x0, 0x0,
    0xdf, 0xf2, 0x0, 0x30, 0x0, 0x0, 0xef, 0xf1,
    0x2d, 0xe2, 0x0, 0x4, 0xff, 0xd0, 0x7f, 0xfe,
    0x86, 0x8f, 0xff, 0x60, 0x9, 0xff, 0xff, 0xff,
    0xf9, 0x0, 0x0, 0x4b, 0xff, 0xeb, 0x50, 0x0,

    /* U+0036 "6" */
    0x0, 0x0, 0x3d, 0xff, 0xb1, 0x0, 0x0, 0x3,
    0xff, 0xf8, 0x0, 0x0, 0x0, 0x2f, 0xff, 0x60,
    0x0, 0x0, 0x0, 0xcf, 0xf6, 0x0, 0x0, 0x0,
    0x7, 0xff, 0x90, 0x0, 0x0, 0x0, 0xe, 0xfe,
    0x1, 0x43, 0x0, 0x0, 0x5f, 0xf8, 0x8f, 0xff,
    0xe5, 0x0, 0xaf, 0xfa, 0xff, 0xff, 0xff, 0x40,
    0xdf, 0xfd, 0x30, 0x1a, 0xff, 0xd0, 0xef, 0xf3,
    0x0, 0x0, 0xef, 0xf1, 0xdf, 0xf0, 0x0, 0x0,
    0xbf, 0xf3, 0xbf, 0xf1, 0x0, 0x0, 0xcf, 0xf2,
    0x7f, 0xf6, 0x0, 0x1, 0xff, 0xe0, 0x1e, 0xff,
    0x84, 0x6d, 0xff, 0x70, 0x4, 0xff, 0xff, 0xff,
    0xfa, 0x0, 0x0, 0x2a, 0xef, 0xfc, 0x50, 0x0,

    /* U+0037 "7" */
    0xbf, 0xff, 0xff, 0xff, 0xff, 0xeb, 0xff, 0xff,
    0xff, 0xff, 0xfe, 0xbf, 0xd5, 0x55, 0x56, 0xff,
    0xeb, 0xfb, 0x0, 0x0, 0x5f, 0xf8, 0xbf, 0xb0,
    0x0, 0xb, 0xff, 0x23, 0x43, 0x0, 0x2, 0xff,
    0xc0, 0x0, 0x0, 0x0, 0x8f, 0xf5, 0x0, 0x0,
    0x0, 0xe, 0xff, 0x0, 0x0, 0x0, 0x5, 0xff,
    0x90, 0x0, 0x0, 0x0, 0xbf, 0xf3, 0x0, 0x0,
    0x0, 0x1f, 0xfd, 0x0, 0x0, 0x0, 0x8, 0xff,
    0x60, 0x0, 0x0, 0x0, 0xef, 0xf1, 0x0, 0x0,
    0x0, 0x4f, 0xfa, 0x0, 0x0, 0x0, 0xb, 0xff,
    0x40, 0x0, 0x0, 0x1, 0xff, 0xd0, 0x0, 0x0,

    /* U+0038 "8" */
    0x0, 0x4b, 0xef, 0xfc, 0x60, 0x0, 0x8, 0xff,
    0xff, 0xff, 0xfb, 0x0, 0x3f, 0xff, 0x74, 0x6d,
    0xff, 0x60, 0x7f, 0xf6, 0x0, 0x2, 0xff, 0xa0,
    0x8f, 0xf3, 0x0, 0x0, 0xff, 0xb0, 0x4f, 0xf5,
    0x0, 0x2, 0xff, 0x70, 0xa, 0xfe, 0x63, 0x4d,
    0xfd, 0x0, 0x0, 0x7f, 0xff, 0xff, 0x90, 0x0,
    0x6, 0xef, 0xff, 0xff, 0xf8, 0x0, 0x5f, 0xfb,
    0x20, 0x19, 0xff, 0x90, 0xdf, 0xf1, 0x0, 0x0,
    0xef, 0xf0, 0xff, 0xf0, 0x0, 0x0, 0xcf, 0xf2,
    0xef, 0xf2, 0x0, 0x0, 0xef, 0xf1, 0x8f, 0xfe,
    0x64, 0x6c, 0xff, 0xb0, 0xb, 0xff, 0xff, 0xff,
    0xfd, 0x10, 0x0, 0x6b, 0xef, 0xfc, 0x70, 0x0,

    /* U+0039 "9" */
    0x0, 0x3, 0xae, 0xfe, 0xb4, 0x0, 0x0, 0x7,
    0xff, 0xff, 0xff, 0xf7, 0x0, 0x4, 0xff, 0xe7,
    0x57, 0xef, 0xf3, 0x0, 0xbf, 0xf4, 0x0, 0x3,
    0xff, 0xa0, 0xf, 0xff, 0x0, 0x0, 0xd, 0xfe,
    0x0, 0xff, 0xf0, 0x0, 0x0, 0xdf, 0xf0, 0xe,
    0xff, 0x20, 0x0, 0x1f, 0xff, 0x10, 0xaf, 0xfc,
    0x20, 0x2b, 0xff, 0xf0, 0x2, 0xff, 0xff, 0xff,
    0xaf, 0xfd, 0x0, 0x2, 0xcf, 0xff, 0xb5, 0xff,
    0x80, 0x0, 0x0, 0x24, 0x20, 0xcf, 0xf2, 0x0,
    0x0, 0x0, 0x0, 0x6f, 0xfa, 0x0, 0x0, 0x0,
    0x0, 0x3f, 0xfe, 0x10, 0x0, 0x0, 0x0, 0x3f,
    0xff, 0x40, 0x0, 0x0, 0x0, 0x5f, 0xff, 0x60,
    0x0, 0x0, 0x0, 0x8f, 0xff, 0x50, 0x0, 0x0,

    /* U+003A ":" */
    0xb, 0xfb, 0x3, 0xff, 0xf3, 0x2f, 0xff, 0x20,
    0x6a, 0x60, 0x0, 0x0, 0x0, 0x0, 0x0, 0x0,
    0x0, 0x0, 0x0, 0x0, 0x6, 0xa6, 0x2, 0xff,
    0xf2, 0x3f, 0xff, 0x30, 0xbf, 0xb0,

    /* U+003B ";" */
    0xb, 0xfb, 0x3, 0xff, 0xf3, 0x2f, 0xff, 0x20,
    0x6a, 0x60, 0x0, 0x0, 0x0, 0x0, 0x0, 0x0,
    0x0, 0x0, 0x0, 0x0, 0x5, 0x95, 0x2, 0xff,
    0xf2, 0x3f, 0xff, 0x40, 0xcf, 0xf2, 0x2, 0xfd,
    0x0, 0xaf, 0x50, 0x7f, 0x80, 0x0,

    /* U+003C "<" */
    0x0, 0x0, 0x0, 0x0, 0x0, 0x0, 0x0, 0x0,
    0x4, 0xe0, 0x0, 0x0, 0x1, 0xaf, 0xf0, 0x0,
    0x0, 0x5e, 0xff, 0xd0, 0x0, 0x1b, 0xff, 0xf8,
    0x0, 0x6, 0xff, 0xfc, 0x20, 0x0, 0xaf, 0xff,
    0x60, 0x0, 0x0, 0xdf, 0xf5, 0x0, 0x0, 0x0,
    0x8f, 0xff, 0x90, 0x0, 0x0, 0x3, 0xdf, 0xfe,
    0x50, 0x0, 0x0, 0x8, 0xff, 0xfb, 0x20, 0x0,
    0x0, 0x3c, 0xff, 0xf0, 0x0, 0x0, 0x0, 0x7f,
    0xf0, 0x0, 0x0, 0x0, 0x2, 0xc0, 0x0, 0x0,
    0x0, 0x0, 0x0,

    /* U+003D "=" */
    0x24, 0x44, 0x44, 0x44, 0x44, 0x38, 0xff, 0xff,
    0xff, 0xff, 0xfb, 0x8f, 0xff, 0xff, 0xff, 0xff,
    0xb0, 0x0, 0x0, 0x0, 0x0, 0x0, 0x0, 0x0,
    0x0, 0x0, 0x0, 0x2, 0x44, 0x44, 0x44, 0x44,
    0x43, 0x8f, 0xff, 0xff, 0xff, 0xff, 0xb8, 0xff,
    0xff, 0xff, 0xff, 0xfb,

    /* U+003E ">" */
    0x10, 0x0, 0x0, 0x0, 0x0, 0xc6, 0x0, 0x0,
    0x0, 0x0, 0xdf, 0xc2, 0x0, 0x0, 0x0, 0xaf,
    0xff, 0x70, 0x0, 0x0, 0x6, 0xff, 0xfc, 0x30,
    0x0, 0x0, 0x1a, 0xff, 0xf8, 0x0, 0x0, 0x0,
    0x4d, 0xff, 0xd0, 0x0, 0x0, 0x2, 0xff, 0xf0,
    0x0, 0x0, 0x7f, 0xff, 0xa0, 0x0, 0x3d, 0xff,
    0xe5, 0x0, 0x19, 0xff, 0xfa, 0x10, 0x0, 0xcf,
    0xfe, 0x40, 0x0, 0x0, 0xdf, 0x90, 0x0, 0x0,
    0x0, 0xb3, 0x0, 0x0, 0x0, 0x0, 0x0, 0x0,
    0x0, 0x0, 0x0,

    /* U+003F "?" */
    0x0, 0x4c, 0xff, 0xe9, 0x10, 0x0, 0x7f, 0xff,
    0xff, 0xfe, 0x20, 0x3f, 0xfe, 0x87, 0xcf, 0xfc,
    0x5, 0xef, 0x20, 0x0, 0xef, 0xf1, 0x0, 0x30,
    0x0, 0xc, 0xff, 0x20, 0x0, 0x0, 0x0, 0xef,
    0xf0, 0x0, 0x0, 0x4, 0xbf, 0xf9, 0x0, 0x0,
    0x6f, 0xff, 0xfb, 0x0, 0x0, 0x6, 0xff, 0xa4,
    0x0, 0x0, 0x0, 0x6f, 0xf4, 0x0, 0x0, 0x0,
    0x3, 0x88, 0x20, 0x0, 0x0, 0x0, 0x0, 0x0,
    0x0, 0x0, 0x0, 0x1, 0x88, 0x10, 0x0, 0x0,
    0x0, 0xaf, 0xfa, 0x0, 0x0, 0x0, 0xc, 0xff,
    0xb0, 0x0, 0x0, 0x0, 0x5f, 0xe5, 0x0, 0x0,

    /* U+0040 "@" */
    0x0, 0x0, 0x5, 0xad, 0xff, 0xeb, 0x60, 0x0,
    0x0, 0x0, 0x2, 0xdf, 0xfe, 0xcc, 0xef, 0xfe,
    0x50, 0x0, 0x0, 0x3f, 0xfa, 0x30, 0x0, 0x2,
    0x8f, 0xf6, 0x0, 0x1, 0xef, 0x60, 0x0, 0x0,
    0x0, 0x3, 0xff, 0x30, 0x9, 0xf7, 0x0, 0x7e,
    0xf9, 0x6f, 0xc0, 0x5f, 0xb0, 0x1f, 0xd0, 0x8,
    0xff, 0xef, 0xdf, 0xc0, 0xc, 0xf1, 0x5f, 0x80,
    0xf, 0xf8, 0x0, 0xbf, 0xc0, 0x8, 0xf4, 0x8f,
    0x50, 0x4f, 0xf0, 0x0, 0x6f, 0xc0, 0x6, 0xf6,
    0x9f, 0x30, 0x5f, 0xf0, 0x0, 0x6f, 0xc0, 0x6,
    0xf7, 0xaf, 0x30, 0x5f, 0xf0, 0x0, 0x6f, 0xc0,
    0x7, 0xf6, 0x8f, 0x40, 0x3f, 0xf1, 0x0, 0x6f,
    0xc0, 0xa, 0xf2, 0x6f, 0x70, 0xe, 0xf9, 0x2,
    0xcf, 0xe1, 0x3f, 0xd0, 0x1f, 0xd0, 0x5, 0xff,
    0xff, 0x6e, 0xff, 0xff, 0x30, 0xb, 0xf6, 0x0,
    0x4b, 0xc7, 0x2, 0xac, 0xa3, 0x0, 0x2, 0xff,
    0x40, 0x0, 0x0, 0x0, 0x0, 0x0, 0x0, 0x0,
    0x5f, 0xf9, 0x20, 0x0, 0x0, 0x0, 0x0, 0x0,
    0x0, 0x4, 0xef, 0xfe, 0xcc, 0xcc, 0xca, 0x0,
    0x0, 0x0, 0x0, 0x6, 0xbe, 0xff, 0xff, 0xfd,
    0x0, 0x0,

    /* U+0041 "A" */
    0x0, 0x0, 0x8, 0xff, 0xf5, 0x0, 0x0, 0x0,
    0x0, 0x0, 0xdf, 0xff, 0xa0, 0x0, 0x0, 0x0,
    0x0, 0x2f, 0xff, 0xff, 0x0, 0x0, 0x0, 0x0,
    0x8, 0xff, 0x7f, 0xf4, 0x0, 0x0, 0x0, 0x0,
    0xdf, 0xb1, 0xff, 0x90, 0x0, 0x0, 0x0, 0x2f,
    0xf7, 0xd, 0xfe, 0x0, 0x0, 0x0, 0x7, 0xff,
    0x20, 0x8f, 0xf3, 0x0, 0x0, 0x0, 0xcf, 0xd0,
    0x3, 0xff, 0x90, 0x0, 0x0, 0x1f, 0xf9, 0x0,
    0xe, 0xfe, 0x0, 0x0, 0x6, 0xff, 0xa8, 0x88,
    0xdf, 0xf3, 0x0, 0x0, 0xcf, 0xff, 0xff, 0xff,
    0xff, 0x80, 0x0, 0x1f, 0xff, 0xff, 0xff, 0xff,
    0xfd, 0x0, 0x6, 0xff, 0x60, 0x0, 0x0, 0xcf,
    0xf2, 0x0, 0xbf, 0xf1, 0x0, 0x0, 0x7, 0xff,
    0x70, 0x1f, 0xfc, 0x0, 0x0, 0x0, 0x2f, 0xfc,
    0x5, 0xff, 0x70, 0x0, 0x0, 0x0, 0xdf, 0xf1,

    /* U+0042 "B" */
    0x3f, 0xff, 0xff, 0xff, 0xfb, 0x30, 0x3, 0xff,
    0xff, 0xff, 0xff, 0xff, 0x20, 0x3f, 0xfd, 0x77,
    0x78, 0xdf, 0xfa, 0x3, 0xff, 0xa0, 0x0, 0x2,
    0xff, 0xe0, 0x3f, 0xfa, 0x0, 0x0, 0xf, 0xff,
    0x3, 0xff, 0xa0, 0x0, 0x0, 0xff, 0xd0, 0x3f,
    0xfa, 0x0, 0x0, 0x8f, 0xf6, 0x3, 0xff, 0xff,
    0xff, 0xff, 0xd6, 0x0, 0x3f, 0xff, 0xff, 0xff,
    0xff, 0xb2, 0x3, 0xff, 0xc6, 0x66, 0x68, 0xff,
    0xe0, 0x3f, 0xfa, 0x0, 0x0, 0x9, 0xff, 0x63,
    0xff, 0xa0, 0x0, 0x0, 0x7f, 0xf8, 0x3f, 0xfa,
    0x0, 0x0, 0x9, 0xff, 0x73, 0xff, 0xd7, 0x77,
    0x79, 0xff, 0xf2, 0x3f, 0xff, 0xff, 0xff, 0xff,
    0xf8, 0x3, 0xff, 0xff, 0xff, 0xff, 0xd7, 0x0,

    /* U+0043 "C" */
    0x0, 0x3, 0xae, 0xff, 0xc7, 0x0, 0x0, 0x7,
    0xff, 0xff, 0xff, 0xfd, 0x10, 0x5, 0xff, 0xfc,
    0x9a, 0xff, 0xfb, 0x0, 0xef, 0xf6, 0x0, 0x1,
    0xdf, 0xf2, 0x5f, 0xfa, 0x0, 0x0, 0x3, 0x81,
    0x9, 0xff, 0x50, 0x0, 0x0, 0x0, 0x0, 0xbf,
    0xf3, 0x0, 0x0, 0x0, 0x0, 0xc, 0xff, 0x30,
    0x0, 0x0, 0x0, 0x0, 0xdf, 0xf3, 0x0, 0x0,
    0x0, 0x0, 0xc, 0xff, 0x30, 0x0, 0x0, 0x0,
    0x0, 0x9f, 0xf5, 0x0, 0x0, 0x0, 0x0, 0x6,
    0xff, 0xa0, 0x0, 0x0, 0x2c, 0x30, 0xf, 0xff,
    0x50, 0x0, 0x1d, 0xff, 0x20, 0x7f, 0xff, 0xc9,
    0xaf, 0xff, 0xb0, 0x0, 0x8f, 0xff, 0xff, 0xff,
    0xc0, 0x0, 0x0, 0x3a, 0xef, 0xfc, 0x60, 0x0,

    /* U+0044 "D" */
    0x3f, 0xff, 0xff, 0xfe, 0xb4, 0x0, 0x3, 0xff,
    0xff, 0xff, 0xff, 0xfa, 0x0, 0x3f, 0xfd, 0x99,
    0x9c, 0xff, 0xf8, 0x3, 0xff, 0xa0, 0x0, 0x3,
    0xff, 0xf2, 0x3f, 0xfa, 0x0, 0x0, 0x7, 0xff,
    0x83, 0xff, 0xa0, 0x0, 0x0, 0x2f, 0xfc, 0x3f,
    0xfa, 0x0, 0x0, 0x0, 0xff, 0xe3, 0xff, 0xa0,
    0x0, 0x0, 0xf, 0xff, 0x3f, 0xfa, 0x0, 0x0,
    0x0, 0xff, 0xf3, 0xff, 0xa0, 0x0, 0x0, 0xf,
    0xfe, 0x3f, 0xfa, 0x0, 0x0, 0x2, 0xff, 0xc3,
    0xff, 0xa0, 0x0, 0x0, 0x7f, 0xf8, 0x3f, 0xfa,
    0x0, 0x0, 0x3f, 0xff, 0x23, 0xff, 0xd9, 0x99,
    0xbf, 0xff, 0x80, 0x3f, 0xff, 0xff, 0xff, 0xff,
    0xa0, 0x3, 0xff, 0xff, 0xff, 0xeb, 0x40, 0x0,

    /* U+0045 "E" */
    0x3f, 0xff, 0xff, 0xff, 0xff, 0xe3, 0xff, 0xff,
    0xff, 0xff, 0xfe, 0x3f, 0xfd, 0x99, 0x99, 0x99,
    0x83, 0xff, 0xa0, 0x0, 0x0, 0x0, 0x3f, 0xfa,
    0x0, 0x0, 0x0, 0x3, 0xff, 0xa0, 0x0, 0x0,
    0x0, 0x3f, 0xfa, 0x0, 0x0, 0x0, 0x3, 0xff,
    0xff, 0xff, 0xff, 0xf1, 0x3f, 0xff, 0xff, 0xff,
    0xff, 0x13, 0xff, 0xd9, 0x99, 0x99, 0x90, 0x3f,
    0xfa, 0x0, 0x0, 0x0, 0x3, 0xff, 0xa0, 0x0,
    0x0, 0x0, 0x3f, 0xfa, 0x0, 0x0, 0x0, 0x3,
    0xff, 0xd9, 0x99, 0x99, 0x98, 0x3f, 0xff, 0xff,
    0xff, 0xff, 0xe3, 0xff, 0xff, 0xff, 0xff, 0xfe,

    /* U+0046 "F" */
    0x3f, 0xff, 0xff, 0xff, 0xff, 0xa3, 0xff, 0xff,
    0xff, 0xff, 0xfa, 0x3f, 0xfd, 0x99, 0x99, 0x99,
    0x63, 0xff, 0xa0, 0x0, 0x0, 0x0, 0x3f, 0xfa,
    0x0, 0x0, 0x0, 0x3, 0xff, 0xa0, 0x0, 0x0,
    0x0, 0x3f, 0xfa, 0x0, 0x0, 0x0, 0x3, 0xff,
    0xff, 0xff, 0xff, 0xc0, 0x3f, 0xff, 0xff, 0xff,
    0xfc, 0x3, 0xff, 0xd9, 0x99, 0x99, 0x60, 0x3f,
    0xfa, 0x0, 0x0, 0x0, 0x3, 0xff, 0xa0, 0x0,
    0x0, 0x0, 0x3f, 0xfa, 0x0, 0x0, 0x0, 0x3,
    0xff, 0xa0, 0x0, 0x0, 0x0, 0x3f, 0xfa, 0x0,
    0x0, 0x0, 0x3, 0xff, 0xa0, 0x0, 0x0, 0x0,

    /* U+0047 "G" */
    0x0, 0x2, 0x9d, 0xff, 0xd8, 0x10, 0x0, 0x0,
    0x5f, 0xff, 0xff, 0xff, 0xf4, 0x0, 0x4, 0xff,
    0xfd, 0x9a, 0xdf, 0xff, 0x30, 0xd, 0xff, 0x70,
    0x0, 0x7, 0xff, 0x70, 0x4f, 0xfa, 0x0, 0x0,
    0x0, 0x72, 0x0, 0x9f, 0xf5, 0x0, 0x0, 0x0,
    0x0, 0x0, 0xbf, 0xf3, 0x0, 0x0, 0x0, 0x0,
    0x0, 0xcf, 0xf3, 0x0, 0xb, 0xff, 0xff, 0xf1,
    0xdf, 0xf3, 0x0, 0xb, 0xff, 0xff, 0xf1, 0xbf,
    0xf3, 0x0, 0x5, 0x77, 0xcf, 0xf1, 0x9f, 0xf5,
    0x0, 0x0, 0x0, 0xaf, 0xf1, 0x5f, 0xfa, 0x0,
    0x0, 0x0, 0xcf, 0xf1, 0xe, 0xff, 0x60, 0x0,
    0x7, 0xff, 0xf1, 0x5, 0xff, 0xfd, 0x99, 0xdf,
    0xef, 0xf1, 0x0, 0x7f, 0xff, 0xff, 0xfe, 0x7f,
    0xf1, 0x0, 0x3, 0xae, 0xfe, 0xa1, 0x6f, 0xf1,

    /* U+0048 "H" */
    0x3f, 0xfa, 0x0, 0x0, 0x0, 0xdf, 0xf3, 0xff,
    0xa0, 0x0, 0x0, 0xd, 0xff, 0x3f, 0xfa, 0x0,
    0x0, 0x0, 0xdf, 0xf3, 0xff, 0xa0, 0x0, 0x0,
    0xd, 0xff, 0x3f, 0xfa, 0x0, 0x0, 0x0, 0xdf,
    0xf3, 0xff, 0xa0, 0x0, 0x0, 0xd, 0xff, 0x3f,
    0xfa, 0x0, 0x0, 0x0, 0xdf, 0xf3, 0xff, 0xff,
    0xff, 0xff, 0xff, 0xff, 0x3f, 0xff, 0xff, 0xff,
    0xff, 0xff, 0xf3, 0xff, 0xd9, 0x99, 0x99, 0x9e,
    0xff, 0x3f, 0xfa, 0x0, 0x0, 0x0, 0xdf, 0xf3,
    0xff, 0xa0, 0x0, 0x0, 0xd, 0xff, 0x3f, 0xfa,
    0x0, 0x0, 0x0, 0xdf, 0xf3, 0xff, 0xa0, 0x0,
    0x0, 0xd, 0xff, 0x3f, 0xfa, 0x0, 0x0, 0x0,
    0xdf, 0xf3, 0xff, 0xa0, 0x0, 0x0, 0xd, 0xff,

    /* U+0049 "I" */
    0xdf, 0xff, 0xff, 0xf1, 0xdf, 0xff, 0xff, 0xf1,
    0x45, 0xdf, 0xf6, 0x50, 0x0, 0xcf, 0xf0, 0x0,
    0x0, 0xcf, 0xf0, 0x0, 0x0, 0xcf, 0xf0, 0x0,
    0x0, 0xcf, 0xf0, 0x0, 0x0, 0xcf, 0xf0, 0x0,
    0x0, 0xcf, 0xf0, 0x0, 0x0, 0xcf, 0xf0, 0x0,
    0x0, 0xcf, 0xf0, 0x0, 0x0, 0xcf, 0xf0, 0x0,
    0x0, 0xcf, 0xf0, 0x0, 0x45, 0xdf, 0xf6, 0x50,
    0xdf, 0xff, 0xff, 0xf1, 0xdf, 0xff, 0xff, 0xf1,

    /* U+004A "J" */
    0x0, 0x7f, 0xff, 0xff, 0xff, 0x30, 0x7, 0xff,
    0xff, 0xff, 0xf3, 0x0, 0x36, 0x66, 0x6c, 0xff,
    0x30, 0x0, 0x0, 0x0, 0xaf, 0xf3, 0x0, 0x0,
    0x0, 0xa, 0xff, 0x30, 0x0, 0x0, 0x0, 0xaf,
    0xf3, 0x0, 0x0, 0x0, 0xa, 0xff, 0x30, 0x0,
    0x0, 0x0, 0xaf, 0xf3, 0x0, 0x0, 0x0, 0xa,
    0xff, 0x30, 0x0, 0x0, 0x0, 0xaf, 0xf3, 0x0,
    0x0, 0x0, 0xa, 0xff, 0x31, 0x58, 0x30, 0x0,
    0xaf, 0xf3, 0x4f, 0xfa, 0x0, 0xe, 0xff, 0x10,
    0xdf, 0xfc, 0x9d, 0xff, 0xc0, 0x3, 0xff, 0xff,
    0xff, 0xe2, 0x0, 0x3, 0xbe, 0xfe, 0x91, 0x0,

    /* U+004B "K" */
    0x3f, 0xfa, 0x0, 0x0, 0x9, 0xff, 0xa0, 0x3f,
    0xfa, 0x0, 0x0, 0x6f, 0xfd, 0x0, 0x3f, 0xfa,
    0x0, 0x3, 0xff, 0xf2, 0x0, 0x3f, 0xfa, 0x0,
    0x1d, 0xff, 0x40, 0x0, 0x3f, 0xfa, 0x0, 0xbf,
    0xf7, 0x0, 0x0, 0x3f, 0xfa, 0x7, 0xff, 0xa0,
    0x0, 0x0, 0x3f, 0xfa, 0x3f, 0xfe, 0x0, 0x0,
    0x0, 0x3f, 0xfb, 0xdf, 0xff, 0x40, 0x0, 0x0,
    0x3f, 0xff, 0xff, 0xff, 0xd0, 0x0, 0x0, 0x3f,
    0xff, 0xf2, 0xdf, 0xf7, 0x0, 0x0, 0x3f, 0xff,
    0x40, 0x3f, 0xff, 0x20, 0x0, 0x3f, 0xfa, 0x0,
    0x9, 0xff, 0xb0, 0x0, 0x3f, 0xfa, 0x0, 0x1,
    0xef, 0xf5, 0x0, 0x3f, 0xfa, 0x0, 0x0, 0x6f,
    0xfe, 0x10, 0x3f, 0xfa, 0x0, 0x0, 0xc, 0xff,
    0x90, 0x3f, 0xfa, 0x0, 0x0, 0x3, 0xff, 0xf3,

    /* U+004C "L" */
    0x3f, 0xfa, 0x0, 0x0, 0x0, 0x3f, 0xfa, 0x0,
    0x0, 0x0, 0x3f, 0xfa, 0x0, 0x0, 0x0, 0x3f,
    0xfa, 0x0, 0x0, 0x0, 0x3f, 0xfa, 0x0, 0x0,
    0x0, 0x3f, 0xfa, 0x0, 0x0, 0x0, 0x3f, 0xfa,
    0x0, 0x0, 0x0, 0x3f, 0xfa, 0x0, 0x0, 0x0,
    0x3f, 0xfa, 0x0, 0x0, 0x0, 0x3f, 0xfa, 0x0,
    0x0, 0x0, 0x3f, 0xfa, 0x0, 0x0, 0x0, 0x3f,
    0xfa, 0x0, 0x0, 0x0, 0x3f, 0xfa, 0x0, 0x0,
    0x0, 0x3f, 0xfd, 0x99, 0x99, 0x96, 0x3f, 0xff,
    0xff, 0xff, 0xfb, 0x3f, 0xff, 0xff, 0xff, 0xfb,

    /* U+004D "M" */
    0x3f, 0xff, 0x40, 0x0, 0x0, 0x4, 0xff, 0xf2,
    0x3f, 0xff, 0xc0, 0x0, 0x0, 0xc, 0xff, 0xf2,
    0x3f, 0xff, 0xf4, 0x0, 0x0, 0x4f, 0xff, 0xf2,
    0x3f, 0xff, 0xfc, 0x0, 0x0, 0xcf, 0xff, 0xf2,
    0x3f, 0xfd, 0xff, 0x40, 0x4, 0xff, 0xef, 0xf2,
    0x3f, 0xf8, 0xdf, 0xc0, 0xc, 0xfd, 0x8f, 0xf2,
    0x3f, 0xf8, 0x6f, 0xf4, 0x4f, 0xf6, 0x8f, 0xf2,
    0x3f, 0xf8, 0xe, 0xfc, 0xcf, 0xe0, 0x8f, 0xf2,
    0x3f, 0xf8, 0x6, 0xff, 0xff, 0x50, 0x8f, 0xf2,
    0x3f, 0xf8, 0x0, 0xdf, 0xfd, 0x0, 0x8f, 0xf2,
    0x3f, 0xf8, 0x0, 0x5f, 0xf5, 0x0, 0x8f, 0xf2,
    0x3f, 0xf8, 0x0, 0xd, 0xc0, 0x0, 0x8f, 0xf2,
    0x3f, 0xf8, 0x0, 0x5, 0x40, 0x0, 0x8f, 0xf2,
    0x3f, 0xf8, 0x0, 0x0, 0x0, 0x0, 0x8f, 0xf2,
    0x3f, 0xf8, 0x0, 0x0, 0x0, 0x0, 0x8f, 0xf2,
    0x3f, 0xf8, 0x0, 0x0, 0x0, 0x0, 0x8f, 0xf2,

    /* U+004E "N" */
    0x3f, 0xff, 0x30, 0x0, 0x0, 0xbf, 0xf3, 0xff,
    0xfc, 0x0, 0x0, 0xb, 0xff, 0x3f, 0xff, 0xf5,
    0x0, 0x0, 0xbf, 0xf3, 0xff, 0xff, 0xe0, 0x0,
    0xb, 0xff, 0x3f, 0xfd, 0xff, 0x70, 0x0, 0xbf,
    0xf3, 0xff, 0x8d, 0xff, 0x10, 0xb, 0xff, 0x3f,
    0xf8, 0x6f, 0xf9, 0x0, 0xbf, 0xf3, 0xff, 0x80,
    0xef, 0xf3, 0xb, 0xff, 0x3f, 0xf8, 0x5, 0xff,
    0xb0, 0xbf, 0xf3, 0xff, 0x80, 0xc, 0xff, 0x3b,
    0xff, 0x3f, 0xf8, 0x0, 0x3f, 0xfa, 0xbf, 0xf3,
    0xff, 0x80, 0x0, 0xaf, 0xfd, 0xff, 0x3f, 0xf8,
    0x0, 0x2, 0xff, 0xff, 0xf3, 0xff, 0x80, 0x0,
    0x8, 0xff, 0xff, 0x3f, 0xf8, 0x0, 0x0, 0x1e,
    0xff, 0xf3, 0xff, 0x80, 0x0, 0x0, 0x6f, 0xff,

    /* U+004F "O" */
    0x0, 0x3, 0xae, 0xff, 0xd7, 0x10, 0x0, 0x0,
    0x7f, 0xff, 0xff, 0xff, 0xe3, 0x0, 0x5, 0xff,
    0xfd, 0x9a, 0xef, 0xfe, 0x10, 0xe, 0xff, 0x60,
    0x0, 0xb, 0xff, 0x90, 0x5f, 0xfa, 0x0, 0x0,
    0x1, 0xff, 0xf0, 0x9f, 0xf5, 0x0, 0x0, 0x0,
    0xaf, 0xf4, 0xbf, 0xf3, 0x0, 0x0, 0x0, 0x8f,
    0xf6, 0xcf, 0xf3, 0x0, 0x0, 0x0, 0x8f, 0xf7,
    0xcf, 0xf3, 0x0, 0x0, 0x0, 0x8f, 0xf7, 0xbf,
    0xf3, 0x0, 0x0, 0x0, 0x8f, 0xf6, 0x9f, 0xf5,
    0x0, 0x0, 0x0, 0xaf, 0xf4, 0x5f, 0xfa, 0x0,
    0x0, 0x1, 0xff, 0xf0, 0xe, 0xff, 0x60, 0x0,
    0xb, 0xff, 0x90, 0x5, 0xff, 0xfd, 0x9a, 0xef,
    0xfe, 0x10, 0x0, 0x7f, 0xff, 0xff, 0xff, 0xe3,
    0x0, 0x0, 0x3, 0xae, 0xff, 0xd8, 0x10, 0x0,

    /* U+0050 "P" */
    0x3f, 0xff, 0xff, 0xff, 0xea, 0x20, 0x3, 0xff,
    0xff, 0xff, 0xff, 0xfe, 0x20, 0x3f, 0xfd, 0x88,
    0x89, 0xdf, 0xfb, 0x3, 0xff, 0xa0, 0x0, 0x0,
    0xef, 0xf1, 0x3f, 0xfa, 0x0, 0x0, 0xb, 0xff,
    0x33, 0xff, 0xa0, 0x0, 0x0, 0xbf, 0xf3, 0x3f,
    0xfa, 0x0, 0x0, 0xe, 0xff, 0x3, 0xff, 0xd8,
    0x88, 0x8d, 0xff, 0xb0, 0x3f, 0xff, 0xff, 0xff,
    0xff, 0xe2, 0x3, 0xff, 0xff, 0xff, 0xfe, 0xa2,
    0x0, 0x3f, 0xfa, 0x0, 0x0, 0x0, 0x0, 0x3,
    0xff, 0xa0, 0x0, 0x0, 0x0, 0x0, 0x3f, 0xfa,
    0x0, 0x0, 0x0, 0x0, 0x3, 0xff, 0xa0, 0x0,
    0x0, 0x0, 0x0, 0x3f, 0xfa, 0x0, 0x0, 0x0,
    0x0, 0x3, 0xff, 0xa0, 0x0, 0x0, 0x0, 0x0,

    /* U+0051 "Q" */
    0x0, 0x2, 0x9d, 0xff, 0xc7, 0x10, 0x0, 0x0,
    0x7f, 0xff, 0xff, 0xff, 0xe3, 0x0, 0x5, 0xff,
    0xfd, 0x9a, 0xef, 0xfe, 0x10, 0xe, 0xff, 0x70,
    0x0, 0xb, 0xff, 0x90, 0x5f, 0xfb, 0x0, 0x0,
    0x1, 0xff, 0xf0, 0x9f, 0xf5, 0x0, 0x0, 0x0,
    0xaf, 0xf3, 0xbf, 0xf3, 0x0, 0x0, 0x0, 0x8f,
    0xf6, 0xcf, 0xf3, 0x0, 0x0, 0x0, 0x8f, 0xf7,
    0xdf, 0xf3, 0x0, 0x0, 0x0, 0x8f, 0xf7, 0xcf,
    0xf3, 0x0, 0x0, 0x0, 0x8f, 0xf7, 0xaf, 0xf4,
    0x0, 0x0, 0x0, 0xaf, 0xf4, 0x6f, 0xf9, 0x0,
    0x0, 0x0, 0xef, 0xf1, 0x1f, 0xff, 0x30, 0x0,
    0x8, 0xff, 0xb0, 0x8, 0xff, 0xf8, 0x56, 0xbf,
    0xff, 0x30, 0x0, 0xbf, 0xff, 0xff, 0xff, 0xf6,
    0x0, 0x0, 0x7, 0xef, 0xff, 0xfc, 0x30, 0x0,
    0x0, 0x0, 0x7, 0xff, 0x50, 0x0, 0x0, 0x0,
    0x0, 0x5, 0xff, 0x96, 0x40, 0x0, 0x0, 0x0,
    0x1, 0xff, 0xff, 0xb0, 0x0, 0x0, 0x0, 0x0,
    0x5d, 0xff, 0xb0, 0x0,

    /* U+0052 "R" */
    0x3f, 0xff, 0xff, 0xff, 0xea, 0x20, 0x3, 0xff,
    0xff, 0xff, 0xff, 0xfe, 0x20, 0x3f, 0xfd, 0x88,
    0x89, 0xdf, 0xfb, 0x3, 0xff, 0xa0, 0x0, 0x0,
    0xef, 0xf0, 0x3f, 0xfa, 0x0, 0x0, 0xb, 0xff,
    0x33, 0xff, 0xa0, 0x0, 0x0, 0xbf, 0xf3, 0x3f,
    0xfa, 0x0, 0x0, 0xe, 0xff, 0x3, 0xff, 0xc7,
    0x77, 0x7c, 0xff, 0xb0, 0x3f, 0xff, 0xff, 0xff,
    0xff, 0xe2, 0x3, 0xff, 0xff, 0xff, 0xff, 0xb1,
    0x0, 0x3f, 0xfa, 0x0, 0x4f, 0xfc, 0x0, 0x3,
    0xff, 0xa0, 0x0, 0xdf, 0xf4, 0x0, 0x3f, 0xfa,
    0x0, 0x5, 0xff, 0xc0, 0x3, 0xff, 0xa0, 0x0,
    0xd, 0xff, 0x40, 0x3f, 0xfa, 0x0, 0x0, 0x6f,
    0xfc, 0x3, 0xff, 0xa0, 0x0, 0x0, 0xef, 0xf4,

    /* U+0053 "S" */
    0x0, 0x3, 0xae, 0xff, 0xd8, 0x10, 0x0, 0x7,
    0xff, 0xff, 0xff, 0xff, 0x50, 0x3, 0xff, 0xfb,
    0x9a, 0xef, 0xfc, 0x0, 0x9f, 0xf7, 0x0, 0x0,
    0x8c, 0x10, 0xa, 0xff, 0x20, 0x0, 0x0, 0x0,
    0x0, 0x9f, 0xf8, 0x0, 0x0, 0x0, 0x0, 0x4,
    0xff, 0xfd, 0x96, 0x30, 0x0, 0x0, 0x8, 0xff,
    0xff, 0xff, 0xe6, 0x0, 0x0, 0x4, 0xaf, 0xff,
    0xff, 0xf8, 0x0, 0x0, 0x0, 0x1, 0x49, 0xff,
    0xf1, 0x0, 0x0, 0x0, 0x0, 0xa, 0xff, 0x40,
    0x3, 0x0, 0x0, 0x0, 0x8f, 0xf4, 0x4, 0xfb,
    0x10, 0x0, 0x1e, 0xff, 0x10, 0xdf, 0xff, 0xb9,
    0xae, 0xff, 0xb0, 0x2, 0xdf, 0xff, 0xff, 0xff,
    0xd1, 0x0, 0x0, 0x6b, 0xef, 0xfc, 0x70, 0x0,

    /* U+0054 "T" */
    0x7f, 0xff, 0xff, 0xff, 0xff, 0xff, 0x37, 0xff,
    0xff, 0xff, 0xff, 0xff, 0xf3, 0x49, 0x99, 0x9f,
    0xfe, 0x99, 0x99, 0x10, 0x0, 0x0, 0xff, 0xd0,
    0x0, 0x0, 0x0, 0x0, 0xf, 0xfd, 0x0, 0x0,
    0x0, 0x0, 0x0, 0xff, 0xd0, 0x0, 0x0, 0x0,
    0x0, 0xf, 0xfd, 0x0, 0x0, 0x0, 0x0, 0x0,
    0xff, 0xd0, 0x0, 0x0, 0x0, 0x0, 0xf, 0xfd,
    0x0, 0x0, 0x0, 0x0, 0x0, 0xff, 0xd0, 0x0,
    0x0, 0x0, 0x0, 0xf, 0xfd, 0x0, 0x0, 0x0,
    0x0, 0x0, 0xff, 0xd0, 0x0, 0x0, 0x0, 0x0,
    0xf, 0xfd, 0x0, 0x0, 0x0, 0x0, 0x0, 0xff,
    0xd0, 0x0, 0x0, 0x0, 0x0, 0xf, 0xfd, 0x0,
    0x0, 0x0, 0x0, 0x0, 0xff, 0xd0, 0x0, 0x0,

    /* U+0055 "U" */
    0x4f, 0xf8, 0x0, 0x0, 0x5, 0xff, 0x74, 0xff,
    0x80, 0x0, 0x0, 0x5f, 0xf7, 0x4f, 0xf8, 0x0,
    0x0, 0x5, 0xff, 0x74, 0xff, 0x80, 0x0, 0x0,
    0x5f, 0xf7, 0x4f, 0xf8, 0x0, 0x0, 0x5, 0xff,
    0x74, 0xff, 0x80, 0x0, 0x0, 0x5f, 0xf7, 0x4f,
    0xf8, 0x0, 0x0, 0x5, 0xff, 0x74, 0xff, 0x80,
    0x0, 0x0, 0x5f, 0xf7, 0x4f, 0xf8, 0x0, 0x0,
    0x5, 0xff, 0x74, 0xff, 0x80, 0x0, 0x0, 0x5f,
    0xf6, 0x3f, 0xf9, 0x0, 0x0, 0x6, 0xff, 0x61,
    0xff, 0xc0, 0x0, 0x0, 0x9f, 0xf4, 0xe, 0xff,
    0x40, 0x0, 0x2f, 0xff, 0x0, 0x8f, 0xff, 0xb9,
    0xbf, 0xff, 0xa0, 0x0, 0xcf, 0xff, 0xff, 0xff,
    0xd1, 0x0, 0x0, 0x7c, 0xff, 0xfc, 0x81, 0x0,

    /* U+0056 "V" */
    0x7f, 0xf6, 0x0, 0x0, 0x0, 0x5f, 0xf7, 0x2f,
    0xfb, 0x0, 0x0, 0x0, 0xaf, 0xf2, 0xd, 0xff,
    0x0, 0x0, 0x0, 0xef, 0xd0, 0x8, 0xff, 0x50,
    0x0, 0x3, 0xff, 0x80, 0x3, 0xff, 0xa0, 0x0,
    0x8, 0xff, 0x30, 0x0, 0xef, 0xe0, 0x0, 0xd,
    0xfe, 0x0, 0x0, 0x9f, 0xf3, 0x0, 0x2f, 0xf9,
    0x0, 0x0, 0x4f, 0xf8, 0x0, 0x7f, 0xf4, 0x0,
    0x0, 0xf, 0xfc, 0x0, 0xbf, 0xf0, 0x0, 0x0,
    0xa, 0xff, 0x10, 0xff, 0xa0, 0x0, 0x0, 0x5,
    0xff, 0x53, 0xff, 0x50, 0x0, 0x0, 0x1, 0xff,
    0x98, 0xff, 0x0, 0x0, 0x0, 0x0, 0xbf, 0xdc,
    0xfb, 0x0, 0x0, 0x0, 0x0, 0x6f, 0xff, 0xf6,
    0x0, 0x0, 0x0, 0x0, 0x1f, 0xff, 0xf1, 0x0,
    0x0, 0x0, 0x0, 0xd, 0xff, 0xc0, 0x0, 0x0,

    /* U+0057 "W" */
    0x5f, 0xf8, 0x0, 0x0, 0x4f, 0xff, 0x20, 0x0,
    0x9, 0xff, 0x11, 0xff, 0xb0, 0x0, 0x7, 0xff,
    0xf5, 0x0, 0x0, 0xdf, 0xe0, 0xd, 0xfe, 0x0,
    0x0, 0xbf, 0xff, 0x90, 0x0, 0xf, 0xfa, 0x0,
    0xaf, 0xf2, 0x0, 0xf, 0xfd, 0xfd, 0x0, 0x3,
    0xff, 0x60, 0x6, 0xff, 0x50, 0x2, 0xff, 0x6f,
    0xf0, 0x0, 0x6f, 0xf3, 0x0, 0x3f, 0xf8, 0x0,
    0x6f, 0xd1, 0xff, 0x40, 0xa, 0xff, 0x0, 0x0,
    0xff, 0xb0, 0xa, 0xf9, 0xd, 0xf7, 0x0, 0xdf,
    0xb0, 0x0, 0xc, 0xfe, 0x0, 0xef, 0x50, 0xaf,
    0xb0, 0xf, 0xf8, 0x0, 0x0, 0x8f, 0xf1, 0x1f,
    0xf2, 0x6, 0xff, 0x3, 0xff, 0x40, 0x0, 0x4,
    0xff, 0x45, 0xfe, 0x0, 0x2f, 0xf2, 0x7f, 0xf0,
    0x0, 0x0, 0x1f, 0xf8, 0x8f, 0xa0, 0x0, 0xff,
    0x6a, 0xfd, 0x0, 0x0, 0x0, 0xdf, 0xbc, 0xf6,
    0x0, 0xb, 0xf9, 0xdf, 0x90, 0x0, 0x0, 0xa,
    0xfe, 0xff, 0x30, 0x0, 0x7f, 0xef, 0xf5, 0x0,
    0x0, 0x0, 0x6f, 0xff, 0xf0, 0x0, 0x4, 0xff,
    0xff, 0x10, 0x0, 0x0, 0x3, 0xff, 0xfb, 0x0,
    0x0, 0xf, 0xff, 0xe0, 0x0, 0x0, 0x0, 0xf,
    0xff, 0x70, 0x0, 0x0, 0xcf, 0xfa, 0x0, 0x0,

    /* U+0058 "X" */
    0x1f, 0xff, 0x30, 0x0, 0x0, 0xaf, 0xf6, 0x7,
    0xff, 0xc0, 0x0, 0x4, 0xff, 0xc0, 0x0, 0xdf,
    0xf6, 0x0, 0xd, 0xff, 0x30, 0x0, 0x4f, 0xfe,
    0x0, 0x6f, 0xf9, 0x0, 0x0, 0xa, 0xff, 0x81,
    0xef, 0xe0, 0x0, 0x0, 0x1, 0xef, 0xfa, 0xff,
    0x50, 0x0, 0x0, 0x0, 0x6f, 0xff, 0xfb, 0x0,
    0x0, 0x0, 0x0, 0xc, 0xff, 0xf2, 0x0, 0x0,
    0x0, 0x0, 0x1f, 0xff, 0xf5, 0x0, 0x0, 0x0,
    0x0, 0xaf, 0xff, 0xfe, 0x10, 0x0, 0x0, 0x4,
    0xff, 0xa8, 0xff, 0x90, 0x0, 0x0, 0xd, 0xff,
    0x10, 0xef, 0xf3, 0x0, 0x0, 0x7f, 0xf8, 0x0,
    0x6f, 0xfc, 0x0, 0x1, 0xff, 0xe0, 0x0, 0xc,
    0xff, 0x60, 0xa, 0xff, 0x50, 0x0, 0x3, 0xff,
    0xf1, 0x4f, 0xfc, 0x0, 0x0, 0x0, 0xaf, 0xfa,

    /* U+0059 "Y" */
    0x8f, 0xfb, 0x0, 0x0, 0x0, 0xbf, 0xf5, 0xe,
    0xff, 0x30, 0x0, 0x4, 0xff, 0xd0, 0x6, 0xff,
    0xb0, 0x0, 0xc, 0xff, 0x40, 0x0, 0xdf, 0xf4,
    0x0, 0x4f, 0xfb, 0x0, 0x0, 0x5f, 0xfc, 0x0,
    0xcf, 0xf3, 0x0, 0x0, 0xc, 0xff, 0x54, 0xff,
    0xa0, 0x0, 0x0, 0x4, 0xff, 0xdc, 0xff, 0x10,
    0x0, 0x0, 0x0, 0xbf, 0xff, 0xf8, 0x0, 0x0,
    0x0, 0x0, 0x2f, 0xff, 0xe1, 0x0, 0x0, 0x0,
    0x0, 0xa, 0xff, 0x70, 0x0, 0x0, 0x0, 0x0,
    0x8, 0xff, 0x50, 0x0, 0x0, 0x0, 0x0, 0x8,
    0xff, 0x50, 0x0, 0x0, 0x0, 0x0, 0x8, 0xff,
    0x50, 0x0, 0x0, 0x0, 0x0, 0x8, 0xff, 0x50,
    0x0, 0x0, 0x0, 0x0, 0x8, 0xff, 0x50, 0x0,
    0x0, 0x0, 0x0, 0x8, 0xff, 0x50, 0x0, 0x0,

    /* U+005A "Z" */
    0xc, 0xff, 0xff, 0xff, 0xff, 0xff, 0x10, 0xcf,
    0xff, 0xff, 0xff, 0xff, 0xf1, 0x7, 0x99, 0x99,
    0x99, 0xbf, 0xff, 0x10, 0x0, 0x0, 0x0, 0xc,
    0xff, 0x60, 0x0, 0x0, 0x0, 0x9, 0xff, 0xa0,
    0x0, 0x0, 0x0, 0x4, 0xff, 0xd1, 0x0, 0x0,
    0x0, 0x1, 0xef, 0xf3, 0x0, 0x0, 0x0, 0x0,
    0xcf, 0xf7, 0x0, 0x0, 0x0, 0x0, 0x8f, 0xfb,
    0x0, 0x0, 0x0, 0x0, 0x4f, 0xfe, 0x10, 0x0,
    0x0, 0x0, 0x1e, 0xff, 0x30, 0x0, 0x0, 0x0,
    0xb, 0xff, 0x70, 0x0, 0x0, 0x0, 0x7, 0xff,
    0xb0, 0x0, 0x0, 0x0, 0x1, 0xff, 0xfa, 0x99,
    0x99, 0x99, 0x92, 0x2f, 0xff, 0xff, 0xff, 0xff,
    0xff, 0x52, 0xff, 0xff, 0xff, 0xff, 0xff, 0xf5,

    /* U+005B "[" */
    0x3f, 0xff, 0xf0, 0x3f, 0xff, 0xf0, 0x3f, 0xf5,
    0x0, 0x3f, 0xf5, 0x0, 0x3f, 0xf5, 0x0, 0x3f,
    0xf5, 0x0, 0x3f, 0xf5, 0x0, 0x3f, 0xf5, 0x0,
    0x3f, 0xf5, 0x0, 0x3f, 0xf5, 0x0, 0x3f, 0xf5,
    0x0, 0x3f, 0xf5, 0x0, 0x3f, 0xf5, 0x0, 0x3f,
    0xf5, 0x0, 0x3f, 0xf5, 0x0, 0x3f, 0xf5, 0x0,
    0x3f, 0xf5, 0x0, 0x3f, 0xf5, 0x0, 0x3f, 0xff,
    0xf0, 0x3f, 0xff, 0xf0, 0x0, 0x0, 0x0,

    /* U+005C "\\" */
    0xf, 0xf4, 0x0, 0x0, 0x0, 0xb, 0xf9, 0x0,
    0x0, 0x0, 0x6, 0xfe, 0x0, 0x0, 0x0, 0x1,
    0xff, 0x30, 0x0, 0x0, 0x0, 0xcf, 0x80, 0x0,
    0x0, 0x0, 0x7f, 0xd0, 0x0, 0x0, 0x0, 0x2f,
    0xf2, 0x0, 0x0, 0x0, 0xd, 0xf7, 0x0, 0x0,
    0x0, 0x8, 0xfc, 0x0, 0x0, 0x0, 0x3, 0xff,
    0x10, 0x0, 0x0, 0x0, 0xef, 0x70, 0x0, 0x0,
    0x0, 0x9f, 0xc0, 0x0, 0x0, 0x0, 0x4f, 0xf1,
    0x0, 0x0, 0x0, 0xf, 0xf6, 0x0, 0x0, 0x0,
    0xa, 0xfb, 0x0, 0x0, 0x0, 0x5, 0xff, 0x0,
    0x0, 0x0, 0x0, 0xff, 0x50, 0x0, 0x0, 0x0,
    0xbf, 0xa0, 0x0, 0x0, 0x0, 0x6f, 0xe0, 0x0,
    0x0, 0x0, 0x1f, 0xf4,

    /* U+005D "]" */
    0xdf, 0xff, 0x6d, 0xff, 0xf6, 0x1, 0xff, 0x60,
    0x1f, 0xf6, 0x1, 0xff, 0x60, 0x1f, 0xf6, 0x1,
    0xff, 0x60, 0x1f, 0xf6, 0x1, 0xff, 0x60, 0x1f,
    0xf6, 0x1, 0xff, 0x60, 0x1f, 0xf6, 0x1, 0xff,
    0x60, 0x1f, 0xf6, 0x1, 0xff, 0x60, 0x1f, 0xf6,
    0x1, 0xff, 0x60, 0x1f, 0xf6, 0xdf, 0xff, 0x6d,
    0xff, 0xf6, 0x0, 0x0, 0x0,

    /* U+005E "^" */
    0x0, 0x0, 0xd, 0xff, 0x10, 0x0, 0x0, 0x0,
    0x6, 0xff, 0xfa, 0x0, 0x0, 0x0, 0x0, 0xef,
    0xff, 0xf2, 0x0, 0x0, 0x0, 0x7f, 0xf5, 0xff,
    0xb0, 0x0, 0x0, 0x1e, 0xfa, 0x8, 0xff, 0x30,
    0x0, 0x8, 0xff, 0x20, 0x1f, 0xfc, 0x0, 0x1,
    0xff, 0x90, 0x0, 0x7f, 0xf4, 0x0, 0x9f, 0xf1,
    0x0, 0x0, 0xef, 0xd0, 0x7, 0xf8, 0x0, 0x0,
    0x6, 0xf9, 0x0, 0x1, 0x0, 0x0, 0x0, 0x1,
    0x0,

    /* U+005F "_" */
    0x26, 0x66, 0x66, 0x66, 0x66, 0x64, 0x5f, 0xff,
    0xff, 0xff, 0xff, 0xfa, 0x5f, 0xff, 0xff, 0xff,
    0xff, 0xfa,

    /* U+0060 "`" */
    0x0, 0x0, 0x0, 0x5d, 0x30, 0x2f, 0xfb, 0x0,
    0x7f, 0xf3, 0x0, 0xbf, 0xb0, 0x1, 0xc5,

    /* U+0061 "a" */
    0x0, 0x2a, 0xef, 0xfc, 0x60, 0x0, 0x3, 0xff,
    0xff, 0xff, 0xf9, 0x0, 0x6, 0xfe, 0x64, 0x6e,
    0xff, 0x20, 0x0, 0x42, 0x0, 0x6, 0xff, 0x60,
    0x0, 0x0, 0x0, 0x4, 0xff, 0x70, 0x0, 0x4b,
    0xef, 0xff, 0xff, 0x70, 0x7, 0xff, 0xeb, 0xbc,
    0xff, 0x70, 0xf, 0xfd, 0x0, 0x4, 0xff, 0x70,
    0x2f, 0xfa, 0x0, 0x5, 0xff, 0x70, 0x1f, 0xfe,
    0x31, 0x4d, 0xff, 0x92, 0xa, 0xff, 0xff, 0xf8,
    0xdf, 0xf9, 0x0, 0x8e, 0xfe, 0x80, 0x4e, 0xf9,

    /* U+0062 "b" */
    0x6f, 0xf6, 0x0, 0x0, 0x0, 0x0, 0x6f, 0xf6,
    0x0, 0x0, 0x0, 0x0, 0x6f, 0xf6, 0x0, 0x0,
    0x0, 0x0, 0x6f, 0xf6, 0x0, 0x0, 0x0, 0x0,
    0x6f, 0xf6, 0x0, 0x0, 0x0, 0x0, 0x6f, 0xf6,
    0x4c, 0xfe, 0x91, 0x0, 0x6f, 0xf9, 0xff, 0xff,
    0xfd, 0x10, 0x6f, 0xff, 0xa6, 0x7e, 0xff, 0x80,
    0x6f, 0xf9, 0x0, 0x2, 0xff, 0xd0, 0x6f, 0xf6,
    0x0, 0x0, 0xcf, 0xf1, 0x6f, 0xf6, 0x0, 0x0,
    0xbf, 0xf2, 0x6f, 0xf6, 0x0, 0x0, 0xbf, 0xf2,
    0x6f, 0xf6, 0x0, 0x0, 0xcf, 0xf1, 0x6f, 0xf9,
    0x0, 0x2, 0xff, 0xd0, 0x6f, 0xff, 0x95, 0x7e,
    0xff, 0x80, 0x6f, 0xf9, 0xff, 0xff, 0xfd, 0x10,
    0x6f, 0xf6, 0x4c, 0xfe, 0x91, 0x0,

    /* U+0063 "c" */
    0x0, 0x6, 0xcf, 0xfd, 0x70, 0x0, 0x9, 0xff,
    0xff, 0xff, 0xb0, 0x5, 0xff, 0xd6, 0x5b, 0xff,
    0x60, 0xcf, 0xf1, 0x0, 0xb, 0x71, 0xf, 0xfc,
    0x0, 0x0, 0x0, 0x1, 0xff, 0xc0, 0x0, 0x0,
    0x0, 0x1f, 0xfc, 0x0, 0x0, 0x0, 0x0, 0xff,
    0xc0, 0x0, 0x0, 0x0, 0xc, 0xff, 0x10, 0x0,
    0xaa, 0x20, 0x5f, 0xfd, 0x55, 0xaf, 0xf7, 0x0,
    0x9f, 0xff, 0xff, 0xfc, 0x0, 0x0, 0x6c, 0xff,
    0xd7, 0x0,

    /* U+0064 "d" */
    0x0, 0x0, 0x0, 0x0, 0x3f, 0xf8, 0x0, 0x0,
    0x0, 0x0, 0x3f, 0xf8, 0x0, 0x0, 0x0, 0x0,
    0x3f, 0xf8, 0x0, 0x0, 0x0, 0x0, 0x3f, 0xf8,
    0x0, 0x0, 0x0, 0x0, 0x3f, 0xf8, 0x0, 0x8,
    0xef, 0xd5, 0x3f, 0xf8, 0x0, 0xbf, 0xff, 0xff,
    0x8f, 0xf8, 0x5, 0xff, 0xf8, 0x59, 0xff, 0xf8,
    0xb, 0xff, 0x40, 0x0, 0x6f, 0xf8, 0xe, 0xff,
    0x0, 0x0, 0x3f, 0xf8, 0xf, 0xfe, 0x0, 0x0,
    0x3f, 0xf8, 0xf, 0xfe, 0x0, 0x0, 0x3f, 0xf8,
    0xe, 0xff, 0x0, 0x0, 0x3f, 0xf8, 0xb, 0xff,
    0x40, 0x0, 0x6f, 0xf8, 0x5, 0xff, 0xf8, 0x58,
    0xef, 0xf8, 0x0, 0xbf, 0xff, 0xff, 0x8f, 0xf8,
    0x0, 0x8, 0xef, 0xd5, 0x3f, 0xf8,

    /* U+0065 "e" */
    0x0, 0x5, 0xcf, 0xfd, 0x80, 0x0, 0x0, 0x8f,
    0xff, 0xff, 0xfd, 0x0, 0x4, 0xff, 0xc4, 0x28,
    0xff, 0x90, 0xb, 0xff, 0x10, 0x0, 0xbf, 0xf0,
    0xf, 0xfc, 0x0, 0x0, 0x8f, 0xf4, 0x1f, 0xff,
    0xff, 0xff, 0xff, 0xf6, 0x1f, 0xff, 0xdd, 0xdd,
    0xdd, 0xd5, 0xf, 0xfc, 0x0, 0x0, 0x0, 0x0,
    0xb, 0xff, 0x20, 0x0, 0x7, 0x0, 0x4, 0xff,
    0xe6, 0x46, 0xdf, 0xa0, 0x0, 0x8f, 0xff, 0xff,
    0xff, 0x60, 0x0, 0x5, 0xbf, 0xfe, 0xa2, 0x0,

    /* U+0066 "f" */
    0x0, 0x8, 0xef, 0xf5, 0x0, 0x6f, 0xff, 0xf5,
    0x0, 0xbf, 0xf4, 0x41, 0x0, 0xcf, 0xf0, 0x0,
    0x0, 0xcf, 0xf0, 0x0, 0x7f, 0xff, 0xff, 0xf5,
    0x7f, 0xff, 0xff, 0xf5, 0x14, 0xdf, 0xf4, 0x41,
    0x0, 0xcf, 0xf0, 0x0, 0x0, 0xcf, 0xf0, 0x0,
    0x0, 0xcf, 0xf0, 0x0, 0x0, 0xcf, 0xf0, 0x0,
    0x0, 0xcf, 0xf0, 0x0, 0x0, 0xcf, 0xf0, 0x0,
    0x0, 0xcf, 0xf0, 0x0, 0x0, 0xcf, 0xf0, 0x0,
    0x0, 0xcf, 0xf0, 0x0,

    /* U+0067 "g" */
    0x0, 0x0, 0x0, 0x0, 0x2, 0x21, 0x0, 0x0,
    0x0, 0x0, 0xbf, 0xf5, 0x0, 0x0, 0x0, 0x0,
    0xff, 0xf5, 0x0, 0x29, 0xef, 0xff, 0xf3, 0x0,
    0x2, 0xef, 0xff, 0xff, 0xff, 0x20, 0x9, 0xff,
    0x40, 0x6, 0xff, 0x90, 0xb, 0xfe, 0x0, 0x0,
    0xff, 0xa0, 0x9, 0xff, 0x40, 0x5, 0xff, 0x70,
    0x2, 0xef, 0xff, 0xff, 0xfd, 0x10, 0x0, 0x3f,
    0xef, 0xfd, 0x81, 0x0, 0x3, 0xf9, 0x0, 0x0,
    0x0, 0x0, 0xb, 0xf7, 0x0, 0x0, 0x0, 0x0,
    0xb, 0xfe, 0x87, 0x77, 0x64, 0x0, 0x5, 0xff,
    0xff, 0xff, 0xff, 0xe3, 0x1, 0xaf, 0xff, 0xff,
    0xff, 0xfc, 0x1e, 0xf1, 0x0, 0x0, 0x1c, 0xff,
    0x5f, 0xf4, 0x0, 0x0, 0x2d, 0xfc, 0x1f, 0xff,
    0xff, 0xff, 0xff, 0xf4, 0x2, 0x9d, 0xff, 0xff,
    0xd9, 0x20,

    /* U+0068 "h" */
    0x6f, 0xf6, 0x0, 0x0, 0x0, 0x6, 0xff, 0x60,
    0x0, 0x0, 0x0, 0x6f, 0xf6, 0x0, 0x0, 0x0,
    0x6, 0xff, 0x60, 0x0, 0x0, 0x0, 0x6f, 0xf6,
    0x0, 0x0, 0x0, 0x6, 0xff, 0x63, 0xcf, 0xe9,
    0x0, 0x6f, 0xf8, 0xff, 0xff, 0xf9, 0x6, 0xff,
    0xf9, 0x68, 0xff, 0xf1, 0x6f, 0xf9, 0x0, 0x9,
    0xff, 0x46, 0xff, 0x60, 0x0, 0x6f, 0xf6, 0x6f,
    0xf6, 0x0, 0x5, 0xff, 0x66, 0xff, 0x60, 0x0,
    0x5f, 0xf6, 0x6f, 0xf6, 0x0, 0x5, 0xff, 0x66,
    0xff, 0x60, 0x0, 0x5f, 0xf6, 0x6f, 0xf6, 0x0,
    0x5, 0xff, 0x66, 0xff, 0x60, 0x0, 0x5f, 0xf6,
    0x6f, 0xf6, 0x0, 0x5, 0xff, 0x60,

    /* U+0069 "i" */
    0x4e, 0xe4, 0x9f, 0xfa, 0x6f, 0xf7, 0x3, 0x30,
    0x0, 0x0, 0x6f, 0xf6, 0x6f, 0xf6, 0x6f, 0xf6,
    0x6f, 0xf6, 0x6f, 0xf6, 0x6f, 0xf6, 0x6f, 0xf6,
    0x6f, 0xf6, 0x6f, 0xf6, 0x6f, 0xf6, 0x6f, 0xf6,
    0x6f, 0xf6,

    /* U+006A "j" */
    0x0, 0x4e, 0xe4, 0x0, 0x9f, 0xfa, 0x0, 0x6f,
    0xf7, 0x0, 0x3, 0x30, 0x0, 0x0, 0x0, 0x0,
    0x6f, 0xf6, 0x0, 0x6f, 0xf6, 0x0, 0x6f, 0xf6,
    0x0, 0x6f, 0xf6, 0x0, 0x6f, 0xf6, 0x0, 0x6f,
    0xf6, 0x0, 0x6f, 0xf6, 0x0, 0x6f, 0xf6, 0x0,
    0x6f, 0xf6, 0x0, 0x6f, 0xf6, 0x0, 0x6f, 0xf6,
    0x0, 0x6f, 0xf6, 0x0, 0x6f, 0xf6, 0x4, 0x8f,
    0xf5, 0x2f, 0xff, 0xf2, 0x2f, 0xfd, 0x50,

    /* U+006B "k" */
    0x6f, 0xf6, 0x0, 0x0, 0x0, 0x0, 0x6f, 0xf6,
    0x0, 0x0, 0x0, 0x0, 0x6f, 0xf6, 0x0, 0x0,
    0x0, 0x0, 0x6f, 0xf6, 0x0, 0x0, 0x0, 0x0,
    0x6f, 0xf6, 0x0, 0x0, 0x0, 0x0, 0x6f, 0xf6,
    0x0, 0xc, 0xff, 0x50, 0x6f, 0xf6, 0x0, 0x9f,
    0xf7, 0x0, 0x6f, 0xf6, 0x6, 0xff, 0xa0, 0x0,
    0x6f, 0xf6, 0x3f, 0xfc, 0x0, 0x0, 0x6f, 0xf7,
    0xdf, 0xf1, 0x0, 0x0, 0x6f, 0xff, 0xff, 0xf5,
    0x0, 0x0, 0x6f, 0xff, 0xef, 0xfe, 0x0, 0x0,
    0x6f, 0xff, 0x29, 0xff, 0x80, 0x0, 0x6f, 0xf7,
    0x1, 0xff, 0xf2, 0x0, 0x6f, 0xf6, 0x0, 0x7f,
    0xfb, 0x0, 0x6f, 0xf6, 0x0, 0xe, 0xff, 0x40,
    0x6f, 0xf6, 0x0, 0x5, 0xff, 0xd0,

    /* U+006C "l" */
    0x6f, 0xf6, 0x6, 0xff, 0x60, 0x6f, 0xf6, 0x6,
    0xff, 0x60, 0x6f, 0xf6, 0x6, 0xff, 0x60, 0x6f,
    0xf6, 0x6, 0xff, 0x60, 0x6f, 0xf6, 0x6, 0xff,
    0x60, 0x6f, 0xf6, 0x6, 0xff, 0x60, 0x6f, 0xf6,
    0x6, 0xff, 0x60, 0x5f, 0xf8, 0x32, 0xff, 0xfe,
    0x6, 0xef, 0xe0,

    /* U+006D "m" */
    0x6f, 0xf6, 0x4d, 0xfe, 0x70, 0x7, 0xef, 0xd5,
    0x6, 0xff, 0x8f, 0xff, 0xff, 0x78, 0xff, 0xff,
    0xf4, 0x6f, 0xff, 0x95, 0x9f, 0xfe, 0xe8, 0x5b,
    0xff, 0xb6, 0xff, 0x90, 0x0, 0xcf, 0xf5, 0x0,
    0xe, 0xfe, 0x6f, 0xf6, 0x0, 0x9, 0xff, 0x30,
    0x0, 0xcf, 0xf6, 0xff, 0x60, 0x0, 0x8f, 0xf3,
    0x0, 0xc, 0xff, 0x6f, 0xf6, 0x0, 0x8, 0xff,
    0x30, 0x0, 0xcf, 0xf6, 0xff, 0x60, 0x0, 0x8f,
    0xf3, 0x0, 0xc, 0xff, 0x6f, 0xf6, 0x0, 0x8,
    0xff, 0x30, 0x0, 0xcf, 0xf6, 0xff, 0x60, 0x0,
    0x8f, 0xf3, 0x0, 0xc, 0xff, 0x6f, 0xf6, 0x0,
    0x8, 0xff, 0x30, 0x0, 0xcf, 0xf6, 0xff, 0x60,
    0x0, 0x8f, 0xf3, 0x0, 0xc, 0xff,

    /* U+006E "n" */
    0x6f, 0xf6, 0x4c, 0xfe, 0x90, 0x6, 0xff, 0x8f,
    0xff, 0xff, 0x90, 0x6f, 0xff, 0x96, 0x8f, 0xff,
    0x16, 0xff, 0x90, 0x0, 0x9f, 0xf4, 0x6f, 0xf6,
    0x0, 0x6, 0xff, 0x66, 0xff, 0x60, 0x0, 0x5f,
    0xf6, 0x6f, 0xf6, 0x0, 0x5, 0xff, 0x66, 0xff,
    0x60, 0x0, 0x5f, 0xf6, 0x6f, 0xf6, 0x0, 0x5,
    0xff, 0x66, 0xff, 0x60, 0x0, 0x5f, 0xf6, 0x6f,
    0xf6, 0x0, 0x5, 0xff, 0x66, 0xff, 0x60, 0x0,
    0x5f, 0xf6,

    /* U+006F "o" */
    0x0, 0x5, 0xcf, 0xfd, 0x80, 0x0, 0x0, 0x8f,
    0xff, 0xff, 0xfd, 0x10, 0x4, 0xff, 0xd6, 0x5a,
    0xff, 0xa0, 0xb, 0xff, 0x10, 0x0, 0xbf, 0xf1,
    0xf, 0xfc, 0x0, 0x0, 0x6f, 0xf5, 0x1f, 0xfc,
    0x0, 0x0, 0x6f, 0xf7, 0x1f, 0xfc, 0x0, 0x0,
    0x6f, 0xf7, 0xf, 0xfc, 0x0, 0x0, 0x6f, 0xf5,
    0xb, 0xff, 0x10, 0x0, 0xbf, 0xf1, 0x4, 0xff,
    0xd6, 0x5a, 0xff, 0xa0, 0x0, 0x8f, 0xff, 0xff,
    0xfd, 0x10, 0x0, 0x5, 0xcf, 0xfd, 0x80, 0x0,

    /* U+0070 "p" */
    0x6f, 0xf6, 0x4c, 0xfe, 0x91, 0x0, 0x6f, 0xf9,
    0xff, 0xff, 0xfd, 0x10, 0x6f, 0xff, 0xa6, 0x7e,
    0xff, 0x80, 0x6f, 0xf9, 0x0, 0x2, 0xff, 0xd0,
    0x6f, 0xf6, 0x0, 0x0, 0xcf, 0xf1, 0x6f, 0xf6,
    0x0, 0x0, 0xbf, 0xf2, 0x6f, 0xf6, 0x0, 0x0,
    0xbf, 0xf2, 0x6f, 0xf6, 0x0, 0x0, 0xcf, 0xf1,
    0x6f, 0xf9, 0x0, 0x2, 0xff, 0xd0, 0x6f, 0xff,
    0x95, 0x7e, 0xff, 0x80, 0x6f, 0xf9, 0xff, 0xff,
    0xfd, 0x10, 0x6f, 0xf6, 0x4c, 0xfe, 0x91, 0x0,
    0x6f, 0xf6, 0x0, 0x0, 0x0, 0x0, 0x6f, 0xf6,
    0x0, 0x0, 0x0, 0x0, 0x6f, 0xf6, 0x0, 0x0,
    0x0, 0x0, 0x6f, 0xf6, 0x0, 0x0, 0x0, 0x0,

    /* U+0071 "q" */
    0x0, 0x8, 0xef, 0xd6, 0x3f, 0xf8, 0x0, 0xbf,
    0xff, 0xff, 0x8f, 0xf8, 0x5, 0xff, 0xf8, 0x59,
    0xff, 0xf8, 0xb, 0xff, 0x40, 0x0, 0x6f, 0xf8,
    0xe, 0xff, 0x0, 0x0, 0x3f, 0xf8, 0xf, 0xfe,
    0x0, 0x0, 0x3f, 0xf8, 0xf, 0xfe, 0x0, 0x0,
    0x3f, 0xf8, 0xe, 0xff, 0x0, 0x0, 0x3f, 0xf8,
    0xb, 0xff, 0x40, 0x0, 0x6f, 0xf8, 0x5, 0xff,
    0xf8, 0x58, 0xef, 0xf8, 0x0, 0xbf, 0xff, 0xff,
    0x8f, 0xf8, 0x0, 0x8, 0xef, 0xd5, 0x3f, 0xf8,
    0x0, 0x0, 0x0, 0x0, 0x3f, 0xf8, 0x0, 0x0,
    0x0, 0x0, 0x3f, 0xf8, 0x0, 0x0, 0x0, 0x0,
    0x3f, 0xf8, 0x0, 0x0, 0x0, 0x0, 0x3f, 0xf8,

    /* U+0072 "r" */
    0x6f, 0xf6, 0x4d, 0xf2, 0x6f, 0xf8, 0xff, 0xf2,
    0x6f, 0xfe, 0xeb, 0xb1, 0x6f, 0xfc, 0x0, 0x0,
    0x6f, 0xf6, 0x0, 0x0, 0x6f, 0xf6, 0x0, 0x0,
    0x6f, 0xf6, 0x0, 0x0, 0x6f, 0xf6, 0x0, 0x0,
    0x6f, 0xf6, 0x0, 0x0, 0x6f, 0xf6, 0x0, 0x0,
    0x6f, 0xf6, 0x0, 0x0, 0x6f, 0xf6, 0x0, 0x0,

    /* U+0073 "s" */
    0x0, 0x3b, 0xef, 0xeb, 0x40, 0x0, 0x4f, 0xff,
    0xff, 0xff, 0x70, 0xc, 0xff, 0x63, 0x6d, 0xf3,
    0x0, 0xef, 0xb0, 0x0, 0x2, 0x0, 0xd, 0xff,
    0x73, 0x10, 0x0, 0x0, 0x5f, 0xff, 0xff, 0xd6,
    0x0, 0x0, 0x4b, 0xff, 0xff, 0xf8, 0x0, 0x0,
    0x0, 0x25, 0xef, 0xf0, 0x1, 0x70, 0x0, 0x9,
    0xff, 0x1, 0xdf, 0xc5, 0x35, 0xef, 0xd0, 0xa,
    0xff, 0xff, 0xff, 0xf4, 0x0, 0x5, 0xcf, 0xfe,
    0xa3, 0x0,

    /* U+0074 "t" */
    0x0, 0x7f, 0xf0, 0x0, 0x0, 0x7f, 0xf0, 0x0,
    0x0, 0xaf, 0xf0, 0x0, 0x7f, 0xff, 0xff, 0xf6,
    0x7f, 0xff, 0xff, 0xf6, 0x14, 0xcf, 0xf4, 0x41,
    0x0, 0xbf, 0xf0, 0x0, 0x0, 0xbf, 0xf0, 0x0,
    0x0, 0xbf, 0xf0, 0x0, 0x0, 0xbf, 0xf0, 0x0,
    0x0, 0xbf, 0xf0, 0x0, 0x0, 0xbf, 0xf0, 0x0,
    0x0, 0xbf, 0xf4, 0x40, 0x0, 0x6f, 0xff, 0xf3,
    0x0, 0x9, 0xef, 0xf3,

    /* U+0075 "u" */
    0x8f, 0xf4, 0x0, 0x8, 0xff, 0x48, 0xff, 0x40,
    0x0, 0x8f, 0xf4, 0x8f, 0xf4, 0x0, 0x8, 0xff,
    0x48, 0xff, 0x40, 0x0, 0x8f, 0xf4, 0x8f, 0xf4,
    0x0, 0x8, 0xff, 0x48, 0xff, 0x40, 0x0, 0x8f,
    0xf4, 0x8f, 0xf4, 0x0, 0x8, 0xff, 0x47, 0xff,
    0x40, 0x0, 0x8f, 0xf4, 0x6f, 0xf7, 0x0, 0xb,
    0xff, 0x43, 0xff, 0xf7, 0x5a, 0xff, 0xf4, 0xb,
    0xff, 0xff, 0xf9, 0xff, 0x40, 0x1a, 0xff, 0xc3,
    0x8f, 0xf4,

    /* U+0076 "v" */
    0x9f, 0xf2, 0x0, 0x0, 0x8f, 0xf1, 0x4f, 0xf7,
    0x0, 0x0, 0xdf, 0xc0, 0xe, 0xfc, 0x0, 0x2,
    0xff, 0x60, 0x9, 0xff, 0x10, 0x7, 0xff, 0x10,
    0x4, 0xff, 0x50, 0xc, 0xfc, 0x0, 0x0, 0xff,
    0xa0, 0x1f, 0xf7, 0x0, 0x0, 0xaf, 0xe0, 0x5f,
    0xf2, 0x0, 0x0, 0x5f, 0xf3, 0x9f, 0xd0, 0x0,
    0x0, 0xf, 0xf7, 0xdf, 0x80, 0x0, 0x0, 0xb,
    0xfd, 0xff, 0x20, 0x0, 0x0, 0x5, 0xff, 0xfd,
    0x0, 0x0, 0x0, 0x1, 0xff, 0xf8, 0x0, 0x0,

    /* U+0077 "w" */
    0x5f, 0xf4, 0x0, 0x5, 0xff, 0x60, 0x0, 0x3f,
    0xf5, 0x1f, 0xf8, 0x0, 0xa, 0xff, 0xb0, 0x0,
    0x7f, 0xf1, 0xd, 0xfc, 0x0, 0xe, 0xff, 0xf0,
    0x0, 0xaf, 0xd0, 0x9, 0xff, 0x0, 0x3f, 0xef,
    0xf4, 0x0, 0xef, 0x80, 0x5, 0xff, 0x30, 0x7f,
    0xab, 0xf8, 0x2, 0xff, 0x40, 0x0, 0xff, 0x70,
    0xbf, 0x67, 0xfc, 0x5, 0xff, 0x0, 0x0, 0xcf,
    0xa0, 0xff, 0x23, 0xff, 0x19, 0xfc, 0x0, 0x0,
    0x8f, 0xe4, 0xfd, 0x0, 0xef, 0x5c, 0xf8, 0x0,
    0x0, 0x4f, 0xf9, 0xf9, 0x0, 0xaf, 0xaf, 0xf3,
    0x0, 0x0, 0xf, 0xff, 0xf4, 0x0, 0x5f, 0xff,
    0xf0, 0x0, 0x0, 0xb, 0xff, 0xf0, 0x0, 0x1f,
    0xff, 0xb0, 0x0, 0x0, 0x7, 0xff, 0xc0, 0x0,
    0xd, 0xff, 0x70, 0x0,

    /* U+0078 "x" */
    0x3f, 0xfe, 0x0, 0x0, 0xcf, 0xf2, 0x8, 0xff,
    0x80, 0x5, 0xff, 0x70, 0x0, 0xdf, 0xf2, 0xe,
    0xfd, 0x0, 0x0, 0x3f, 0xfb, 0x9f, 0xf3, 0x0,
    0x0, 0x9, 0xff, 0xff, 0x80, 0x0, 0x0, 0x0,
    0xdf, 0xfd, 0x0, 0x0, 0x0, 0x1, 0xef, 0xfe,
    0x0, 0x0, 0x0, 0xa, 0xff, 0xff, 0x90, 0x0,
    0x0, 0x5f, 0xf6, 0xbf, 0xf3, 0x0, 0x1, 0xef,
    0xc0, 0x2f, 0xfd, 0x0, 0x9, 0xff, 0x30, 0x8,
    0xff, 0x80, 0x4f, 0xfa, 0x0, 0x0, 0xef, 0xf3,

    /* U+0079 "y" */
    0x9f, 0xf1, 0x0, 0x0, 0x7f, 0xf1, 0x4f, 0xf7,
    0x0, 0x0, 0xdf, 0xc0, 0xe, 0xfc, 0x0, 0x2,
    0xff, 0x60, 0x9, 0xff, 0x10, 0x7, 0xff, 0x10,
    0x4, 0xff, 0x70, 0xd, 0xfb, 0x0, 0x0, 0xef,
    0xc0, 0x2f, 0xf6, 0x0, 0x0, 0x9f, 0xf1, 0x7f,
    0xf1, 0x0, 0x0, 0x3f, 0xf5, 0xbf, 0xb0, 0x0,
    0x0, 0xe, 0xf9, 0xff, 0x60, 0x0, 0x0, 0x8,
    0xff, 0xff, 0x10, 0x0, 0x0, 0x3, 0xff, 0xfb,
    0x0, 0x0, 0x0, 0x0, 0xdf, 0xf5, 0x0, 0x0,
    0x0, 0x0, 0xcf, 0xf0, 0x0, 0x0, 0x1, 0x45,
    0xff, 0xa0, 0x0, 0x0, 0x4, 0xff, 0xff, 0x30,
    0x0, 0x0, 0x4, 0xff, 0xd6, 0x0, 0x0, 0x0,

    /* U+007A "z" */
    0xf, 0xff, 0xff, 0xff, 0xff, 0x0, 0xff, 0xff,
    0xff, 0xff, 0xf0, 0x3, 0x44, 0x44, 0xaf, 0xfc,
    0x0, 0x0, 0x0, 0x3f, 0xfe, 0x10, 0x0, 0x0,
    0x1e, 0xff, 0x30, 0x0, 0x0, 0xc, 0xff, 0x60,
    0x0, 0x0, 0x9, 0xff, 0x90, 0x0, 0x0, 0x6,
    0xff, 0xc0, 0x0, 0x0, 0x3, 0xff, 0xe1, 0x0,
    0x0, 0x1, 0xef, 0xf7, 0x44, 0x44, 0x40, 0x3f,
    0xff, 0xff, 0xff, 0xff, 0x33, 0xff, 0xff, 0xff,
    0xff, 0xf3,

    /* U+007B "{" */
    0x0, 0xa, 0xff, 0xc0, 0x5, 0xff, 0xfc, 0x0,
    0x6f, 0xf1, 0x0, 0x6, 0xff, 0x10, 0x0, 0x6f,
    0xf1, 0x0, 0x6, 0xff, 0x10, 0x0, 0x6f, 0xf1,
    0x0, 0x8, 0xff, 0x0, 0x4, 0xef, 0xc0, 0x9,
    0xff, 0xd2, 0x0, 0x9f, 0xf8, 0x0, 0x2, 0x8f,
    0xf9, 0x0, 0x0, 0x9f, 0xf0, 0x0, 0x6, 0xff,
    0x10, 0x0, 0x6f, 0xf1, 0x0, 0x6, 0xff, 0x10,
    0x0, 0x6f, 0xf1, 0x0, 0x6, 0xff, 0x10, 0x0,
    0x5f, 0xff, 0xc0, 0x0, 0xbf, 0xfc, 0x0, 0x0,
    0x0, 0x0,

    /* U+007C "|" */
    0x1f, 0xf4, 0x1f, 0xf4, 0x1f, 0xf4, 0x1f, 0xf4,
    0x1f, 0xf4, 0x1f, 0xf4, 0x1f, 0xf4, 0x1f, 0xf4,
    0x1f, 0xf4, 0x1f, 0xf4, 0x1f, 0xf4, 0x1f, 0xf4,
    0x1f, 0xf4, 0x1f, 0xf4, 0x1f, 0xf4, 0x1f, 0xf4,
    0x1f, 0xf4, 0x1f, 0xf4, 0x1f, 0xf4, 0x1f, 0xf4,
    0x2, 0x20,

    /* U+007D "}" */
    0xdf, 0xfa, 0x0, 0xd, 0xff, 0xf4, 0x0, 0x2,
    0xff, 0x60, 0x0, 0x2f, 0xf6, 0x0, 0x2, 0xff,
    0x60, 0x0, 0x2f, 0xf6, 0x0, 0x2, 0xff, 0x60,
    0x0, 0x1f, 0xf7, 0x0, 0x0, 0xcf, 0xe3, 0x0,
    0x2, 0xcf, 0xf8, 0x0, 0x8, 0xff, 0x80, 0xa,
    0xff, 0x72, 0x1, 0xff, 0x80, 0x0, 0x2f, 0xf6,
    0x0, 0x2, 0xff, 0x60, 0x0, 0x2f, 0xf6, 0x0,
    0x2, 0xff, 0x60, 0x0, 0x2f, 0xf6, 0x0, 0xdf,
    0xff, 0x50, 0xd, 0xff, 0xb0, 0x0, 0x0, 0x0,
    0x0, 0x0,

    /* U+007E "~" */
    0x1a, 0xff, 0xb4, 0x0, 0x0, 0x9, 0xff, 0xff,
    0xfc, 0x65, 0xa5, 0x2b, 0x55, 0xaf, 0xff, 0xff,
    0xc0, 0x0, 0x0, 0x2a, 0xef, 0xb2,

    /* U+00B0 "°" */
    0x1, 0xaf, 0xfc, 0x40, 0x1, 0xdf, 0xff, 0xff,
    0x40, 0x8f, 0xc1, 0x7, 0xfd, 0xc, 0xf4, 0x0,
    0xf, 0xf1, 0xcf, 0x40, 0x0, 0xff, 0x18, 0xfc,
    0x0, 0x7f, 0xd0, 0x1d, 0xff, 0xef, 0xf4, 0x0,
    0x1a, 0xff, 0xc4, 0x0,

    /* U+00B7 "·" */
    0x3a, 0x80, 0xdf, 0xf7, 0xef, 0xf8, 0x7f, 0xe2,

    /* U+0E01 "ก" */
    0x0, 0x3a, 0xef, 0xfc, 0x70, 0x0, 0x6, 0xff,
    0xff, 0xff, 0xfc, 0x0, 0x2f, 0xff, 0x85, 0x7e,
    0xff, 0x80, 0x7f, 0xf4, 0x0, 0x1, 0xff, 0xe0,
    0xaf, 0xff, 0xf9, 0x0, 0xbf, 0xf1, 0xaf, 0xff,
    0xf9, 0x0, 0xaf, 0xf2, 0x1, 0xbf, 0x50, 0x0,
    0xaf, 0xf2, 0xc, 0xfb, 0x0, 0x0, 0xaf, 0xf2,
    0x2f, 0xf9, 0x0, 0x0, 0xaf, 0xf2, 0x4f, 0xf8,
    0x0, 0x0, 0xaf, 0xf2, 0x4f, 0xf8, 0x0, 0x0,
    0xaf, 0xf2, 0x4f, 0xf8, 0x0, 0x0, 0xaf, 0xf2,
    0x4f, 0xf8, 0x0, 0x0, 0xaf, 0xf2,

    /* U+0E02 "ข" */
    0xcf, 0xfe, 0x60, 0xb, 0xff, 0x1c, 0xff, 0xff,
    0x10, 0xbf, 0xf1, 0x33, 0x9f, 0xf2, 0xb, 0xff,
    0x10, 0x9, 0xff, 0x10, 0xbf, 0xf1, 0x2, 0xff,
    0xb0, 0xb, 0xff, 0x10, 0xdf, 0xf2, 0x0, 0xbf,
    0xf1, 0x5f, 0xf8, 0x0, 0xb, 0xff, 0x18, 0xff,
    0x40, 0x0, 0xbf, 0xf1, 0x9f, 0xf3, 0x0, 0xb,
    0xff, 0x18, 0xff, 0x60, 0x0, 0xef, 0xf0, 0x3f,
    0xff, 0x86, 0xcf, 0xfa, 0x0, 0xaf, 0xff, 0xff,
    0xff, 0x20, 0x0, 0x6c, 0xff, 0xea, 0x20, 0x0,

    /* U+0E03 "ฃ" */
    0x3f, 0xf1, 0x8f, 0xf0, 0x5f, 0xf7, 0x3f, 0xf5,
    0xdf, 0xf0, 0x5f, 0xf7, 0x1f, 0xff, 0xaf, 0xf0,
    0x5f, 0xf7, 0x4, 0xa6, 0x9f, 0xd0, 0x5f, 0xf7,
    0x0, 0x5, 0xff, 0x60, 0x5f, 0xf7, 0x0, 0x4f,
    0xfa, 0x0, 0x5f, 0xf7, 0x0, 0xdf, 0xe1, 0x0,
    0x5f, 0xf7, 0x2, 0xff, 0xa0, 0x0, 0x5f, 0xf7,
    0x3, 0xff, 0x90, 0x0, 0x6f, 0xf7, 0x2, 0xff,
    0xc0, 0x0, 0x9f, 0xf5, 0x0, 0xdf, 0xfa, 0x69,
    0xff, 0xf1, 0x0, 0x4f, 0xff, 0xff, 0xff, 0x70,
    0x0, 0x3, 0xae, 0xff, 0xc5, 0x0,

    /* U+0E04 "ค" */
    0x0, 0x19, 0xdf, 0xfd, 0x81, 0x0, 0x3, 0xff,
    0xff, 0xff, 0xfe, 0x20, 0xd, 0xff, 0xc7, 0x7d,
    0xff, 0xb0, 0x3f, 0xfc, 0x0, 0x0, 0xdf, 0xf1,
    0x6f, 0xf7, 0x0, 0x0, 0x8f, 0xf4, 0x7f, 0xf6,
    0x16, 0x60, 0x7f, 0xf5, 0x7f, 0xf7, 0xef, 0xe0,
    0x7f, 0xf5, 0x7f, 0xfd, 0xff, 0xe0, 0x7f, 0xf5,
    0x7f, 0xfe, 0x30, 0x0, 0x7f, 0xf5, 0x7f, 0xf6,
    0x0, 0x0, 0x7f, 0xf5, 0x7f, 0xf6, 0x0, 0x0,
    0x7f, 0xf5, 0x7f, 0xf6, 0x0, 0x0, 0x7f, 0xf5,
    0x7f, 0xf6, 0x0, 0x0, 0x7f, 0xf5,

    /* U+0E05 "ฅ" */
    0x0, 0x7d, 0xf3, 0x3e, 0xe8, 0x0, 0x9, 0xff,
    0xff, 0xef, 0xff, 0xa0, 0x1f, 0xfe, 0x9f, 0xf9,
    0xdf, 0xf3, 0x5f, 0xf7, 0x6, 0x70, 0x6f, 0xf6,
    0x6f, 0xf6, 0x0, 0x0, 0x5f, 0xf7, 0x6f, 0xf6,
    0x6, 0x60, 0x5f, 0xf7, 0x6f, 0xf7, 0xdf, 0xf0,
    0x5f, 0xf7, 0x6f, 0xfd, 0xff, 0xf0, 0x5f, 0xf7,
    0x6f, 0xfe, 0x30, 0x0, 0x5f, 0xf7, 0x6f, 0xf7,
    0x0, 0x0, 0x5f, 0xf7, 0x6f, 0xf6, 0x0, 0x0,
    0x5f, 0xf7, 0x6f, 0xf6, 0x0, 0x0, 0x5f, 0xf7,
    0x6f, 0xf6, 0x0, 0x0, 0x5f, 0xf7,

    /* U+0E06 "ฆ" */
    0x2f, 0xf2, 0x5f, 0xf3, 0x6, 0xff, 0x61, 0xff,
    0x5c, 0xff, 0x30, 0x6f, 0xf6, 0xf, 0xff, 0xaf,
    0xf2, 0x6, 0xff, 0x60, 0x3a, 0x76, 0xff, 0x10,
    0x6f, 0xf6, 0x0, 0x2, 0xff, 0xc0, 0x6, 0xff,
    0x60, 0x1, 0xef, 0xf2, 0x0, 0x6f, 0xf6, 0x0,
    0x8f, 0xf5, 0x0, 0x6, 0xff, 0x60, 0xd, 0xff,
    0x0, 0x0, 0x6f, 0xf6, 0x0, 0xef, 0xe0, 0x0,
    0x7, 0xff, 0x60, 0xe, 0xff, 0x40, 0x0, 0xcf,
    0xf5, 0x0, 0xef, 0xff, 0xa7, 0xbf, 0xff, 0x10,
    0xe, 0xfe, 0x9f, 0xff, 0xff, 0x90, 0x0, 0xef,
    0xe0, 0x8e, 0xfe, 0x80, 0x0,

    /* U+0E07 "ง" */
    0x4f, 0xf7, 0x0, 0xcf, 0xfc, 0x20, 0xf, 0xfb,
    0x0, 0xcf, 0xff, 0xc0, 0xb, 0xff, 0x0, 0x45,
    0xcf, 0xf0, 0x7, 0xff, 0x30, 0x0, 0xbf, 0xf1,
    0x2, 0xff, 0x70, 0x0, 0xbf, 0xf1, 0x0, 0xef,
    0xb0, 0x0, 0xbf, 0xf1, 0x0, 0xaf, 0xf0, 0x0,
    0xbf, 0xf1, 0x0, 0x5f, 0xf3, 0x0, 0xbf, 0xf1,
    0x0, 0x1f, 0xf7, 0x0, 0xcf, 0xf0, 0x0, 0xc,
    0xfb, 0x0, 0xff, 0xc0, 0x0, 0x8, 0xff, 0x4b,
    0xff, 0x70, 0x0, 0x4, 0xff, 0xff, 0xfd, 0x0,
    0x0, 0x0, 0xff, 0xfe, 0x91, 0x0,

    /* U+0E08 "จ" */
    0x0, 0x3a, 0xef, 0xfc, 0x60, 0x0, 0x6, 0xff,
    0xff, 0xff, 0xfb, 0x0, 0xd, 0xff, 0x96, 0x8e,
    0xff, 0x60, 0x1, 0xc3, 0x0, 0x1, 0xff, 0xd0,
    0x0, 0x0, 0x0, 0x0, 0xaf, 0xf1, 0x3, 0x65,
    0x20, 0x0, 0x9f, 0xf2, 0x8, 0xff, 0xe1, 0x0,
    0x9f, 0xf3, 0x8, 0xff, 0xf6, 0x0, 0x9f, 0xf2,
    0x0, 0xc, 0xfa, 0x0, 0xaf, 0xf1, 0x0, 0x9,
    0xfe, 0x0, 0xef, 0xd0, 0x0, 0x5, 0xff, 0x6b,
    0xff, 0x80, 0x0, 0x1, 0xff, 0xff, 0xfd, 0x0,
    0x0, 0x0, 0xdf, 0xfd, 0x80, 0x0,

    /* U+0E09 "ฉ" */
    0x0, 0x18, 0xdf, 0xfe, 0xb4, 0x0, 0x0, 0x3e,
    0xff, 0xff, 0xff, 0xf7, 0x0, 0xc, 0xff, 0xc8,
    0x7b, 0xff, 0xf2, 0x0, 0x2e, 0x70, 0x0, 0x8,
    0xff, 0x80, 0x0, 0x0, 0x0, 0x0, 0x2f, 0xfa,
    0x0, 0x34, 0x30, 0x0, 0x1, 0xff, 0xb0, 0xc,
    0xff, 0xc0, 0x0, 0x1f, 0xfb, 0x0, 0xcf, 0xff,
    0x10, 0x1, 0xff, 0xb0, 0x0, 0x6f, 0xf2, 0x0,
    0x1f, 0xfb, 0x0, 0x6, 0xff, 0x20, 0x5, 0xff,
    0xb0, 0x0, 0x5f, 0xf9, 0x36, 0xef, 0xfc, 0x30,
    0x1, 0xff, 0xff, 0xfa, 0xaf, 0xff, 0x0, 0x4,
    0xcf, 0xe9, 0x2, 0xcf, 0xf0,

    /* U+0E0A "ช" */
    0xef, 0xfc, 0x20, 0xd, 0xff, 0xe, 0xff, 0xfb,
    0x0, 0xdf, 0xe0, 0x33, 0xdf, 0xd0, 0xf, 0xf8,
    0x0, 0xd, 0xfb, 0x18, 0xf9, 0x0, 0x5, 0xff,
    0x6a, 0xff, 0xc2, 0x0, 0xef, 0xd0, 0xaf, 0xff,
    0xb0, 0x6f, 0xf6, 0x0, 0x2f, 0xff, 0x9, 0xff,
    0x30, 0x0, 0xbf, 0xf1, 0xaf, 0xf2, 0x0, 0xb,
    0xff, 0x18, 0xff, 0x60, 0x0, 0xef, 0xf0, 0x4f,
    0xff, 0x86, 0xbf, 0xfb, 0x0, 0xaf, 0xff, 0xff,
    0xff, 0x30, 0x0, 0x6c, 0xff, 0xea, 0x20, 0x0,

    /* U+0E0B "ซ" */
    0x5f, 0xe0, 0xaf, 0xd0, 0x2f, 0xfa, 0x5f, 0xe2,
    0xef, 0xd0, 0x2f, 0xf9, 0x2f, 0xff, 0xbf, 0xc0,
    0x4f, 0xf3, 0x5, 0xa5, 0xbf, 0xb2, 0xce, 0x60,
    0x0, 0x4, 0xff, 0x4d, 0xff, 0x70, 0x0, 0x2f,
    0xfa, 0xd, 0xff, 0xf3, 0x0, 0xbf, 0xf1, 0x0,
    0x8f, 0xf8, 0x0, 0xff, 0xb0, 0x0, 0x2f, 0xf9,
    0x0, 0xff, 0xb0, 0x0, 0x2f, 0xf9, 0x0, 0xff,
    0xe0, 0x0, 0x5f, 0xf8, 0x0, 0xbf, 0xfc, 0x68,
    0xff, 0xf4, 0x0, 0x2f, 0xff, 0xff, 0xff, 0xb0,
    0x0, 0x2, 0xae, 0xff, 0xd7, 0x0,

    /* U+0E0C "ฌ" */
    0x0, 0x4b, 0xef, 0xfc, 0x60, 0x0, 0x0, 0xf,
    0xfd, 0x8, 0xff, 0xff, 0xff, 0xfa, 0x0, 0x0,
    0xf, 0xfd, 0x3f, 0xfe, 0x75, 0x7e, 0xff, 0x50,
    0x0, 0xf, 0xfd, 0x8f, 0xf3, 0x0, 0x3, 0xff,
    0xb0, 0x0, 0xf, 0xfd, 0xaf, 0xff, 0xf8, 0x0,
    0xdf, 0xd0, 0x0, 0xf, 0xfd, 0xbf, 0xff, 0xf8,
    0x0, 0xcf, 0xe0, 0x0, 0xf, 0xfd, 0x3, 0xde,
    0x30, 0x0, 0xcf, 0xe0, 0x0, 0xf, 0xfd, 0x1f,
    0xf8, 0x0, 0x0, 0xcf, 0xe0, 0x0, 0xf, 0xfd,
    0x6f, 0xf5, 0x0, 0x0, 0xcf, 0xe0, 0x0, 0xf,
    0xfd, 0x7f, 0xf4, 0x0, 0x0, 0xcf, 0xf1, 0x0,
    0x2f, 0xfc, 0x7f, 0xf7, 0x41, 0x0, 0xcf, 0xfd,
    0x65, 0xcf, 0xf9, 0x2f, 0xff, 0xf4, 0x0, 0xcf,
    0xeb, 0xff, 0xff, 0xf2, 0x5, 0xdf, 0xf4, 0x0,
    0xcf, 0xe0, 0x9e, 0xfc, 0x30,

    /* U+0E0D "ญ" */
    0x0, 0x4b, 0xef, 0xfc, 0x50, 0x0, 0x0, 0xf,
    0xfd, 0x7, 0xff, 0xff, 0xff, 0xf9, 0x0, 0x0,
    0xf, 0xfd, 0x2f, 0xfe, 0x75, 0x7e, 0xff, 0x40,
    0x0, 0xf, 0xfd, 0x8f, 0xf3, 0x0, 0x3, 0xff,
    0xa0, 0x0, 0xf, 0xfd, 0xaf, 0xff, 0xf8, 0x0,
    0xef, 0xd0, 0x0, 0xf, 0xfd, 0xbf, 0xff, 0xf8,
    0x0, 0xdf, 0xe0, 0x0, 0xf, 0xfd, 0x3, 0xde,
    0x30, 0x0, 0xdf, 0xe0, 0x0, 0xf, 0xfd, 0x1f,
    0xf8, 0x0, 0x0, 0xdf, 0xe0, 0x0, 0xf, 0xfd,
    0x6f, 0xf5, 0x0, 0x0, 0xdf, 0xe0, 0x0, 0xf,
    0xfd, 0x7f, 0xf4, 0x0, 0x0, 0xcf, 0xf1, 0x0,
    0x2f, 0xfd, 0x7f, 0xf7, 0x41, 0x0, 0x9f, 0xfc,
    0x57, 0xdf, 0xfd, 0x2f, 0xff, 0xf4, 0x0, 0x2f,
    0xff, 0xff, 0x8f, 0xfd, 0x5, 0xdf, 0xf4, 0x0,
    0x4, 0xdf, 0xe8, 0xf, 0xfc, 0x0, 0x0, 0x0,
    0x0, 0x7, 0x20, 0x0, 0x3f, 0xfb, 0x0, 0x0,
    0x0, 0x0, 0xbf, 0xf9, 0x68, 0xef, 0xf6, 0x0,
    0x0, 0x0, 0x0, 0x4f, 0xff, 0xff, 0xff, 0xc0,
    0x0, 0x0, 0x0, 0x0, 0x2, 0x9e, 0xff, 0xd7,
    0x0,

    /* U+0E0E "ฎ" */
    0x0, 0x1, 0x9d, 0xff, 0xd8, 0x10, 0x0, 0x2,
    0xef, 0xff, 0xff, 0xfe, 0x20, 0x0, 0xdf, 0xfa,
    0x56, 0xcf, 0xfb, 0x0, 0x4f, 0xf8, 0x0, 0x0,
    0xdf, 0xf1, 0x7, 0xff, 0x20, 0x0, 0x8, 0xff,
    0x40, 0x9f, 0xff, 0xfc, 0x0, 0x7f, 0xf5, 0x8,
    0xee, 0xff, 0xb0, 0x7, 0xff, 0x50, 0x0, 0x9f,
    0x80, 0x0, 0x7f, 0xf5, 0x0, 0x5f, 0xf2, 0x0,
    0x7, 0xff, 0x50, 0x8, 0xff, 0x20, 0x0, 0x7f,
    0xf5, 0x4, 0xaf, 0xf1, 0x0, 0x7, 0xff, 0x51,
    0xff, 0xff, 0x0, 0x0, 0x7f, 0xf5, 0x1f, 0xfe,
    0x60, 0x0, 0x7, 0xff, 0x50, 0x0, 0x0, 0x0,
    0x0, 0x7f, 0xf5, 0x0, 0x7, 0xdf, 0xe9, 0x7,
    0xff, 0x50, 0xc, 0xff, 0xff, 0xfc, 0x7f, 0xf5,
    0x3, 0xff, 0xc6, 0x58, 0xee, 0xff, 0x50, 0x3,
    0xa0, 0x0, 0x1, 0xdf, 0xf5,

    /* U+0E0F "ฏ" */
    0x0, 0x2, 0xae, 0xff, 0xd8, 0x10, 0x0, 0x5,
    0xff, 0xff, 0xff, 0xfe, 0x20, 0x1, 0xff, 0xf8,
    0x56, 0xcf, 0xfb, 0x0, 0x6f, 0xf5, 0x0, 0x0,
    0xdf, 0xf1, 0x9, 0xff, 0xee, 0xa0, 0x8, 0xff,
    0x40, 0x9f, 0xff, 0xfc, 0x0, 0x7f, 0xf5, 0x0,
    0x6, 0xea, 0x0, 0x7, 0xff, 0x50, 0x2, 0xff,
    0x30, 0x0, 0x7f, 0xf5, 0x0, 0x7f, 0xf2, 0x0,
    0x7, 0xff, 0x50, 0x8, 0xff, 0x20, 0x0, 0x7f,
    0xf5, 0x4, 0xaf, 0xf1, 0x0, 0x7, 0xff, 0x51,
    0xff, 0xff, 0x0, 0x0, 0x7f, 0xf5, 0x1f, 0xfe,
    0x50, 0x0, 0x7, 0xff, 0x50, 0x0, 0x0, 0x0,
    0x0, 0x7f, 0xf5, 0x0, 0x13, 0x0, 0x84, 0x7,
    0xff, 0x40, 0x2e, 0xe5, 0x8f, 0xf9, 0xef, 0xf2,
    0x3, 0xff, 0xff, 0xcf, 0xff, 0xfc, 0x0, 0x5,
    0xdf, 0xb1, 0x4f, 0xe9, 0x10,

    /* U+0E10 "ฐ" */
    0x0, 0x0, 0x0, 0x0, 0x0, 0x22, 0x0, 0x3,
    0xae, 0xff, 0xc5, 0xcf, 0xf5, 0x6, 0xff, 0xff,
    0xff, 0xff, 0xff, 0x50, 0xdf, 0xf9, 0x68, 0xef,
    0xf6, 0x0, 0x1, 0xc3, 0x0, 0x2, 0xff, 0xd0,
    0x0, 0x0, 0x0, 0x0, 0xb, 0xff, 0x0, 0x3,
    0x65, 0x10, 0x0, 0xaf, 0xf2, 0x0, 0x8f, 0xfe,
    0x10, 0xa, 0xff, 0x30, 0x8, 0xff, 0xf5, 0x0,
    0xaf, 0xf2, 0x0, 0x0, 0xdf, 0xa0, 0xb, 0xff,
    0x0, 0x0, 0x9, 0xfe, 0x0, 0xef, 0xd0, 0x0,
    0x0, 0x5f, 0xf6, 0xbf, 0xf6, 0x0, 0x0, 0x1,
    0xff, 0xff, 0xfb, 0x0, 0x0, 0x0, 0xd, 0xff,
    0xd7, 0x0, 0x0, 0x0, 0x0, 0x0, 0x0, 0x0,
    0x0, 0x0, 0x0, 0xe, 0xf6, 0x3, 0xff, 0x20,
    0x4, 0x79, 0xff, 0xc3, 0x8f, 0xf2, 0x0, 0x8f,
    0xff, 0xc8, 0xff, 0xff, 0x0, 0x8, 0xff, 0xe3,
    0x9, 0xfe, 0x50, 0x0,

    /* U+0E11 "ฑ" */
    0x6f, 0xd0, 0xbf, 0xc0, 0x9f, 0xe6, 0x6, 0xfd,
    0x2f, 0xfc, 0x8f, 0xff, 0xf2, 0x3f, 0xff, 0xbf,
    0xee, 0x8d, 0xff, 0x50, 0x6a, 0x4d, 0xff, 0x20,
    0x6f, 0xf7, 0x0, 0x6, 0xff, 0x70, 0x5, 0xff,
    0x70, 0x1, 0xef, 0xd0, 0x0, 0x5f, 0xf7, 0x0,
    0x9f, 0xf5, 0x0, 0x5, 0xff, 0x70, 0xe, 0xff,
    0x0, 0x0, 0x5f, 0xf7, 0x0, 0xff, 0xc0, 0x0,
    0x5, 0xff, 0x70, 0xf, 0xfc, 0x0, 0x0, 0x5f,
    0xf7, 0x0, 0xff, 0xc0, 0x0, 0x5, 0xff, 0x70,
    0xf, 0xfc, 0x0, 0x0, 0x5f, 0xf7, 0x0, 0xff,
    0xc0, 0x0, 0x5, 0xff, 0x70,

    /* U+0E12 "ฒ" */
    0x1, 0xaf, 0xa0, 0x9f, 0xb2, 0x0, 0x0, 0x4f,
    0xf8, 0xd, 0xff, 0xfc, 0xff, 0xfe, 0x10, 0x0,
    0x4f, 0xf8, 0x6f, 0xfd, 0xdf, 0xdd, 0xff, 0x60,
    0x0, 0x4f, 0xf8, 0xaf, 0xf2, 0x1c, 0x23, 0xff,
    0x90, 0x0, 0x4f, 0xf8, 0xdf, 0xe0, 0x0, 0x1,
    0xff, 0x90, 0x0, 0x4f, 0xf8, 0xef, 0xd0, 0x0,
    0x1, 0xff, 0x90, 0x0, 0x4f, 0xf8, 0xef, 0xd0,
    0x0, 0x1, 0xff, 0x90, 0x0, 0x4f, 0xf8, 0xef,
    0xd0, 0x0, 0x1, 0xff, 0x90, 0x0, 0x4f, 0xf8,
    0xdf, 0xe0, 0x0, 0x1, 0xff, 0x90, 0x0, 0x4f,
    0xf8, 0xaf, 0xf2, 0x0, 0x1, 0xff, 0xc0, 0x0,
    0x7f, 0xf7, 0x5f, 0xfe, 0x74, 0x1, 0xff, 0xfb,
    0x67, 0xff, 0xf4, 0xc, 0xff, 0xfc, 0x1, 0xff,
    0xae, 0xff, 0xff, 0xd0, 0x1, 0x9e, 0xfc, 0x1,
    0xff, 0x92, 0xbf, 0xfa, 0x10,

    /* U+0E13 "ณ" */
    0x0, 0x4b, 0xef, 0xfc, 0x60, 0x0, 0x0, 0xf,
    0xfd, 0x7, 0xff, 0xff, 0xff, 0xfa, 0x0, 0x0,
    0xf, 0xfd, 0x3f, 0xfe, 0x75, 0x7e, 0xff, 0x50,
    0x0, 0xf, 0xfd, 0x8f, 0xf3, 0x0, 0x3, 0xff,
    0xb0, 0x0, 0xf, 0xfd, 0xaf, 0xff, 0xf8, 0x0,
    0xef, 0xd0, 0x0, 0xf, 0xfd, 0xbf, 0xff, 0xf8,
    0x0, 0xdf, 0xe0, 0x0, 0xf, 0xfd, 0x3, 0xde,
    0x30, 0x0, 0xdf, 0xe0, 0x0, 0xf, 0xfd, 0x1f,
    0xf8, 0x0, 0x0, 0xdf, 0xe0, 0x0, 0xf, 0xfd,
    0x6f, 0xf5, 0x0, 0x0, 0xdf, 0xe0, 0x0, 0xf,
    0xfd, 0x7f, 0xf4, 0x0, 0x0, 0xcf, 0xf1, 0x0,
    0x2f, 0xfd, 0x7f, 0xf7, 0x41, 0x0, 0x9f, 0xfb,
    0x56, 0xdf, 0xfd, 0x2f, 0xff, 0xf4, 0x0, 0x2f,
    0xff, 0xff, 0x9f, 0xfd, 0x5, 0xdf, 0xf4, 0x0,
    0x4, 0xcf, 0xe9, 0xf, 0xfd,

    /* U+0E14 "ด" */
    0x0, 0x3b, 0xef, 0xfc, 0x50, 0x0, 0x6f, 0xff,
    0xff, 0xff, 0x80, 0x1f, 0xff, 0xa7, 0xaf, 0xff,
    0x38, 0xff, 0x60, 0x0, 0x7f, 0xf9, 0xcf, 0xf0,
    0x0, 0x1, 0xff, 0xce, 0xfe, 0x0, 0x0, 0xf,
    0xfc, 0xff, 0xe0, 0x0, 0x0, 0xff, 0xcf, 0xfe,
    0x0, 0x0, 0xf, 0xfc, 0xdf, 0xf0, 0x0, 0x0,
    0xff, 0xcb, 0xff, 0x40, 0x0, 0xf, 0xfc, 0x5f,
    0xff, 0x96, 0x0, 0xff, 0xc0, 0xcf, 0xff, 0xe0,
    0xf, 0xfc, 0x0, 0x8d, 0xfe, 0x0, 0xff, 0xc0,

    /* U+0E15 "ต" */
    0x0, 0x9e, 0xc0, 0x3f, 0xc5, 0x0, 0xb, 0xff,
    0xfa, 0xef, 0xff, 0x50, 0x5f, 0xfe, 0xcf, 0xfb,
    0xff, 0xd0, 0xaf, 0xf3, 0xc, 0x60, 0xdf, 0xf0,
    0xdf, 0xf0, 0x0, 0x0, 0xcf, 0xf1, 0xef, 0xe0,
    0x0, 0x0, 0xcf, 0xf1, 0xef, 0xe0, 0x0, 0x0,
    0xcf, 0xf1, 0xef, 0xe0, 0x0, 0x0, 0xcf, 0xf1,
    0xdf, 0xf0, 0x0, 0x0, 0xcf, 0xf1, 0xaf, 0xf3,
    0x0, 0x0, 0xcf, 0xf1, 0x5f, 0xfe, 0x76, 0x10,
    0xcf, 0xf1, 0xc, 0xff, 0xff, 0x20, 0xcf, 0xf1,
    0x1, 0x8d, 0xff, 0x20, 0xcf, 0xf1,

    /* U+0E16 "ถ" */
    0x0, 0x4a, 0xef, 0xfc, 0x70, 0x0, 0x7, 0xff,
    0xff, 0xff, 0xfc, 0x0, 0x2f, 0xfe, 0x85, 0x7e,
    0xff, 0x80, 0x8f, 0xf3, 0x0, 0x1, 0xff, 0xe0,
    0xaf, 0xff, 0xf8, 0x0, 0xbf, 0xf1, 0xbf, 0xff,
    0xf9, 0x0, 0xaf, 0xf2, 0x3, 0xde, 0x30, 0x0,
    0xaf, 0xf2, 0x1f, 0xf8, 0x0, 0x0, 0xaf, 0xf2,
    0x6f, 0xf5, 0x0, 0x0, 0xaf, 0xf2, 0x7f, 0xf4,
    0x0, 0x0, 0xaf, 0xf2, 0x6f, 0xf7, 0x41, 0x0,
    0xaf, 0xf2, 0x2f, 0xff, 0xf5, 0x0, 0xaf, 0xf2,
    0x5, 0xdf, 0xf5, 0x0, 0xaf, 0xf2,

    /* U+0E17 "ท" */
    0x4f, 0xf8, 0x1a, 0xff, 0xc4, 0x0, 0x4f, 0xf9,
    0xdf, 0xff, 0xff, 0x40, 0x4f, 0xfe, 0xe8, 0x8d,
    0xff, 0xc0, 0x4f, 0xfd, 0x10, 0x0, 0xef, 0xf1,
    0x4f, 0xf8, 0x0, 0x0, 0xaf, 0xf2, 0x4f, 0xf8,
    0x0, 0x0, 0x9f, 0xf3, 0x4f, 0xf8, 0x0, 0x0,
    0x9f, 0xf3, 0x4f, 0xf8, 0x0, 0x0, 0x9f, 0xf3,
    0x4f, 0xf8, 0x0, 0x0, 0x9f, 0xf3, 0x4f, 0xf8,
    0x0, 0x0, 0x9f, 0xf3, 0x4f, 0xf8, 0x0, 0x0,
    0x9f, 0xf3, 0x4f, 0xf8, 0x0, 0x0, 0x9f, 0xf3,
    0x4f, 0xf8, 0x0, 0x0, 0x9f, 0xf3,

    /* U+0E18 "ธ" */
    0x0, 0x8d, 0xff, 0xea, 0x30, 0x1, 0xdf, 0xff,
    0xff, 0xff, 0x70, 0x8f, 0xfc, 0x66, 0x9f, 0xf8,
    0xb, 0xff, 0x0, 0x0, 0x26, 0x0, 0x9f, 0xf9,
    0x75, 0x30, 0x0, 0x2, 0xef, 0xff, 0xff, 0xe8,
    0x0, 0x0, 0x58, 0xac, 0xff, 0xf9, 0x3, 0x88,
    0x0, 0x0, 0xcf, 0xf0, 0x6f, 0xf1, 0x0, 0x8,
    0xff, 0x16, 0xff, 0x10, 0x0, 0xaf, 0xf1, 0x6f,
    0xfa, 0x66, 0x9f, 0xfd, 0x5, 0xff, 0xff, 0xff,
    0xff, 0x40, 0x3, 0x9d, 0xff, 0xea, 0x30, 0x0,

    /* U+0E19 "น" */
    0x6f, 0xf6, 0x0, 0x0, 0xcf, 0xf0, 0x6f, 0xf6,
    0x0, 0x0, 0xcf, 0xf0, 0x6f, 0xf6, 0x0, 0x0,
    0xcf, 0xf0, 0x6f, 0xf6, 0x0, 0x0, 0xcf, 0xf0,
    0x6f, 0xf6, 0x0, 0x0, 0xcf, 0xf0, 0x6f, 0xf6,
    0x0, 0x0, 0xcf, 0xf0, 0x6f, 0xf6, 0x0, 0x0,
    0xcf, 0xf0, 0x6f, 0xf6, 0x0, 0x0, 0xcf, 0xf0,
    0x6f, 0xf7, 0x0, 0x0, 0xcf, 0xf0, 0x4f, 0xfc,
    0x0, 0x2, 0xff, 0xf0, 0xf, 0xff, 0xb7, 0x9f,
    0xef, 0xf0, 0x7, 0xff, 0xff, 0xfa, 0xcf, 0xf0,
    0x0, 0x7d, 0xfe, 0x80, 0xcf, 0xf0,

    /* U+0E1A "บ" */
    0x6f, 0xf6, 0x0, 0x0, 0xdf, 0xf6, 0xff, 0x60,
    0x0, 0xd, 0xff, 0x6f, 0xf6, 0x0, 0x0, 0xdf,
    0xf6, 0xff, 0x60, 0x0, 0xd, 0xff, 0x6f, 0xf6,
    0x0, 0x0, 0xdf, 0xf6, 0xff, 0x60, 0x0, 0xd,
    0xff, 0x6f, 0xf6, 0x0, 0x0, 0xdf, 0xf6, 0xff,
    0x60, 0x0, 0xd, 0xff, 0x5f, 0xf7, 0x0, 0x0,
    0xef, 0xe2, 0xff, 0xc0, 0x0, 0x2f, 0xfc, 0xd,
    0xff, 0xb6, 0x7e, 0xff, 0x70, 0x4f, 0xff, 0xff,
    0xff, 0xc0, 0x0, 0x3a, 0xef, 0xfd, 0x80, 0x0,

    /* U+0E1B "ป" */
    0x0, 0x0, 0x0, 0x0, 0xdf, 0xf0, 0x0, 0x0,
    0x0, 0xd, 0xff, 0x0, 0x0, 0x0, 0x0, 0xdf,
    0xf0, 0x0, 0x0, 0x0, 0xd, 0xff, 0x6f, 0xf6,
    0x0, 0x0, 0xdf, 0xf6, 0xff, 0x60, 0x0, 0xd,
    0xff, 0x6f, 0xf6, 0x0, 0x0, 0xdf, 0xf6, 0xff,
    0x60, 0x0, 0xd, 0xff, 0x6f, 0xf6, 0x0, 0x0,
    0xdf, 0xf6, 0xff, 0x60, 0x0, 0xd, 0xff, 0x6f,
    0xf6, 0x0, 0x0, 0xdf, 0xf6, 0xff, 0x60, 0x0,
    0xd, 0xff, 0x5f, 0xf7, 0x0, 0x0, 0xdf, 0xe2,
    0xff, 0xc0, 0x0, 0x2f, 0xfc, 0xd, 0xff, 0xb6,
    0x7e, 0xff, 0x70, 0x4f, 0xff, 0xff, 0xff, 0xd0,
    0x0, 0x3a, 0xef, 0xfd, 0x81, 0x0,

    /* U+0E1C "ผ" */
    0x6, 0xef, 0xf8, 0x0, 0x2f, 0xf9, 0x1f, 0xff,
    0xf8, 0x0, 0x2f, 0xf9, 0x4f, 0xf9, 0x42, 0x0,
    0x2f, 0xf9, 0x5f, 0xf6, 0x0, 0x0, 0x2f, 0xf9,
    0x5f, 0xf6, 0x0, 0x0, 0x2f, 0xf9, 0x5f, 0xf6,
    0x0, 0x0, 0x2f, 0xf9, 0x5f, 0xf6, 0x5, 0x90,
    0x2f, 0xf9, 0x5f, 0xf6, 0x1e, 0xf3, 0x2f, 0xf9,
    0x5f, 0xf6, 0x9f, 0xfd, 0x3f, 0xf9, 0x5f, 0xfa,
    0xfb, 0x7f, 0xaf, 0xf9, 0x5f, 0xff, 0xf2, 0xd,
    0xff, 0xf9, 0x5f, 0xff, 0x70, 0x3, 0xff, 0xf9,
    0x5f, 0xfd, 0x0, 0x0, 0x9f, 0xf9,

    /* U+0E1D "ฝ" */
    0x0, 0x0, 0x0, 0x0, 0x3f, 0xf9, 0x0, 0x0,
    0x0, 0x0, 0x3f, 0xf9, 0x0, 0x0, 0x0, 0x0,
    0x3f, 0xf9, 0x0, 0x0, 0x0, 0x0, 0x3f, 0xf9,
    0x6, 0xef, 0xf8, 0x0, 0x3f, 0xf9, 0x1f, 0xff,
    0xf8, 0x0, 0x3f, 0xf9, 0x4f, 0xf9, 0x42, 0x0,
    0x3f, 0xf9, 0x5f, 0xf7, 0x0, 0x0, 0x3f, 0xf9,
    0x5f, 0xf7, 0x0, 0x0, 0x3f, 0xf9, 0x5f, 0xf7,
    0x0, 0x0, 0x3f, 0xf9, 0x5f, 0xf7, 0x5, 0x90,
    0x3f, 0xf9, 0x5f, 0xf7, 0x1e, 0xf3, 0x3f, 0xf9,
    0x5f, 0xf7, 0x9f, 0xfd, 0x3f, 0xf9, 0x5f, 0xfb,
    0xfb, 0x7f, 0xbf, 0xf9, 0x5f, 0xff, 0xf2, 0xd,
    0xff, 0xf9, 0x5f, 0xff, 0x70, 0x3, 0xff, 0xf9,
    0x5f, 0xfd, 0x0, 0x0, 0x9f, 0xf9,

    /* U+0E1E "พ" */
    0xdf, 0xc0, 0x4, 0xff, 0x80, 0x8, 0xff, 0x1b,
    0xfe, 0x0, 0x8f, 0xfb, 0x0, 0xaf, 0xf0, 0x9f,
    0xf0, 0xb, 0xff, 0xf0, 0xb, 0xfd, 0x6, 0xff,
    0x10, 0xef, 0xdf, 0x20, 0xdf, 0xa0, 0x4f, 0xf2,
    0x2f, 0xd9, 0xf5, 0xe, 0xf8, 0x2, 0xff, 0x45,
    0xfa, 0x6f, 0x90, 0xff, 0x60, 0xf, 0xf5, 0x8f,
    0x62, 0xfc, 0x1f, 0xf4, 0x0, 0xef, 0x6c, 0xf3,
    0xf, 0xf3, 0xff, 0x20, 0xc, 0xf8, 0xff, 0x0,
    0xcf, 0x7f, 0xf0, 0x0, 0x9f, 0xcf, 0xc0, 0x8,
    0xfc, 0xfd, 0x0, 0x7, 0xff, 0xf9, 0x0, 0x5f,
    0xff, 0xb0, 0x0, 0x5f, 0xff, 0x60, 0x2, 0xff,
    0xf9, 0x0, 0x3, 0xff, 0xf2, 0x0, 0xe, 0xff,
    0x70, 0x0,

    /* U+0E1F "ฟ" */
    0x0, 0x0, 0x0, 0x0, 0x0, 0xa, 0xff, 0x0,
    0x0, 0x0, 0x0, 0x0, 0x0, 0xbf, 0xe0, 0x0,
    0x0, 0x0, 0x0, 0x0, 0xc, 0xfc, 0x0, 0x0,
    0x0, 0x0, 0x0, 0x0, 0xef, 0xa0, 0xef, 0xb0,
    0x6, 0xff, 0x60, 0xf, 0xf8, 0xc, 0xfc, 0x0,
    0xaf, 0xf9, 0x0, 0xff, 0x60, 0xaf, 0xe0, 0xd,
    0xff, 0xc0, 0x1f, 0xf4, 0x7, 0xff, 0x0, 0xfe,
    0xff, 0x2, 0xff, 0x30, 0x5f, 0xf1, 0x3f, 0xbc,
    0xf2, 0x4f, 0xf1, 0x3, 0xff, 0x26, 0xf7, 0x8f,
    0x55, 0xff, 0x0, 0x1f, 0xf4, 0x9f, 0x45, 0xf8,
    0x6f, 0xd0, 0x0, 0xff, 0x5d, 0xf1, 0x2f, 0xb7,
    0xfb, 0x0, 0xc, 0xf7, 0xfe, 0x0, 0xfe, 0x9f,
    0x90, 0x0, 0xaf, 0xcf, 0xb0, 0xc, 0xfc, 0xf7,
    0x0, 0x8, 0xff, 0xf8, 0x0, 0x9f, 0xff, 0x60,
    0x0, 0x6f, 0xff, 0x40, 0x6, 0xff, 0xf4, 0x0,
    0x4, 0xff, 0xf1, 0x0, 0x3f, 0xff, 0x20, 0x0,

    /* U+0E20 "ภ" */
    0x0, 0x2, 0xae, 0xff, 0xd9, 0x10, 0x0, 0x5,
    0xff, 0xff, 0xff, 0xfe, 0x20, 0x1, 0xff, 0xf8,
    0x56, 0xcf, 0xfc, 0x0, 0x6f, 0xf5, 0x0, 0x0,
    0xdf, 0xf2, 0x9, 0xff, 0xee, 0xa0, 0x8, 0xff,
    0x40, 0x9f, 0xff, 0xfc, 0x0, 0x7f, 0xf5, 0x0,
    0x6, 0xea, 0x0, 0x7, 0xff, 0x50, 0x2, 0xff,
    0x30, 0x0, 0x7f, 0xf5, 0x0, 0x7f, 0xf2, 0x0,
    0x7, 0xff, 0x50, 0x8, 0xff, 0x20, 0x0, 0x7f,
    0xf5, 0x4, 0xaf, 0xf1, 0x0, 0x7, 0xff, 0x51,
    0xff, 0xff, 0x0, 0x0, 0x7f, 0xf5, 0x1f, 0xfe,
    0x50, 0x0, 0x7, 0xff, 0x50,

    /* U+0E21 "ม" */
    0x4f, 0xf8, 0x0, 0x0, 0x9f, 0xf3, 0x4f, 0xf8,
    0x0, 0x0, 0x9f, 0xf3, 0x4f, 0xf8, 0x0, 0x0,
    0x9f, 0xf3, 0x4f, 0xf8, 0x0, 0x0, 0x9f, 0xf3,
    0x4f, 0xf8, 0x0, 0x0, 0x9f, 0xf3, 0x4f, 0xf8,
    0x0, 0x0, 0x9f, 0xf3, 0x4f, 0xf8, 0x0, 0x0,
    0x9f, 0xf3, 0x4f, 0xf8, 0x0, 0x0, 0x9f, 0xf3,
    0x4f, 0xf8, 0x0, 0x0, 0xaf, 0xf2, 0x4f, 0xfd,
    0x0, 0x0, 0xef, 0xf1, 0x4f, 0xff, 0xe8, 0x8d,
    0xff, 0xd0, 0x4f, 0xf9, 0xef, 0xff, 0xff, 0x50,
    0x4f, 0xf8, 0x2b, 0xff, 0xd5, 0x0,

    /* U+0E22 "ย" */
    0xa, 0xff, 0xf4, 0x2, 0xff, 0x96, 0xff, 0xff,
    0x40, 0x2f, 0xf9, 0x8f, 0xf4, 0x31, 0x2, 0xff,
    0x93, 0xff, 0x30, 0x0, 0x2f, 0xf9, 0x4, 0xbd,
    0x20, 0x2, 0xff, 0x90, 0xaf, 0xff, 0x70, 0x2f,
    0xf9, 0x7f, 0xff, 0xf7, 0x2, 0xff, 0x9b, 0xff,
    0x0, 0x0, 0x2f, 0xf9, 0xcf, 0xf1, 0x0, 0x3,
    0xff, 0x8b, 0xff, 0x50, 0x0, 0x8f, 0xf6, 0x6f,
    0xff, 0x86, 0x9f, 0xff, 0x10, 0xbf, 0xff, 0xff,
    0xff, 0x70, 0x0, 0x6c, 0xff, 0xeb, 0x50, 0x0,

    /* U+0E23 "ร" */
    0x0, 0x7, 0xdf, 0xfd, 0x80, 0x0, 0xb, 0xff,
    0xff, 0xff, 0xd1, 0x4, 0xff, 0xd6, 0x6c, 0xfe,
    0x20, 0x8f, 0xf2, 0x0, 0x6, 0x10, 0x7, 0xff,
    0x60, 0x0, 0x0, 0x0, 0x2f, 0xff, 0xda, 0x83,
    0x0, 0x0, 0x4e, 0xff, 0xff, 0xf9, 0x0, 0x0,
    0x4, 0x7a, 0xff, 0xf4, 0x0, 0x0, 0x0, 0x3,
    0xff, 0x90, 0x2d, 0x50, 0x0, 0x1f, 0xf9, 0xe,
    0xff, 0xb6, 0x6c, 0xff, 0x60, 0x4e, 0xff, 0xff,
    0xff, 0xc0, 0x0, 0x18, 0xdf, 0xfd, 0x70, 0x0,

    /* U+0E24 "ฤ" */
    0x0, 0x2a, 0xef, 0xfc, 0x70, 0x0, 0x4, 0xff,
    0xff, 0xff, 0xfc, 0x0, 0xe, 0xff, 0x95, 0x7e,
    0xff, 0x80, 0x6f, 0xf7, 0x0, 0x1, 0xff, 0xe0,
    0x9f, 0xf1, 0x0, 0x0, 0xbf, 0xf1, 0xbf, 0xff,
    0xf9, 0x0, 0xaf, 0xf1, 0xbf, 0xff, 0xf9, 0x0,
    0xaf, 0xf2, 0x4, 0xdd, 0x20, 0x0, 0xaf, 0xf2,
    0x2f, 0xf6, 0x0, 0x0, 0xaf, 0xf2, 0x7f, 0xf4,
    0x0, 0x0, 0xaf, 0xf2, 0x7f, 0xf7, 0x41, 0x0,
    0xaf, 0xf2, 0x3f, 0xff, 0xf5, 0x0, 0xaf, 0xf2,
    0x6, 0xef, 0xf5, 0x0, 0xaf, 0xf2, 0x0, 0x0,
    0x0, 0x0, 0xaf, 0xf2, 0x0, 0x0, 0x0, 0x0,
    0xaf, 0xf2, 0x0, 0x0, 0x0, 0x0, 0xaf, 0xf2,
    0x0, 0x0, 0x0, 0x0, 0xaf, 0xf2, 0x0, 0x0,
    0x0, 0x0, 0xaf, 0xf2,

    /* U+0E25 "ล" */
    0x0, 0x7, 0xdf, 0xfe, 0xa2, 0x0, 0x1, 0xdf,
    0xff, 0xff, 0xff, 0x30, 0x9, 0xff, 0xc7, 0x7c,
    0xff, 0xd0, 0x0, 0xc9, 0x0, 0x0, 0xdf, 0xf1,
    0x0, 0x10, 0x0, 0x0, 0x9f, 0xf3, 0x0, 0x0,
    0x0, 0x11, 0x9f, 0xf3, 0x0, 0x5c, 0xff, 0xff,
    0xff, 0xf3, 0x6, 0xff, 0xff, 0xff, 0xff, 0xf3,
    0xe, 0xff, 0x30, 0x0, 0x8f, 0xf3, 0xf, 0xfc,
    0x0, 0x0, 0x8f, 0xf3, 0xe, 0xff, 0x85, 0x30,
    0x8f, 0xf3, 0x6, 0xff, 0xff, 0xa0, 0x8f, 0xf3,
    0x0, 0x5c, 0xff, 0xa0, 0x8f, 0xf3,

    /* U+0E26 "ฦ" */
    0x0, 0x1, 0x9d, 0xff, 0xd8, 0x10, 0x0, 0x2,
    0xef, 0xff, 0xff, 0xfe, 0x20, 0x0, 0xdf, 0xfa,
    0x56, 0xcf, 0xfb, 0x0, 0x4f, 0xf8, 0x0, 0x0,
    0xdf, 0xf1, 0x7, 0xff, 0x20, 0x0, 0x8, 0xff,
    0x40, 0x9f, 0xff, 0xfc, 0x0, 0x7f, 0xf5, 0x8,
    0xee, 0xff, 0xb0, 0x7, 0xff, 0x50, 0x0, 0x9f,
    0x80, 0x0, 0x7f, 0xf5, 0x0, 0x5f, 0xf2, 0x0,
    0x7, 0xff, 0x50, 0x8, 0xff, 0x20, 0x0, 0x7f,
    0xf5, 0x4, 0xaf, 0xf1, 0x0, 0x7, 0xff, 0x51,
    0xff, 0xff, 0x0, 0x0, 0x7f, 0xf5, 0x1f, 0xfe,
    0x60, 0x0, 0x7, 0xff, 0x50, 0x0, 0x0, 0x0,
    0x0, 0x7f, 0xf5, 0x0, 0x0, 0x0, 0x0, 0x7,
    0xff, 0x50, 0x0, 0x0, 0x0, 0x0, 0x7f, 0xf5,
    0x0, 0x0, 0x0, 0x0, 0x7, 0xff, 0x50, 0x0,
    0x0, 0x0, 0x0, 0x7f, 0xf5,

    /* U+0E27 "ว" */
    0x0, 0x2a, 0xef, 0xea, 0x30, 0x0, 0x4f, 0xff,
    0xff, 0xff, 0x40, 0xe, 0xff, 0xa7, 0xaf, 0xfe,
    0x0, 0x6d, 0x80, 0x0, 0x9f, 0xf4, 0x0, 0x0,
    0x0, 0x4, 0xff, 0x80, 0x0, 0x0, 0x0, 0x3f,
    0xfa, 0x0, 0x0, 0x0, 0x3, 0xff, 0xa0, 0x0,
    0x0, 0x0, 0x3f, 0xfa, 0x0, 0x0, 0x0, 0x4,
    0xff, 0x81, 0x8f, 0x70, 0x0, 0x9f, 0xf4, 0xe,
    0xff, 0x97, 0xaf, 0xfe, 0x0, 0x3f, 0xff, 0xff,
    0xff, 0x40, 0x0, 0x2a, 0xef, 0xea, 0x30, 0x0,

    /* U+0E28 "ศ" */
    0x0, 0x0, 0x0, 0x0, 0x0, 0x12, 0x10, 0x1,
    0x9d, 0xff, 0xd7, 0x8f, 0xfa, 0x3, 0xef, 0xff,
    0xff, 0xff, 0xff, 0xa0, 0xdf, 0xfd, 0x88, 0xdf,
    0xfb, 0x0, 0x3f, 0xfc, 0x0, 0x0, 0xef, 0xf1,
    0x6, 0xff, 0x70, 0x0, 0x8, 0xff, 0x40, 0x7f,
    0xf6, 0x16, 0x60, 0x7f, 0xf5, 0x7, 0xff, 0x7e,
    0xfe, 0x7, 0xff, 0x50, 0x7f, 0xfd, 0xff, 0xe0,
    0x7f, 0xf5, 0x7, 0xff, 0xe3, 0x0, 0x7, 0xff,
    0x50, 0x7f, 0xf6, 0x0, 0x0, 0x7f, 0xf5, 0x7,
    0xff, 0x60, 0x0, 0x7, 0xff, 0x50, 0x7f, 0xf6,
    0x0, 0x0, 0x7f, 0xf5, 0x7, 0xff, 0x60, 0x0,
    0x7, 0xff, 0x50,

    /* U+0E29 "ษ" */
    0x6f, 0xf6, 0x0, 0x0, 0xaf, 0xf1, 0x6, 0xff,
    0x60, 0x0, 0xa, 0xff, 0x10, 0x6f, 0xf6, 0x0,
    0x0, 0xaf, 0xf1, 0x6, 0xff, 0x60, 0x0, 0xa,
    0xff, 0x10, 0x6f, 0xf6, 0x1, 0xff, 0xff, 0xff,
    0xa6, 0xff, 0x60, 0x1f, 0xff, 0xff, 0xfa, 0x6f,
    0xf6, 0x0, 0x66, 0xcf, 0xf6, 0x36, 0xff, 0x60,
    0x0, 0xa, 0xff, 0x10, 0x5f, 0xf7, 0x0, 0x0,
    0xbf, 0xf0, 0x2, 0xff, 0xd0, 0x0, 0x2f, 0xfd,
    0x0, 0xc, 0xff, 0xd8, 0x8e, 0xff, 0x70, 0x0,
    0x2e, 0xff, 0xff, 0xff, 0xc0, 0x0, 0x0, 0x19,
    0xdf, 0xfc, 0x70, 0x0, 0x0,

    /* U+0E2A "ส" */
    0x0, 0x0, 0x0, 0x0, 0x1, 0x21, 0x0, 0x7c,
    0xff, 0xd9, 0x8f, 0xfa, 0x1c, 0xff, 0xff, 0xff,
    0xff, 0xfa, 0x8f, 0xfc, 0x76, 0xbf, 0xfc, 0x0,
    0xc, 0xa0, 0x0, 0xc, 0xff, 0x20, 0x0, 0x0,
    0x0, 0x8, 0xff, 0x40, 0x0, 0x0, 0x1, 0x18,
    0xff, 0x50, 0x5, 0xcf, 0xff, 0xff, 0xff, 0x50,
    0x5f, 0xff, 0xff, 0xff, 0xff, 0x50, 0xcf, 0xf4,
    0x0, 0x7, 0xff, 0x50, 0xef, 0xd0, 0x0, 0x7,
    0xff, 0x50, 0xcf, 0xf9, 0x54, 0x7, 0xff, 0x50,
    0x5f, 0xff, 0xfb, 0x7, 0xff, 0x50, 0x4, 0xcf,
    0xfb, 0x7, 0xff, 0x50,

    /* U+0E2B "ห" */
    0x4f, 0xf8, 0x0, 0x1, 0xff, 0xc4, 0xff, 0x80,
    0x0, 0x1f, 0xfc, 0x4f, 0xf8, 0x0, 0x1, 0xff,
    0x94, 0xff, 0x80, 0x0, 0x4f, 0xf2, 0x4f, 0xf9,
    0x22, 0x4d, 0xb2, 0x4, 0xff, 0xff, 0xff, 0xff,
    0x90, 0x4f, 0xff, 0xff, 0xff, 0xff, 0x74, 0xff,
    0x80, 0x0, 0x6f, 0xfc, 0x4f, 0xf8, 0x0, 0x0,
    0xef, 0xe4, 0xff, 0x80, 0x0, 0xc, 0xfe, 0x4f,
    0xf8, 0x0, 0x0, 0xcf, 0xe4, 0xff, 0x80, 0x0,
    0xc, 0xfe, 0x4f, 0xf8, 0x0, 0x0, 0xcf, 0xe0,

    /* U+0E2C "ฬ" */
    0x0, 0x0, 0x0, 0x0, 0x0, 0x0, 0x6f, 0xf1,
    0x0, 0x0, 0x0, 0x0, 0x0, 0x0, 0xdf, 0xc0,
    0x0, 0x0, 0x0, 0x0, 0x13, 0x4a, 0xfe, 0x30,
    0x0, 0x0, 0x0, 0x0, 0x5f, 0xff, 0xe2, 0x0,
    0xdf, 0xc0, 0x0, 0x0, 0x5f, 0xff, 0xfa, 0x0,
    0xbf, 0xe0, 0x0, 0x0, 0x0, 0x1d, 0xfd, 0x0,
    0x9f, 0xf0, 0x5, 0xff, 0x90, 0xa, 0xfc, 0x0,
    0x6f, 0xf1, 0x9, 0xff, 0xd0, 0xb, 0xfa, 0x0,
    0x4f, 0xf2, 0xd, 0xff, 0xf1, 0xd, 0xf8, 0x0,
    0x2f, 0xf3, 0x1f, 0xea, 0xf5, 0xe, 0xf6, 0x0,
    0xf, 0xf5, 0x5f, 0xa6, 0xf9, 0xf, 0xf3, 0x0,
    0xe, 0xf6, 0x9f, 0x62, 0xfd, 0x2f, 0xf1, 0x0,
    0xc, 0xf8, 0xdf, 0x20, 0xef, 0x5f, 0xf0, 0x0,
    0x9, 0xfb, 0xfe, 0x0, 0xaf, 0xaf, 0xd0, 0x0,
    0x7, 0xff, 0xfb, 0x0, 0x6f, 0xff, 0xb0, 0x0,
    0x5, 0xff, 0xf7, 0x0, 0x2f, 0xff, 0x90, 0x0,
    0x3, 0xff, 0xf3, 0x0, 0xe, 0xff, 0x70, 0x0,

    /* U+0E2D "อ" */
    0x0, 0x7c, 0xff, 0xe9, 0x20, 0x1, 0xcf, 0xff,
    0xff, 0xff, 0x30, 0x9f, 0xfd, 0x76, 0xaf, 0xfe,
    0x0, 0x59, 0x0, 0x0, 0xaf, 0xf5, 0x0, 0x0,
    0x0, 0x4, 0xff, 0x92, 0xcf, 0xfe, 0x0, 0x2f,
    0xfb, 0xbf, 0xff, 0xe0, 0x2, 0xff, 0xce, 0xfd,
    0x33, 0x0, 0x2f, 0xfb, 0xef, 0xd0, 0x0, 0x3,
    0xff, 0x9b, 0xff, 0x20, 0x0, 0x8f, 0xf5, 0x5f,
    0xfd, 0x64, 0x8f, 0xfd, 0x0, 0xaf, 0xff, 0xff,
    0xff, 0x30, 0x0, 0x5c, 0xff, 0xea, 0x20, 0x0,

    /* U+0E2E "ฮ" */
    0x0, 0x0, 0x0, 0x0, 0x2e, 0xfc, 0x0, 0x7d,
    0xff, 0xd7, 0x8f, 0xfc, 0x1d, 0xff, 0xff, 0xff,
    0xfb, 0x21, 0x9f, 0xfd, 0x76, 0xaf, 0xfd, 0x0,
    0x5, 0x90, 0x0, 0xa, 0xff, 0x50, 0x0, 0x0,
    0x0, 0x4, 0xff, 0x90, 0x2c, 0xff, 0xe0, 0x2,
    0xff, 0xb0, 0xbf, 0xff, 0xe0, 0x2, 0xff, 0xc0,
    0xef, 0xd3, 0x30, 0x2, 0xff, 0xb0, 0xef, 0xd0,
    0x0, 0x3, 0xff, 0x90, 0xbf, 0xf2, 0x0, 0x8,
    0xff, 0x50, 0x5f, 0xfd, 0x64, 0x8f, 0xfd, 0x0,
    0xa, 0xff, 0xff, 0xff, 0xf3, 0x0, 0x0, 0x6c,
    0xff, 0xea, 0x20, 0x0,

    /* U+0E2F "ฯ" */
    0x0, 0x8e, 0xff, 0x63, 0xff, 0x80, 0xbf, 0xff,
    0xf6, 0x3f, 0xf8, 0x4f, 0xfd, 0x43, 0x14, 0xff,
    0x87, 0xff, 0x40, 0x0, 0x6f, 0xf8, 0x8f, 0xf5,
    0x0, 0xc, 0xff, 0x85, 0xff, 0xd5, 0x4b, 0xdf,
    0xf8, 0xd, 0xff, 0xff, 0xf5, 0xff, 0x80, 0x1a,
    0xff, 0xc3, 0x3f, 0xf8, 0x0, 0x0, 0x0, 0x3,
    0xff, 0x80, 0x0, 0x0, 0x0, 0x3f, 0xf8, 0x0,
    0x0, 0x0, 0x3, 0xff, 0x80, 0x0, 0x0, 0x0,
    0x3f, 0xf8, 0x0, 0x0, 0x0, 0x3, 0xff, 0x80,

    /* U+0E30 "ะ" */
    0xaf, 0xf0, 0x0, 0x0, 0xaf, 0xf0, 0x0, 0x0,
    0x9f, 0xff, 0xff, 0xf2, 0x2f, 0xff, 0xff, 0xf2,
    0x2, 0x67, 0x77, 0x71, 0x0, 0x0, 0x0, 0x0,
    0x58, 0x80, 0x0, 0x0, 0xaf, 0xf0, 0x0, 0x0,
    0xaf, 0xf7, 0x77, 0x71, 0x6f, 0xff, 0xff, 0xf2,
    0x9, 0xff, 0xff, 0xf2,

    /* U+0E31 "ั" */
    0xbf, 0xd0, 0x0, 0x0, 0xaf, 0xd1, 0x11, 0x10,
    0x6f, 0xff, 0xff, 0xf8, 0x9, 0xef, 0xff, 0xf8,

    /* U+0E32 "า" */
    0x2, 0x9e, 0xff, 0xc5, 0x0, 0x3f, 0xff, 0xff,
    0xff, 0x60, 0xaf, 0xf9, 0x69, 0xff, 0xf0, 0xa,
    0x50, 0x0, 0xaf, 0xf4, 0x0, 0x0, 0x0, 0x7f,
    0xf5, 0x0, 0x0, 0x0, 0x7f, 0xf5, 0x0, 0x0,
    0x0, 0x7f, 0xf5, 0x0, 0x0, 0x0, 0x7f, 0xf5,
    0x0, 0x0, 0x0, 0x7f, 0xf5, 0x0, 0x0, 0x0,
    0x7f, 0xf5, 0x0, 0x0, 0x0, 0x7f, 0xf5, 0x0,
    0x0, 0x0, 0x7f, 0xf5, 0x0, 0x0, 0x0, 0x7f,
    0xf5,

    /* U+0E33 "ำ" */
    0x0, 0x11, 0x0, 0x0, 0x0, 0x0, 0x0, 0x0,
    0x1c, 0xff, 0xb0, 0x0, 0x0, 0x0, 0x0, 0x0,
    0x6f, 0x79, 0xf4, 0x0, 0x0, 0x0, 0x0, 0x0,
    0x6f, 0x47, 0xf4, 0x0, 0x0, 0x0, 0x0, 0x0,
    0x2e, 0xff, 0xd0, 0x0, 0x0, 0x0, 0x0, 0x0,
    0x1, 0x44, 0x0, 0x0, 0x0, 0x0, 0x0, 0x0,
    0x0, 0x0, 0x0, 0x0, 0x0, 0x0, 0x0, 0x0,
    0x0, 0x0, 0x0, 0x2, 0x9e, 0xff, 0xc5, 0x0,
    0x0, 0x0, 0x0, 0x3f, 0xff, 0xff, 0xff, 0x60,
    0x0, 0x0, 0x0, 0xaf, 0xf9, 0x69, 0xff, 0xf0,
    0x0, 0x0, 0x0, 0xa, 0x50, 0x0, 0xaf, 0xf4,
    0x0, 0x0, 0x0, 0x0, 0x0, 0x0, 0x7f, 0xf5,
    0x0, 0x0, 0x0, 0x0, 0x0, 0x0, 0x7f, 0xf5,
    0x0, 0x0, 0x0, 0x0, 0x0, 0x0, 0x7f, 0xf5,
    0x0, 0x0, 0x0, 0x0, 0x0, 0x0, 0x7f, 0xf5,
    0x0, 0x0, 0x0, 0x0, 0x0, 0x0, 0x7f, 0xf5,
    0x0, 0x0, 0x0, 0x0, 0x0, 0x0, 0x7f, 0xf5,
    0x0, 0x0, 0x0, 0x0, 0x0, 0x0, 0x7f, 0xf5,
    0x0, 0x0, 0x0, 0x0, 0x0, 0x0, 0x7f, 0xf5,
    0x0, 0x0, 0x0, 0x0, 0x0, 0x0, 0x7f, 0xf5,

    /* U+0E34 "ิ" */
    0x11, 0x11, 0x11, 0x11, 0x10, 0xff, 0xff, 0xff,
    0xff, 0xf6, 0xff, 0xff, 0xff, 0xff, 0xf6,

    /* U+0E35 "ี" */
    0x0, 0x0, 0x0, 0x18, 0x83, 0x0, 0x0, 0x0,
    0x2f, 0xf6, 0x11, 0x11, 0x11, 0x3f, 0xf6, 0xff,
    0xff, 0xff, 0xff, 0xf3, 0xff, 0xff, 0xff, 0xfe,
    0x70,

    /* U+0E36 "ึ" */
    0x0, 0x0, 0x0, 0x1, 0x0, 0x0, 0x0, 0x3,
    0xef, 0xf5, 0x0, 0x0, 0xa, 0xe5, 0xdc, 0xdd,
    0xdd, 0xdf, 0xd2, 0xdd, 0xff, 0xff, 0xff, 0xff,
    0xf7, 0x44, 0x44, 0x44, 0x44, 0x20,

    /* U+0E37 "ื" */
    0x0, 0x1, 0x88, 0x7, 0x83, 0x0, 0x3, 0xff,
    0xf, 0xf6, 0x11, 0x14, 0xff, 0x2f, 0xf5, 0xff,
    0xff, 0xff, 0xff, 0xf2, 0xff, 0xff, 0xff, 0xfe,
    0x60,

    /* U+0E38 "ุ" */
    0x12, 0x10, 0xa, 0xff, 0xc0, 0xaf, 0xff, 0x50,
    0xe, 0xf6, 0x0, 0xef, 0x60, 0xe, 0xf6,

    /* U+0E39 "ู" */
    0x2f, 0xf9, 0xb, 0xf6, 0x2f, 0xff, 0x1b, 0xf6,
    0x0, 0xff, 0x2b, 0xf6, 0x0, 0xef, 0xbe, 0xf5,
    0x0, 0x7f, 0xff, 0xc0,

    /* U+0E3A "ฺ" */
    0x6, 0x50, 0x9f, 0xf9, 0xbf, 0xfb, 0x5e, 0xe5,

    /* U+0E3F "฿" */
    0x0, 0x0, 0xd, 0xf4, 0x0, 0x0, 0x0, 0x0,
    0x0, 0xdf, 0x40, 0x0, 0x0, 0x15, 0x55, 0x5e,
    0xf8, 0x52, 0x0, 0x3, 0xff, 0xff, 0xff, 0xff,
    0xf9, 0x0, 0x3f, 0xff, 0xff, 0xff, 0xff, 0xf6,
    0x3, 0xff, 0x80, 0xbf, 0x25, 0xff, 0xc0, 0x3f,
    0xf8, 0xb, 0xf2, 0xf, 0xfd, 0x3, 0xff, 0x80,
    0xbf, 0x20, 0xff, 0xb0, 0x3f, 0xf9, 0x3c, 0xf5,
    0x8f, 0xf4, 0x3, 0xff, 0xff, 0xff, 0xff, 0xc2,
    0x0, 0x3f, 0xff, 0xff, 0xff, 0xff, 0xf6, 0x3,
    0xff, 0x80, 0xbf, 0x21, 0xcf, 0xf2, 0x3f, 0xf8,
    0xb, 0xf2, 0x6, 0xff, 0x63, 0xff, 0x80, 0xbf,
    0x20, 0x7f, 0xf6, 0x3f, 0xfb, 0x5c, 0xf7, 0x7e,
    0xff, 0x23, 0xff, 0xff, 0xff, 0xff, 0xff, 0x80,
    0x3f, 0xff, 0xff, 0xff, 0xfe, 0x70, 0x0, 0x0,
    0x0, 0xdf, 0x40, 0x0, 0x0, 0x0, 0x0, 0xd,
    0xf4, 0x0, 0x0, 0x0, 0x0, 0x0, 0x68, 0x20,
    0x0, 0x0,

    /* U+0E40 "เ" */
    0x3f, 0xf9, 0x0, 0x3f, 0xf9, 0x0, 0x3f, 0xf9,
    0x0, 0x3f, 0xf9, 0x0, 0x3f, 0xf9, 0x0, 0x3f,
    0xf9, 0x0, 0x3f, 0xf9, 0x0, 0x3f, 0xf9, 0x0,
    0x3f, 0xf9, 0x0, 0x3f, 0xf9, 0x0, 0x2f, 0xfb,
    0x63, 0xe, 0xff, 0xf9, 0x4, 0xdf, 0xf9,

    /* U+0E41 "แ" */
    0x3f, 0xf9, 0x0, 0xd, 0xff, 0x0, 0x3f, 0xf9,
    0x0, 0xd, 0xff, 0x0, 0x3f, 0xf9, 0x0, 0xd,
    0xff, 0x0, 0x3f, 0xf9, 0x0, 0xd, 0xff, 0x0,
    0x3f, 0xf9, 0x0, 0xd, 0xff, 0x0, 0x3f, 0xf9,
    0x0, 0xd, 0xff, 0x0, 0x3f, 0xf9, 0x0, 0xd,
    0xff, 0x0, 0x3f, 0xf9, 0x0, 0xd, 0xff, 0x0,
    0x3f, 0xf9, 0x0, 0xd, 0xff, 0x0, 0x3f, 0xf9,
    0x0, 0xd, 0xff, 0x0, 0x2f, 0xfb, 0x63, 0xc,
    0xff, 0x65, 0xe, 0xff, 0xf9, 0x9, 0xff, 0xff,
    0x4, 0xdf, 0xf9, 0x1, 0xbf, 0xff,

    /* U+0E42 "โ" */
    0xf, 0xff, 0xff, 0xff, 0xfa, 0xf, 0xff, 0xff,
    0xff, 0xfa, 0x9, 0xfe, 0x75, 0x55, 0x53, 0x0,
    0x4f, 0xf3, 0x0, 0x0, 0x0, 0xb, 0xfc, 0x0,
    0x0, 0x0, 0x7, 0xff, 0x10, 0x0, 0x0, 0x6,
    0xff, 0x40, 0x0, 0x0, 0x6, 0xff, 0x50, 0x0,
    0x0, 0x6, 0xff, 0x60, 0x0, 0x0, 0x6, 0xff,
    0x60, 0x0, 0x0, 0x6, 0xff, 0x60, 0x0, 0x0,
    0x6, 0xff, 0x60, 0x0, 0x0, 0x6, 0xff, 0x60,
    0x0, 0x0, 0x6, 0xff, 0x60, 0x0, 0x0, 0x6,
    0xff, 0x60, 0x0, 0x0, 0x6, 0xff, 0x60, 0x0,
    0x0, 0x6, 0xff, 0x60, 0x0, 0x0, 0x6, 0xff,
    0x96, 0x30, 0x0, 0x2, 0xff, 0xff, 0x80, 0x0,
    0x0, 0x6e, 0xff, 0x80,

    /* U+0E43 "ใ" */
    0x0, 0x4, 0x77, 0x50, 0x0, 0x1, 0xcf, 0xff,
    0xfe, 0x20, 0xd, 0xff, 0xdd, 0xff, 0xd0, 0x2f,
    0xf9, 0x0, 0xaf, 0xf2, 0x1, 0x71, 0x0, 0x7f,
    0xf3, 0x0, 0x0, 0x0, 0xbf, 0xf1, 0x0, 0x2,
    0x7c, 0xff, 0x90, 0x0, 0x6, 0xff, 0xf8, 0x0,
    0x0, 0x6, 0xff, 0x50, 0x0, 0x0, 0x6, 0xff,
    0x50, 0x0, 0x0, 0x6, 0xff, 0x50, 0x0, 0x0,
    0x6, 0xff, 0x50, 0x0, 0x0, 0x6, 0xff, 0x50,
    0x0, 0x0, 0x6, 0xff, 0x50, 0x0, 0x0, 0x6,
    0xff, 0x50, 0x0, 0x0, 0x6, 0xff, 0x50, 0x0,
    0x0, 0x6, 0xff, 0x50, 0x0, 0x0, 0x6, 0xff,
    0x50, 0x0, 0x0, 0x6, 0xff, 0x96, 0x20, 0x0,
    0x3, 0xff, 0xff, 0x70, 0x0, 0x0, 0x7e, 0xff,
    0x70,

    /* U+0E44 "ไ" */
    0x4f, 0xff, 0xff, 0xff, 0x54, 0xff, 0xff, 0xff,
    0xf5, 0x16, 0x66, 0x8e, 0xf9, 0x20, 0x0, 0x3f,
    0xf4, 0x0, 0x0, 0xe, 0xf9, 0x0, 0x0, 0x4,
    0xff, 0x40, 0x0, 0x0, 0x8f, 0xf2, 0x0, 0x0,
    0x9, 0xff, 0x20, 0x0, 0x0, 0xaf, 0xf2, 0x0,
    0x0, 0xa, 0xff, 0x20, 0x0, 0x0, 0xaf, 0xf2,
    0x0, 0x0, 0xa, 0xff, 0x20, 0x0, 0x0, 0xaf,
    0xf2, 0x0, 0x0, 0xa, 0xff, 0x20, 0x0, 0x0,
    0xaf, 0xf2, 0x0, 0x0, 0xa, 0xff, 0x20, 0x0,
    0x0, 0xaf, 0xf2, 0x0, 0x0, 0x9, 0xff, 0x76,
    0x10, 0x0, 0x6f, 0xff, 0xf4, 0x0, 0x0, 0x9f,
    0xff, 0x40,

    /* U+0E45 "ๅ" */
    0x2, 0x9e, 0xff, 0xc5, 0x0, 0x3f, 0xff, 0xff,
    0xff, 0x70, 0xaf, 0xfb, 0x7a, 0xff, 0xf1, 0xa,
    0x70, 0x0, 0xaf, 0xf5, 0x0, 0x0, 0x0, 0x6f,
    0xf6, 0x0, 0x0, 0x0, 0x6f, 0xf6, 0x0, 0x0,
    0x0, 0x6f, 0xf6, 0x0, 0x0, 0x0, 0x6f, 0xf6,
    0x0, 0x0, 0x0, 0x6f, 0xf6, 0x0, 0x0, 0x0,
    0x6f, 0xf6, 0x0, 0x0, 0x0, 0x6f, 0xf6, 0x0,
    0x0, 0x0, 0x6f, 0xf6, 0x0, 0x0, 0x0, 0x6f,
    0xf6, 0x0, 0x0, 0x0, 0x6f, 0xf6, 0x0, 0x0,
    0x0, 0x6f, 0xf6, 0x0, 0x0, 0x0, 0x6f, 0xf6,
    0x0, 0x0, 0x0, 0x6f, 0xf6, 0x0, 0x0, 0x0,
    0x6f, 0xf6,

    /* U+0E46 "ๆ" */
    0x0, 0x8e, 0xe3, 0xde, 0xa1, 0x0, 0x9f, 0xff,
    0xff, 0xff, 0xd0, 0xf, 0xfa, 0x6f, 0x6b, 0xff,
    0x32, 0xff, 0x50, 0x20, 0x7f, 0xf5, 0x2f, 0xf6,
    0x0, 0x7, 0xff, 0x51, 0xff, 0xd5, 0x20, 0x7f,
    0xf5, 0xa, 0xff, 0xf8, 0x7, 0xff, 0x50, 0x9,
    0xef, 0x80, 0x7f, 0xf5, 0x0, 0x0, 0x0, 0x7,
    0xff, 0x50, 0x0, 0x0, 0x0, 0x7f, 0xf5, 0x0,
    0x0, 0x0, 0x7, 0xff, 0x50, 0x0, 0x0, 0x0,
    0x7f, 0xf5, 0x0, 0x0, 0x0, 0x7, 0xff, 0x50,
    0x0, 0x0, 0x0, 0x7f, 0xf5, 0x0, 0x0, 0x0,
    0x7, 0xff, 0x50, 0x0, 0x0, 0x0, 0x4a, 0xa3,

    /* U+0E47 "็" */
    0x0, 0x79, 0x99, 0x99, 0x20, 0xcf, 0xff, 0xff,
    0xf4, 0x1f, 0xc1, 0x40, 0x23, 0x1, 0xfc, 0x8f,
    0x6b, 0xf0, 0x9, 0xff, 0x9c, 0xfc, 0x0, 0x2,
    0x30, 0x4, 0x0,

    /* U+0E48 "่" */
    0x26, 0x61, 0x6f, 0xf3, 0x6f, 0xf3, 0x6f, 0xf3,
    0x6f, 0xf3,

    /* U+0E49 "้" */
    0x2, 0x20, 0x0, 0x0, 0x2, 0xff, 0xf4, 0x0,
    0x0, 0x2e, 0xff, 0xb1, 0x11, 0x0, 0x7, 0xff,
    0xff, 0xf3, 0x0, 0x7f, 0xff, 0xff, 0x30,

    /* U+0E4A "๊" */
    0x0, 0x0, 0x0, 0x0, 0x2, 0xce, 0x5a, 0xe5,
    0x0, 0xbf, 0xff, 0xff, 0xf0, 0xe, 0xf1, 0x51,
    0xbf, 0x20, 0xbf, 0xc9, 0xb, 0xfd, 0x82, 0xcf,
    0xf0, 0xbf, 0xf9,

    /* U+0E4B "๋" */
    0x1, 0x88, 0x0, 0x2, 0xff, 0x10, 0xbe, 0xff,
    0xea, 0xcf, 0xff, 0xfb, 0x2, 0xff, 0x10, 0x1,
    0x88, 0x0,

    /* U+0E4C "์" */
    0x0, 0x1, 0x11, 0x0, 0x3d, 0xff, 0xf3, 0xc,
    0xff, 0xff, 0x30, 0xff, 0x60, 0x0, 0xf, 0xf6,
    0x0, 0x0,

    /* U+0E4D "ํ" */
    0x0, 0x0, 0x0, 0x1c, 0xff, 0xa0, 0x7f, 0x58,
    0xf3, 0x7f, 0x36, 0xf3, 0x2e, 0xff, 0xc0, 0x0,
    0x33, 0x0,

    /* U+0E4E "๎" */
    0x0, 0x2d, 0xff, 0x10, 0x29, 0xfd, 0xc1, 0x7f,
    0xff, 0x50, 0xb, 0xfc, 0x92, 0x0, 0xbf, 0x70,
    0x0, 0x0,

    /* U+0E4F "๏" */
    0x0, 0x4b, 0xff, 0xd7, 0x0, 0x0, 0x7f, 0xff,
    0xff, 0xfb, 0x0, 0x3f, 0xf5, 0x0, 0x3d, 0xf8,
    0xa, 0xf8, 0x4e, 0xf7, 0x3f, 0xf0, 0xef, 0x4b,
    0xff, 0xf0, 0xff, 0x3f, 0xf4, 0xcf, 0xff, 0x1f,
    0xf4, 0xef, 0x4a, 0xff, 0xf0, 0xff, 0x3a, 0xf8,
    0x1a, 0xb4, 0x3f, 0xf0, 0x3f, 0xf6, 0x0, 0x3d,
    0xf8, 0x0, 0x7f, 0xff, 0xff, 0xfb, 0x0, 0x0,
    0x4b, 0xff, 0xd7, 0x0, 0x0,

    /* U+0E50 "๐" */
    0x0, 0x5, 0xcf, 0xfd, 0x80, 0x0, 0x0, 0x8f,
    0xff, 0xff, 0xfd, 0x10, 0x4, 0xff, 0xd5, 0x4a,
    0xff, 0xa0, 0xb, 0xff, 0x10, 0x0, 0xbf, 0xf1,
    0xf, 0xfc, 0x0, 0x0, 0x6f, 0xf5, 0x1f, 0xfc,
    0x0, 0x0, 0x6f, 0xf7, 0x1f, 0xfc, 0x0, 0x0,
    0x6f, 0xf7, 0xf, 0xfc, 0x0, 0x0, 0x6f, 0xf5,
    0xb, 0xff, 0x10, 0x0, 0xbf, 0xf1, 0x4, 0xff,
    0xd5, 0x4a, 0xff, 0xa0, 0x0, 0x8f, 0xff, 0xff,
    0xfd, 0x10, 0x0, 0x5, 0xcf, 0xfd, 0x80, 0x0,

    /* U+0E51 "๑" */
    0x0, 0x0, 0x24, 0x31, 0x0, 0x0, 0x5, 0xdf,
    0xff, 0xfa, 0x10, 0x6, 0xff, 0xff, 0xff, 0xfd,
    0x0, 0xef, 0xe4, 0x1, 0xaf, 0xf7, 0x3f, 0xf7,
    0x0, 0x0, 0xff, 0xc3, 0xff, 0x60, 0x0, 0xd,
    0xfe, 0x1f, 0xfc, 0x10, 0x0, 0xdf, 0xe0, 0xaf,
    0xff, 0xc0, 0xf, 0xfc, 0x0, 0xaf, 0xfc, 0x4,
    0xff, 0x80, 0x0, 0x3, 0x20, 0xcf, 0xf2, 0x0,
    0x0, 0x0, 0x8f, 0xf8, 0x0, 0x0, 0x0, 0x7f,
    0xfc, 0x0, 0x0, 0x0, 0xaf, 0xfb, 0x0, 0x0,

    /* U+0E52 "๒" */
    0x7f, 0xf2, 0x0, 0x0, 0x0, 0x0, 0x0, 0x7f,
    0xf2, 0x0, 0x0, 0x0, 0x0, 0x0, 0x7f, 0xf2,
    0x2, 0xbf, 0x65, 0xfc, 0x30, 0x7f, 0xf2, 0xd,
    0xff, 0xff, 0xff, 0xf1, 0x7f, 0xf2, 0x2f, 0xf6,
    0xcc, 0x5f, 0xf6, 0x7f, 0xf2, 0x4f, 0xf0, 0x1,
    0xf, 0xf9, 0x7f, 0xf2, 0x4f, 0xf0, 0x0, 0xf,
    0xf9, 0x7f, 0xf2, 0x4f, 0xf3, 0x20, 0xf, 0xf9,
    0x7f, 0xf2, 0xf, 0xff, 0xe0, 0xf, 0xf9, 0x7f,
    0xf2, 0x4, 0xdf, 0xe0, 0x1f, 0xf9, 0x5f, 0xf5,
    0x0, 0x0, 0x0, 0x4f, 0xf6, 0x1f, 0xfe, 0x64,
    0x44, 0x46, 0xef, 0xf2, 0x8, 0xff, 0xff, 0xff,
    0xff, 0xff, 0x80, 0x0, 0x5c, 0xff, 0xff, 0xfe,
    0xb5, 0x0,

    /* U+0E53 "๓" */
    0x2, 0xbf, 0xfd, 0x70, 0x3d, 0xfd, 0x40, 0x1e,
    0xff, 0xff, 0xf8, 0xef, 0xff, 0xf0, 0x6f, 0xf9,
    0x4c, 0xff, 0x94, 0xcf, 0xf3, 0x8f, 0xf1, 0x5,
    0xff, 0x0, 0x6f, 0xf4, 0x9f, 0xf0, 0x5, 0xff,
    0x0, 0x5f, 0xf4, 0x9f, 0xf0, 0x5, 0xff, 0x0,
    0x5f, 0xf4, 0x9f, 0xf0, 0x5, 0xff, 0x0, 0x5f,
    0xf4, 0x9f, 0xf0, 0x5, 0xff, 0x0, 0x5f, 0xf4,
    0x9f, 0xf0, 0x5, 0xff, 0x0, 0x5f, 0xf4, 0x9f,
    0xf4, 0x10, 0x11, 0x0, 0x5f, 0xf4, 0x5f, 0xff,
    0x80, 0x0, 0x0, 0x5f, 0xf4, 0x9, 0xef, 0x80,
    0x0, 0x0, 0x5f, 0xf4,

    /* U+0E54 "๔" */
    0x0, 0x0, 0x0, 0x0, 0x9, 0xff, 0x0, 0x0,
    0x0, 0x0, 0x9, 0xff, 0x0, 0x0, 0x13, 0x44,
    0x4a, 0xff, 0x0, 0x1a, 0xff, 0xff, 0xff, 0xfb,
    0x0, 0xdf, 0xff, 0xff, 0xff, 0xb2, 0x8, 0xff,
    0x91, 0x0, 0x0, 0x0, 0xe, 0xfe, 0x0, 0x0,
    0x22, 0x10, 0x1f, 0xfc, 0x0, 0x7f, 0xff, 0x90,
    0x1f, 0xfc, 0x0, 0xff, 0xff, 0x90, 0xf, 0xfc,
    0x0, 0xff, 0x80, 0x0, 0xd, 0xff, 0x10, 0xaf,
    0xb0, 0x0, 0x6, 0xff, 0xc5, 0x49, 0xf9, 0x42,
    0x0, 0xaf, 0xff, 0xff, 0xff, 0xf8, 0x0, 0x6,
    0xcf, 0xff, 0xff, 0xf8,

    /* U+0E55 "๕" */
    0x0, 0x0, 0x0, 0x0, 0x0, 0x0, 0x0, 0x0,
    0x7e, 0xfd, 0x26, 0xff, 0x0, 0x0, 0xfa, 0x4f,
    0xa6, 0xff, 0x0, 0x9, 0xfe, 0xaf, 0xff, 0xfd,
    0x0, 0xbf, 0xff, 0xff, 0xff, 0xd3, 0x6, 0xff,
    0xb3, 0x21, 0x10, 0x0, 0xc, 0xff, 0x0, 0x0,
    0x0, 0x0, 0xf, 0xfc, 0x0, 0x0, 0x22, 0x10,
    0x1f, 0xfc, 0x0, 0x7f, 0xff, 0x90, 0x1f, 0xfc,
    0x0, 0xff, 0xff, 0x90, 0xf, 0xfd, 0x0, 0xff,
    0x80, 0x0, 0xb, 0xff, 0x10, 0xaf, 0xb0, 0x0,
    0x4, 0xff, 0xd5, 0x49, 0xf9, 0x42, 0x0, 0x9f,
    0xff, 0xff, 0xff, 0xf8, 0x0, 0x5, 0xcf, 0xff,
    0xff, 0xf8,

    /* U+0E56 "๖" */
    0x5c, 0xb0, 0x0, 0x0, 0x0, 0x0, 0x4f, 0xf2,
    0x0, 0x0, 0x0, 0x0, 0x1f, 0xf5, 0x0, 0x0,
    0x0, 0x0, 0xe, 0xf7, 0x2b, 0xff, 0xb3, 0x0,
    0xb, 0xfa, 0xdf, 0xff, 0xff, 0x30, 0x8, 0xff,
    0x95, 0x4a, 0xff, 0xc0, 0x0, 0x0, 0x0, 0x0,
    0xcf, 0xf1, 0x0, 0x0, 0x0, 0x0, 0x8f, 0xf5,
    0x0, 0x2, 0x21, 0x0, 0x7f, 0xf6, 0x3, 0xef,
    0xf8, 0x0, 0x7f, 0xf6, 0xb, 0xff, 0xf8, 0x0,
    0x8f, 0xf4, 0xb, 0xfd, 0x0, 0x0, 0xcf, 0xf1,
    0x7, 0xff, 0xa5, 0x4a, 0xff, 0x90, 0x0, 0xcf,
    0xff, 0xff, 0xfc, 0x0, 0x0, 0x7, 0xdf, 0xfd,
    0x70, 0x0,

    /* U+0E57 "๗" */
    0x0, 0x0, 0x0, 0x0, 0x0, 0x0, 0x0, 0xbf,
    0xc0, 0x0, 0x0, 0x0, 0x0, 0x0, 0x0, 0xb,
    0xfc, 0x3, 0xcf, 0xfb, 0x20, 0x9f, 0xe4, 0x0,
    0xbf, 0xc1, 0xef, 0xff, 0xfe, 0x7f, 0xff, 0xf0,
    0xb, 0xfc, 0x6f, 0xf7, 0x6f, 0xfd, 0x4b, 0xff,
    0x30, 0xbf, 0xc8, 0xff, 0x0, 0xdf, 0x80, 0x4f,
    0xf4, 0xb, 0xfc, 0x9f, 0xf0, 0xc, 0xf7, 0x4,
    0xff, 0x40, 0xbf, 0xc9, 0xff, 0x0, 0xcf, 0x70,
    0x4f, 0xf4, 0xb, 0xfc, 0x9f, 0xf0, 0xc, 0xf7,
    0x4, 0xff, 0x40, 0xbf, 0xc9, 0xff, 0x0, 0xcf,
    0x70, 0x4f, 0xf4, 0xc, 0xfc, 0x9f, 0xf0, 0x2,
    0x31, 0x4, 0xff, 0x40, 0xef, 0xb9, 0xff, 0x42,
    0x0, 0x0, 0x4f, 0xf8, 0xaf, 0xf7, 0x5f, 0xff,
    0x80, 0x0, 0x4, 0xff, 0xff, 0xfd, 0x0, 0x9e,
    0xf8, 0x0, 0x0, 0x4f, 0xff, 0xd8, 0x10,

    /* U+0E58 "๘" */
    0x0, 0x0, 0x0, 0x0, 0x3, 0x88, 0x10, 0x0,
    0x0, 0x0, 0x0, 0x6f, 0xf2, 0x0, 0x0, 0x0,
    0x0, 0x6, 0xff, 0x20, 0x0, 0x4b, 0xff, 0xff,
    0xff, 0xf0, 0x0, 0x7f, 0xff, 0xff, 0xff, 0xf7,
    0x0, 0x3f, 0xfc, 0x54, 0x44, 0x41, 0x0, 0xa,
    0xff, 0x10, 0x0, 0x0, 0x0, 0x0, 0xff, 0xb0,
    0x0, 0x0, 0x0, 0x0, 0xf, 0xfa, 0x0, 0x0,
    0xd, 0xfc, 0x21, 0xff, 0xa0, 0x5, 0x50, 0xdf,
    0xfa, 0xf, 0xfa, 0x4, 0xff, 0x11, 0x7f, 0xd0,
    0xdf, 0xd0, 0x9f, 0xf3, 0x6, 0xfe, 0x8, 0xff,
    0x7d, 0xfa, 0xc4, 0xcf, 0xc0, 0x1e, 0xff, 0xfe,
    0x2f, 0xff, 0xf7, 0x0, 0x2b, 0xfe, 0x40, 0x5e,
    0xfa, 0x0,

    /* U+0E59 "๙" */
    0x0, 0x0, 0x0, 0x0, 0x0, 0xd, 0xf7, 0x0,
    0x0, 0x0, 0x0, 0x0, 0xd, 0xf7, 0x7, 0xef,
    0xb2, 0x2e, 0xe2, 0xd, 0xf7, 0x4f, 0xff, 0xfd,
    0x9f, 0xfb, 0xd, 0xf7, 0x9f, 0xf6, 0xdf, 0xd6,
    0xff, 0x3e, 0xf5, 0xbf, 0xd0, 0x6f, 0xd0, 0xaf,
    0xff, 0xf1, 0xbf, 0xd0, 0xf, 0xf4, 0x2f, 0xff,
    0x50, 0xbf, 0xd0, 0x9, 0xfa, 0x3, 0x30, 0x0,
    0xbf, 0xd0, 0x3, 0xff, 0x10, 0x0, 0x0, 0xbf,
    0xd0, 0x0, 0xdf, 0x70, 0x0, 0x0, 0xbf, 0xd0,
    0x0, 0x6f, 0xd0, 0x0, 0x0, 0xaf, 0xe3, 0x10,
    0x1f, 0xf4, 0x0, 0x0, 0x7f, 0xff, 0x70, 0xa,
    0xfa, 0x0, 0x0, 0xa, 0xff, 0x70, 0x3, 0xff,
    0x10, 0x0,

    /* U+0E5A "๚" */
    0x0, 0x8e, 0xff, 0x63, 0xff, 0x80, 0xf, 0xfb,
    0xb, 0xff, 0xff, 0x63, 0xff, 0x80, 0xf, 0xfb,
    0x4f, 0xfd, 0x54, 0x14, 0xff, 0x80, 0xf, 0xfb,
    0x7f, 0xf4, 0x0, 0x6, 0xff, 0x80, 0x2f, 0xfb,
    0x8f, 0xf4, 0x0, 0xb, 0xff, 0x80, 0x8f, 0xfb,
    0x5f, 0xfd, 0x43, 0x9e, 0xff, 0x97, 0xdf, 0xfb,
    0xd, 0xff, 0xff, 0xf6, 0xff, 0xff, 0x5f, 0xfb,
    0x2, 0xcf, 0xfd, 0x33, 0xff, 0xe6, 0xf, 0xfb,
    0x0, 0x0, 0x10, 0x3, 0xff, 0x80, 0xf, 0xfb,
    0x0, 0x0, 0x0, 0x3, 0xff, 0x80, 0xf, 0xfb,
    0x0, 0x0, 0x0, 0x3, 0xff, 0x80, 0xf, 0xfb,
    0x0, 0x0, 0x0, 0x3, 0xff, 0x80, 0xf, 0xfb,
    0x0, 0x0, 0x0, 0x3, 0xff, 0x80, 0xf, 0xfb,

    /* U+0E5B "๛" */
    0x0, 0x6d, 0xff, 0x20, 0x0, 0x0, 0x0, 0x0,
    0x0, 0x8, 0xff, 0xff, 0x22, 0xff, 0x60, 0xff,
    0x70, 0x0, 0x1f, 0xff, 0x52, 0x6, 0xff, 0xb4,
    0xff, 0xe0, 0x0, 0x4f, 0xf9, 0x0, 0xb, 0xfd,
    0xf9, 0xfd, 0xf6, 0x0, 0x4f, 0xf9, 0x0, 0x2f,
    0xc9, 0xff, 0xf4, 0xff, 0xf6, 0x1f, 0xff, 0x65,
    0xdf, 0x65, 0xff, 0xd0, 0x9f, 0xf6, 0x9, 0xff,
    0xff, 0xfc, 0x2, 0xff, 0xa0, 0x0, 0x10, 0x0,
    0x7d, 0xfe, 0x80, 0x0, 0x0, 0x0, 0x0, 0x0,

    /* U+2013 "–" */
    0x16, 0x66, 0x66, 0x66, 0x66, 0x66, 0x3, 0xff,
    0xff, 0xff, 0xff, 0xff, 0xf2, 0x3f, 0xff, 0xff,
    0xff, 0xff, 0xff, 0x20,

    /* U+2014 "—" */
    0x16, 0x66, 0x66, 0x66, 0x66, 0x66, 0x66, 0x66,
    0x23, 0xff, 0xff, 0xff, 0xff, 0xff, 0xff, 0xff,
    0xf6, 0x3f, 0xff, 0xff, 0xff, 0xff, 0xff, 0xff,
    0xff, 0x60,

    /* U+2026 "…" */
    0x8, 0xa4, 0x0, 0x6, 0xa6, 0x0, 0x3, 0xa8,
    0x5, 0xff, 0xe0, 0x2, 0xff, 0xf2, 0x0, 0xef,
    0xf6, 0x6f, 0xff, 0x0, 0x3f, 0xff, 0x30, 0xf,
    0xff, 0x71, 0xdf, 0x80, 0x0, 0xbf, 0xb0, 0x0,
    0x8f, 0xd2,

    /* U+2192 "→" */
    0x0, 0x0, 0x0, 0x0, 0x0, 0x2a, 0x0, 0x0,
    0x0, 0x0, 0x0, 0x0, 0x0, 0xd, 0xfb, 0x0,
    0x0, 0x0, 0x0, 0x0, 0x0, 0x0, 0x4f, 0xfb,
    0x0, 0x0, 0x0, 0x0, 0x0, 0x0, 0x0, 0x4f,
    0xfb, 0x0, 0x3f, 0xff, 0xff, 0xff, 0xff, 0xff,
    0xff, 0xfc, 0x3, 0xff, 0xff, 0xff, 0xff, 0xff,
    0xff, 0xff, 0xe2, 0x4, 0x44, 0x44, 0x44, 0x44,
    0x45, 0xef, 0xe2, 0x0, 0x0, 0x0, 0x0, 0x0,
    0x2, 0xef, 0xe2, 0x0, 0x0, 0x0, 0x0, 0x0,
    0x0, 0xdf, 0xe2, 0x0, 0x0, 0x0, 0x0, 0x0,
    0x0, 0x4, 0xd2, 0x0, 0x0, 0x0, 0x0, 0x0,
    0x0, 0x0, 0x0, 0x0, 0x0, 0x0,

    /* U+F70A "" */
    0x36, 0x60, 0x9f, 0xf1, 0x9f, 0xf1, 0x9f, 0xf1,
    0x8f, 0xf1,

    /* U+F70B "" */
    0x77, 0x50, 0x0, 0x0, 0xff, 0xf9, 0x0, 0x0,
    0xac, 0xfe, 0x22, 0x20, 0x5, 0xff, 0xff, 0xf5,
    0x5, 0xff, 0xff, 0xf5,

    /* U+F70C "" */
    0x1b, 0xd4, 0x9d, 0x40, 0xb, 0xfe, 0xfe, 0xff,
    0x0, 0xef, 0x24, 0x1b, 0xf2, 0xb, 0xfd, 0xb0,
    0xbf, 0xf9, 0x19, 0xdd, 0x9, 0xfd, 0x80,

    /* U+F70D "" */
    0x0, 0x33, 0x0, 0x2, 0xff, 0x10, 0x8c, 0xff,
    0xc8, 0xcf, 0xff, 0xfc, 0x24, 0xff, 0x42, 0x1,
    0xbb, 0x10,

    /* U+F70E "" */
    0x0, 0x1, 0x22, 0x0, 0x3e, 0xff, 0xf4, 0xd,
    0xff, 0xff, 0x30, 0xff, 0x60, 0x0, 0xc, 0xc5,
    0x0, 0x0
};


/*---------------------
 *  GLYPH DESCRIPTION
 *--------------------*/

static const lv_font_fmt_txt_glyph_dsc_t glyph_dsc[] = {
    {.bitmap_index = 0, .adv_w = 0, .box_w = 0, .box_h = 0, .ofs_x = 0, .ofs_y = 0} /* id = 0 reserved */,
    {.bitmap_index = 0, .adv_w = 83, .box_w = 0, .box_h = 0, .ofs_x = 0, .ofs_y = 0},
    {.bitmap_index = 0, .adv_w = 108, .box_w = 5, .box_h = 16, .ofs_x = 1, .ofs_y = 0},
    {.bitmap_index = 40, .adv_w = 165, .box_w = 8, .box_h = 7, .ofs_x = 1, .ofs_y = 10},
    {.bitmap_index = 68, .adv_w = 232, .box_w = 14, .box_h = 16, .ofs_x = 0, .ofs_y = 0},
    {.bitmap_index = 180, .adv_w = 211, .box_w = 13, .box_h = 20, .ofs_x = 0, .ofs_y = -2},
    {.bitmap_index = 310, .adv_w = 337, .box_w = 19, .box_h = 16, .ofs_x = 1, .ofs_y = 0},
    {.bitmap_index = 462, .adv_w = 251, .box_w = 15, .box_h = 16, .ofs_x = 1, .ofs_y = 0},
    {.bitmap_index = 582, .adv_w = 91, .box_w = 4, .box_h = 7, .ofs_x = 1, .ofs_y = 10},
    {.bitmap_index = 596, .adv_w = 119, .box_w = 7, .box_h = 21, .ofs_x = 1, .ofs_y = -4},
    {.bitmap_index = 670, .adv_w = 119, .box_w = 8, .box_h = 21, .ofs_x = -1, .ofs_y = -4},
    {.bitmap_index = 754, .adv_w = 194, .box_w = 12, .box_h = 11, .ofs_x = 0, .ofs_y = 6},
    {.bitmap_index = 820, .adv_w = 211, .box_w = 11, .box_h = 11, .ofs_x = 1, .ofs_y = 1},
    {.bitmap_index = 881, .adv_w = 105, .box_w = 6, .box_h = 7, .ofs_x = 0, .ofs_y = -3},
    {.bitmap_index = 902, .adv_w = 142, .box_w = 7, .box_h = 3, .ofs_x = 1, .ofs_y = 5},
    {.bitmap_index = 913, .adv_w = 105, .box_w = 5, .box_h = 4, .ofs_x = 1, .ofs_y = 0},
    {.bitmap_index = 923, .adv_w = 153, .box_w = 9, .box_h = 20, .ofs_x = 0, .ofs_y = -3},
    {.bitmap_index = 1013, .adv_w = 211, .box_w = 13, .box_h = 16, .ofs_x = 0, .ofs_y = 0},
    {.bitmap_index = 1117, .adv_w = 211, .box_w = 13, .box_h = 16, .ofs_x = 0, .ofs_y = 0},
    {.bitmap_index = 1221, .adv_w = 211, .box_w = 11, .box_h = 16, .ofs_x = 1, .ofs_y = 0},
    {.bitmap_index = 1309, .adv_w = 211, .box_w = 12, .box_h = 16, .ofs_x = 0, .ofs_y = 0},
    {.bitmap_index = 1405, .adv_w = 211, .box_w = 13, .box_h = 16, .ofs_x = 0, .ofs_y = 0},
    {.bitmap_index = 1509, .adv_w = 211, .box_w = 12, .box_h = 16, .ofs_x = 1, .ofs_y = 0},
    {.bitmap_index = 1605, .adv_w = 211, .box_w = 12, .box_h = 16, .ofs_x = 1, .ofs_y = 0},
    {.bitmap_index = 1701, .adv_w = 211, .box_w = 11, .box_h = 16, .ofs_x = 1, .ofs_y = 0},
    {.bitmap_index = 1789, .adv_w = 211, .box_w = 12, .box_h = 16, .ofs_x = 1, .ofs_y = 0},
    {.bitmap_index = 1885, .adv_w = 211, .box_w = 13, .box_h = 16, .ofs_x = 0, .ofs_y = 0},
    {.bitmap_index = 1989, .adv_w = 112, .box_w = 5, .box_h = 12, .ofs_x = 1, .ofs_y = 0},
    {.bitmap_index = 2019, .adv_w = 112, .box_w = 5, .box_h = 15, .ofs_x = 1, .ofs_y = -3},
    {.bitmap_index = 2057, .adv_w = 211, .box_w = 10, .box_h = 15, .ofs_x = 2, .ofs_y = -1},
    {.bitmap_index = 2132, .adv_w = 211, .box_w = 11, .box_h = 8, .ofs_x = 1, .ofs_y = 3},
    {.bitmap_index = 2176, .adv_w = 211, .box_w = 10, .box_h = 15, .ofs_x = 2, .ofs_y = -1},
    {.bitmap_index = 2251, .adv_w = 173, .box_w = 11, .box_h = 16, .ofs_x = 0, .ofs_y = 0},
    {.bitmap_index = 2339, .adv_w = 316, .box_w = 18, .box_h = 18, .ofs_x = 1, .ofs_y = -2},
    {.bitmap_index = 2501, .adv_w = 236, .box_w = 15, .box_h = 16, .ofs_x = 0, .ofs_y = 0},
    {.bitmap_index = 2621, .adv_w = 233, .box_w = 13, .box_h = 16, .ofs_x = 1, .ofs_y = 0},
    {.bitmap_index = 2725, .adv_w = 226, .box_w = 13, .box_h = 16, .ofs_x = 1, .ofs_y = 0},
    {.bitmap_index = 2829, .adv_w = 242, .box_w = 13, .box_h = 16, .ofs_x = 1, .ofs_y = 0},
    {.bitmap_index = 2933, .adv_w = 211, .box_w = 11, .box_h = 16, .ofs_x = 1, .ofs_y = 0},
    {.bitmap_index = 3021, .adv_w = 203, .box_w = 11, .box_h = 16, .ofs_x = 1, .ofs_y = 0},
    {.bitmap_index = 3109, .adv_w = 250, .box_w = 14, .box_h = 16, .ofs_x = 1, .ofs_y = 0},
    {.bitmap_index = 3221, .adv_w = 253, .box_w = 13, .box_h = 16, .ofs_x = 1, .ofs_y = 0},
    {.bitmap_index = 3325, .adv_w = 148, .box_w = 8, .box_h = 16, .ofs_x = 1, .ofs_y = 0},
    {.bitmap_index = 3389, .adv_w = 191, .box_w = 11, .box_h = 16, .ofs_x = 0, .ofs_y = 0},
    {.bitmap_index = 3477, .adv_w = 238, .box_w = 14, .box_h = 16, .ofs_x = 1, .ofs_y = 0},
    {.bitmap_index = 3589, .adv_w = 183, .box_w = 10, .box_h = 16, .ofs_x = 1, .ofs_y = 0},
    {.bitmap_index = 3669, .adv_w = 288, .box_w = 16, .box_h = 16, .ofs_x = 1, .ofs_y = 0},
    {.bitmap_index = 3797, .adv_w = 253, .box_w = 13, .box_h = 16, .ofs_x = 1, .ofs_y = 0},
    {.bitmap_index = 3901, .adv_w = 251, .box_w = 14, .box_h = 16, .ofs_x = 1, .ofs_y = 0},
    {.bitmap_index = 4013, .adv_w = 225, .box_w = 13, .box_h = 16, .ofs_x = 1, .ofs_y = 0},
    {.bitmap_index = 4117, .adv_w = 251, .box_w = 14, .box_h = 20, .ofs_x = 1, .ofs_y = -4},
    {.bitmap_index = 4257, .adv_w = 233, .box_w = 13, .box_h = 16, .ofs_x = 1, .ofs_y = 0},
    {.bitmap_index = 4361, .adv_w = 215, .box_w = 13, .box_h = 16, .ofs_x = 0, .ofs_y = 0},
    {.bitmap_index = 4465, .adv_w = 204, .box_w = 13, .box_h = 16, .ofs_x = 0, .ofs_y = 0},
    {.bitmap_index = 4569, .adv_w = 243, .box_w = 13, .box_h = 16, .ofs_x = 1, .ofs_y = 0},
    {.bitmap_index = 4673, .adv_w = 224, .box_w = 14, .box_h = 16, .ofs_x = 0, .ofs_y = 0},
    {.bitmap_index = 4785, .adv_w = 333, .box_w = 21, .box_h = 16, .ofs_x = 0, .ofs_y = 0},
    {.bitmap_index = 4953, .adv_w = 230, .box_w = 14, .box_h = 16, .ofs_x = 0, .ofs_y = 0},
    {.bitmap_index = 5065, .adv_w = 222, .box_w = 14, .box_h = 16, .ofs_x = 0, .ofs_y = 0},
    {.bitmap_index = 5177, .adv_w = 210, .box_w = 13, .box_h = 16, .ofs_x = 0, .ofs_y = 0},
    {.bitmap_index = 5281, .adv_w = 115, .box_w = 6, .box_h = 21, .ofs_x = 1, .ofs_y = -4},
    {.bitmap_index = 5344, .adv_w = 153, .box_w = 10, .box_h = 20, .ofs_x = 0, .ofs_y = -3},
    {.bitmap_index = 5444, .adv_w = 115, .box_w = 5, .box_h = 21, .ofs_x = 1, .ofs_y = -4},
    {.bitmap_index = 5497, .adv_w = 211, .box_w = 13, .box_h = 10, .ofs_x = 0, .ofs_y = 6},
    {.bitmap_index = 5562, .adv_w = 197, .box_w = 12, .box_h = 3, .ofs_x = 0, .ofs_y = -4},
    {.bitmap_index = 5580, .adv_w = 211, .box_w = 5, .box_h = 6, .ofs_x = 3, .ofs_y = 13},
    {.bitmap_index = 5595, .adv_w = 196, .box_w = 12, .box_h = 12, .ofs_x = 0, .ofs_y = 0},
    {.bitmap_index = 5667, .adv_w = 211, .box_w = 12, .box_h = 17, .ofs_x = 1, .ofs_y = 0},
    {.bitmap_index = 5769, .adv_w = 180, .box_w = 11, .box_h = 12, .ofs_x = 0, .ofs_y = 0},
    {.bitmap_index = 5835, .adv_w = 211, .box_w = 12, .box_h = 17, .ofs_x = 0, .ofs_y = 0},
    {.bitmap_index = 5937, .adv_w = 196, .box_w = 12, .box_h = 12, .ofs_x = 0, .ofs_y = 0},
    {.bitmap_index = 6009, .adv_w = 123, .box_w = 8, .box_h = 17, .ofs_x = 0, .ofs_y = 0},
    {.bitmap_index = 6077, .adv_w = 191, .box_w = 12, .box_h = 19, .ofs_x = 0, .ofs_y = -4},
    {.bitmap_index = 6191, .adv_w = 207, .box_w = 11, .box_h = 17, .ofs_x = 1, .ofs_y = 0},
    {.bitmap_index = 6285, .adv_w = 96, .box_w = 4, .box_h = 17, .ofs_x = 1, .ofs_y = 0},
    {.bitmap_index = 6319, .adv_w = 96, .box_w = 6, .box_h = 21, .ofs_x = -1, .ofs_y = -4},
    {.bitmap_index = 6382, .adv_w = 197, .box_w = 12, .box_h = 17, .ofs_x = 1, .ofs_y = 0},
    {.bitmap_index = 6484, .adv_w = 103, .box_w = 5, .box_h = 17, .ofs_x = 1, .ofs_y = 0},
    {.bitmap_index = 6527, .adv_w = 312, .box_w = 17, .box_h = 12, .ofs_x = 1, .ofs_y = 0},
    {.bitmap_index = 6629, .adv_w = 207, .box_w = 11, .box_h = 12, .ofs_x = 1, .ofs_y = 0},
    {.bitmap_index = 6695, .adv_w = 198, .box_w = 12, .box_h = 12, .ofs_x = 0, .ofs_y = 0},
    {.bitmap_index = 6767, .adv_w = 211, .box_w = 12, .box_h = 16, .ofs_x = 1, .ofs_y = -4},
    {.bitmap_index = 6863, .adv_w = 211, .box_w = 12, .box_h = 16, .ofs_x = 0, .ofs_y = -4},
    {.bitmap_index = 6959, .adv_w = 138, .box_w = 8, .box_h = 12, .ofs_x = 1, .ofs_y = 0},
    {.bitmap_index = 7007, .adv_w = 175, .box_w = 11, .box_h = 12, .ofs_x = 0, .ofs_y = 0},
    {.bitmap_index = 7073, .adv_w = 131, .box_w = 8, .box_h = 15, .ofs_x = 0, .ofs_y = 0},
    {.bitmap_index = 7133, .adv_w = 206, .box_w = 11, .box_h = 12, .ofs_x = 1, .ofs_y = 0},
    {.bitmap_index = 7199, .adv_w = 184, .box_w = 12, .box_h = 12, .ofs_x = 0, .ofs_y = 0},
    {.bitmap_index = 7271, .adv_w = 288, .box_w = 18, .box_h = 12, .ofs_x = 0, .ofs_y = 0},
    {.bitmap_index = 7379, .adv_w = 191, .box_w = 12, .box_h = 12, .ofs_x = 0, .ofs_y = 0},
    {.bitmap_index = 7451, .adv_w = 184, .box_w = 12, .box_h = 16, .ofs_x = 0, .ofs_y = -4},
    {.bitmap_index = 7547, .adv_w = 176, .box_w = 11, .box_h = 12, .ofs_x = 0, .ofs_y = 0},
    {.bitmap_index = 7613, .adv_w = 127, .box_w = 7, .box_h = 21, .ofs_x = 0, .ofs_y = -4},
    {.bitmap_index = 7687, .adv_w = 131, .box_w = 4, .box_h = 21, .ofs_x = 2, .ofs_y = -4},
    {.bitmap_index = 7729, .adv_w = 127, .box_w = 7, .box_h = 21, .ofs_x = 1, .ofs_y = -4},
    {.bitmap_index = 7803, .adv_w = 211, .box_w = 11, .box_h = 4, .ofs_x = 1, .ofs_y = 5},
    {.bitmap_index = 7825, .adv_w = 165, .box_w = 9, .box_h = 8, .ofs_x = 1, .ofs_y = 8},
    {.bitmap_index = 7861, .adv_w = 122, .box_w = 4, .box_h = 4, .ofs_x = 2, .ofs_y = 5},
    {.bitmap_index = 7869, .adv_w = 219, .box_w = 12, .box_h = 13, .ofs_x = 1, .ofs_y = 0},
    {.bitmap_index = 7947, .adv_w = 203, .box_w = 11, .box_h = 13, .ofs_x = 1, .ofs_y = 0},
    {.bitmap_index = 8019, .adv_w = 209, .box_w = 12, .box_h = 13, .ofs_x = 0, .ofs_y = 0},
    {.bitmap_index = 8097, .adv_w = 222, .box_w = 12, .box_h = 13, .ofs_x = 1, .ofs_y = 0},
    {.bitmap_index = 8175, .adv_w = 225, .box_w = 12, .box_h = 13, .ofs_x = 1, .ofs_y = 0},
    {.bitmap_index = 8253, .adv_w = 224, .box_w = 13, .box_h = 13, .ofs_x = 0, .ofs_y = 0},
    {.bitmap_index = 8338, .adv_w = 201, .box_w = 12, .box_h = 13, .ofs_x = 0, .ofs_y = 0},
    {.bitmap_index = 8416, .adv_w = 197, .box_w = 12, .box_h = 13, .ofs_x = 0, .ofs_y = 0},
    {.bitmap_index = 8494, .adv_w = 215, .box_w = 13, .box_h = 13, .ofs_x = 0, .ofs_y = 0},
    {.bitmap_index = 8579, .adv_w = 196, .box_w = 11, .box_h = 13, .ofs_x = 1, .ofs_y = 0},
    {.bitmap_index = 8651, .adv_w = 205, .box_w = 12, .box_h = 13, .ofs_x = 0, .ofs_y = 0},
    {.bitmap_index = 8729, .adv_w = 327, .box_w = 18, .box_h = 13, .ofs_x = 1, .ofs_y = 0},
    {.bitmap_index = 8846, .adv_w = 327, .box_w = 18, .box_h = 17, .ofs_x = 1, .ofs_y = -4},
    {.bitmap_index = 8999, .adv_w = 223, .box_w = 13, .box_h = 18, .ofs_x = 0, .ofs_y = -5},
    {.bitmap_index = 9116, .adv_w = 223, .box_w = 13, .box_h = 18, .ofs_x = 0, .ofs_y = -5},
    {.bitmap_index = 9233, .adv_w = 208, .box_w = 13, .box_h = 19, .ofs_x = 0, .ofs_y = -5},
    {.bitmap_index = 9357, .adv_w = 226, .box_w = 13, .box_h = 13, .ofs_x = 0, .ofs_y = 0},
    {.bitmap_index = 9442, .adv_w = 322, .box_w = 18, .box_h = 13, .ofs_x = 1, .ofs_y = 0},
    {.bitmap_index = 9559, .adv_w = 329, .box_w = 18, .box_h = 13, .ofs_x = 1, .ofs_y = 0},
    {.bitmap_index = 9676, .adv_w = 214, .box_w = 11, .box_h = 13, .ofs_x = 1, .ofs_y = 0},
    {.bitmap_index = 9748, .adv_w = 218, .box_w = 12, .box_h = 13, .ofs_x = 1, .ofs_y = 0},
    {.bitmap_index = 9826, .adv_w = 219, .box_w = 12, .box_h = 13, .ofs_x = 1, .ofs_y = 0},
    {.bitmap_index = 9904, .adv_w = 221, .box_w = 12, .box_h = 13, .ofs_x = 1, .ofs_y = 0},
    {.bitmap_index = 9982, .adv_w = 193, .box_w = 11, .box_h = 13, .ofs_x = 1, .ofs_y = 0},
    {.bitmap_index = 10054, .adv_w = 220, .box_w = 12, .box_h = 13, .ofs_x = 1, .ofs_y = 0},
    {.bitmap_index = 10132, .adv_w = 218, .box_w = 11, .box_h = 13, .ofs_x = 1, .ofs_y = 0},
    {.bitmap_index = 10204, .adv_w = 218, .box_w = 11, .box_h = 17, .ofs_x = 1, .ofs_y = 0},
    {.bitmap_index = 10298, .adv_w = 230, .box_w = 12, .box_h = 13, .ofs_x = 1, .ofs_y = 0},
    {.bitmap_index = 10376, .adv_w = 230, .box_w = 12, .box_h = 17, .ofs_x = 1, .ofs_y = 0},
    {.bitmap_index = 10478, .adv_w = 260, .box_w = 15, .box_h = 13, .ofs_x = 1, .ofs_y = 0},
    {.bitmap_index = 10576, .adv_w = 248, .box_w = 15, .box_h = 17, .ofs_x = 1, .ofs_y = 0},
    {.bitmap_index = 10704, .adv_w = 223, .box_w = 13, .box_h = 13, .ofs_x = 0, .ofs_y = 0},
    {.bitmap_index = 10789, .adv_w = 221, .box_w = 12, .box_h = 13, .ofs_x = 1, .ofs_y = 0},
    {.bitmap_index = 10867, .adv_w = 212, .box_w = 11, .box_h = 13, .ofs_x = 1, .ofs_y = 0},
    {.bitmap_index = 10939, .adv_w = 187, .box_w = 11, .box_h = 13, .ofs_x = 0, .ofs_y = 0},
    {.bitmap_index = 11011, .adv_w = 219, .box_w = 12, .box_h = 18, .ofs_x = 1, .ofs_y = -5},
    {.bitmap_index = 11119, .adv_w = 205, .box_w = 12, .box_h = 13, .ofs_x = 0, .ofs_y = 0},
    {.bitmap_index = 11197, .adv_w = 223, .box_w = 13, .box_h = 18, .ofs_x = 0, .ofs_y = -5},
    {.bitmap_index = 11314, .adv_w = 188, .box_w = 11, .box_h = 13, .ofs_x = 0, .ofs_y = 0},
    {.bitmap_index = 11386, .adv_w = 229, .box_w = 13, .box_h = 14, .ofs_x = 1, .ofs_y = 0},
    {.bitmap_index = 11477, .adv_w = 223, .box_w = 13, .box_h = 13, .ofs_x = 1, .ofs_y = 0},
    {.bitmap_index = 11562, .adv_w = 214, .box_w = 12, .box_h = 14, .ofs_x = 1, .ofs_y = 0},
    {.bitmap_index = 11646, .adv_w = 213, .box_w = 11, .box_h = 13, .ofs_x = 1, .ofs_y = 0},
    {.bitmap_index = 11718, .adv_w = 253, .box_w = 16, .box_h = 17, .ofs_x = 1, .ofs_y = 0},
    {.bitmap_index = 11854, .adv_w = 205, .box_w = 11, .box_h = 13, .ofs_x = 1, .ofs_y = 0},
    {.bitmap_index = 11926, .adv_w = 214, .box_w = 12, .box_h = 14, .ofs_x = 1, .ofs_y = 0},
    {.bitmap_index = 12010, .adv_w = 196, .box_w = 11, .box_h = 13, .ofs_x = 0, .ofs_y = 0},
    {.bitmap_index = 12082, .adv_w = 149, .box_w = 8, .box_h = 11, .ofs_x = 1, .ofs_y = 1},
    {.bitmap_index = 12126, .adv_w = 0, .box_w = 8, .box_h = 4, .ofs_x = -7, .ofs_y = 14},
    {.bitmap_index = 12142, .adv_w = 175, .box_w = 10, .box_h = 13, .ofs_x = 0, .ofs_y = 0},
    {.bitmap_index = 12207, .adv_w = 175, .box_w = 16, .box_h = 20, .ofs_x = -6, .ofs_y = 0},
    {.bitmap_index = 12367, .adv_w = 0, .box_w = 10, .box_h = 3, .ofs_x = -11, .ofs_y = 14},
    {.bitmap_index = 12382, .adv_w = 0, .box_w = 10, .box_h = 5, .ofs_x = -11, .ofs_y = 14},
    {.bitmap_index = 12407, .adv_w = 0, .box_w = 10, .box_h = 6, .ofs_x = -11, .ofs_y = 14},
    {.bitmap_index = 12437, .adv_w = 0, .box_w = 10, .box_h = 5, .ofs_x = -11, .ofs_y = 14},
    {.bitmap_index = 12462, .adv_w = 0, .box_w = 5, .box_h = 6, .ofs_x = -6, .ofs_y = -7},
    {.bitmap_index = 12477, .adv_w = 0, .box_w = 8, .box_h = 5, .ofs_x = -9, .ofs_y = -7},
    {.bitmap_index = 12497, .adv_w = 0, .box_w = 4, .box_h = 4, .ofs_x = -5, .ofs_y = -5},
    {.bitmap_index = 12505, .adv_w = 232, .box_w = 13, .box_h = 20, .ofs_x = 1, .ofs_y = -3},
    {.bitmap_index = 12635, .adv_w = 112, .box_w = 6, .box_h = 13, .ofs_x = 1, .ofs_y = 0},
    {.bitmap_index = 12674, .adv_w = 214, .box_w = 12, .box_h = 13, .ofs_x = 1, .ofs_y = 0},
    {.bitmap_index = 12752, .adv_w = 128, .box_w = 10, .box_h = 20, .ofs_x = -1, .ofs_y = 0},
    {.bitmap_index = 12852, .adv_w = 131, .box_w = 10, .box_h = 21, .ofs_x = -1, .ofs_y = 0},
    {.bitmap_index = 12957, .adv_w = 126, .box_w = 9, .box_h = 20, .ofs_x = 0, .ofs_y = 0},
    {.bitmap_index = 13047, .adv_w = 176, .box_w = 10, .box_h = 18, .ofs_x = 0, .ofs_y = -5},
    {.bitmap_index = 13137, .adv_w = 197, .box_w = 11, .box_h = 16, .ofs_x = 0, .ofs_y = -3},
    {.bitmap_index = 13225, .adv_w = 0, .box_w = 9, .box_h = 6, .ofs_x = -11, .ofs_y = 13},
    {.bitmap_index = 13252, .adv_w = 0, .box_w = 4, .box_h = 5, .ofs_x = -5, .ofs_y = 14},
    {.bitmap_index = 13262, .adv_w = 0, .box_w = 9, .box_h = 5, .ofs_x = -9, .ofs_y = 14},
    {.bitmap_index = 13285, .adv_w = 0, .box_w = 9, .box_h = 6, .ofs_x = -9, .ofs_y = 14},
    {.bitmap_index = 13312, .adv_w = 0, .box_w = 6, .box_h = 6, .ofs_x = -6, .ofs_y = 14},
    {.bitmap_index = 13330, .adv_w = 0, .box_w = 7, .box_h = 5, .ofs_x = -7, .ofs_y = 14},
    {.bitmap_index = 13348, .adv_w = 0, .box_w = 6, .box_h = 6, .ofs_x = -6, .ofs_y = 13},
    {.bitmap_index = 13366, .adv_w = 0, .box_w = 7, .box_h = 5, .ofs_x = -7, .ofs_y = 14},
    {.bitmap_index = 13384, .adv_w = 197, .box_w = 11, .box_h = 11, .ofs_x = 1, .ofs_y = 0},
    {.bitmap_index = 13445, .adv_w = 198, .box_w = 12, .box_h = 12, .ofs_x = 0, .ofs_y = 0},
    {.bitmap_index = 13517, .adv_w = 189, .box_w = 11, .box_h = 13, .ofs_x = 0, .ofs_y = 0},
    {.bitmap_index = 13589, .adv_w = 256, .box_w = 14, .box_h = 14, .ofs_x = 1, .ofs_y = 0},
    {.bitmap_index = 13687, .adv_w = 253, .box_w = 14, .box_h = 12, .ofs_x = 1, .ofs_y = 0},
    {.bitmap_index = 13771, .adv_w = 200, .box_w = 12, .box_h = 14, .ofs_x = 0, .ofs_y = 0},
    {.bitmap_index = 13855, .adv_w = 200, .box_w = 12, .box_h = 15, .ofs_x = 0, .ofs_y = 0},
    {.bitmap_index = 13945, .adv_w = 197, .box_w = 12, .box_h = 15, .ofs_x = 0, .ofs_y = 0},
    {.bitmap_index = 14035, .adv_w = 309, .box_w = 17, .box_h = 14, .ofs_x = 1, .ofs_y = 0},
    {.bitmap_index = 14154, .adv_w = 215, .box_w = 13, .box_h = 15, .ofs_x = 0, .ofs_y = 0},
    {.bitmap_index = 14252, .adv_w = 238, .box_w = 14, .box_h = 14, .ofs_x = 1, .ofs_y = 0},
    {.bitmap_index = 14350, .adv_w = 279, .box_w = 16, .box_h = 13, .ofs_x = 0, .ofs_y = 0},
    {.bitmap_index = 14454, .adv_w = 313, .box_w = 18, .box_h = 8, .ofs_x = 1, .ofs_y = 2},
    {.bitmap_index = 14526, .adv_w = 207, .box_w = 13, .box_h = 3, .ofs_x = 0, .ofs_y = 6},
    {.bitmap_index = 14546, .adv_w = 275, .box_w = 17, .box_h = 3, .ofs_x = 0, .ofs_y = 6},
    {.bitmap_index = 14572, .adv_w = 305, .box_w = 17, .box_h = 4, .ofs_x = 1, .ofs_y = 0},
    {.bitmap_index = 14606, .adv_w = 307, .box_w = 17, .box_h = 11, .ofs_x = 1, .ofs_y = 2},
    {.bitmap_index = 14700, .adv_w = 0, .box_w = 4, .box_h = 5, .ofs_x = -5, .ofs_y = 18},
    {.bitmap_index = 14710, .adv_w = 0, .box_w = 8, .box_h = 5, .ofs_x = -8, .ofs_y = 18},
    {.bitmap_index = 14730, .adv_w = 0, .box_w = 9, .box_h = 5, .ofs_x = -9, .ofs_y = 18},
    {.bitmap_index = 14753, .adv_w = 0, .box_w = 6, .box_h = 6, .ofs_x = -6, .ofs_y = 18},
    {.bitmap_index = 14771, .adv_w = 0, .box_w = 7, .box_h = 5, .ofs_x = -7, .ofs_y = 18}
};

/*---------------------
 *  CHARACTER MAPPING
 *--------------------*/

static const uint16_t unicode_list_1[] = {
    0x0, 0x7
};

static const uint16_t unicode_list_4[] = {
    0x0, 0x1, 0x13, 0x17f, 0xd6f7, 0xd6f8, 0xd6f9, 0xd6fa,
    0xd6fb
};

/*Collect the unicode lists and glyph_id offsets*/
static const lv_font_fmt_txt_cmap_t cmaps[] =
{
    {
        .range_start = 32, .range_length = 95, .glyph_id_start = 1,
        .unicode_list = NULL, .glyph_id_ofs_list = NULL, .list_length = 0, .type = LV_FONT_FMT_TXT_CMAP_FORMAT0_TINY
    },
    {
        .range_start = 176, .range_length = 8, .glyph_id_start = 96,
        .unicode_list = unicode_list_1, .glyph_id_ofs_list = NULL, .list_length = 2, .type = LV_FONT_FMT_TXT_CMAP_SPARSE_TINY
    },
    {
        .range_start = 3585, .range_length = 58, .glyph_id_start = 98,
        .unicode_list = NULL, .glyph_id_ofs_list = NULL, .list_length = 0, .type = LV_FONT_FMT_TXT_CMAP_FORMAT0_TINY
    },
    {
        .range_start = 3647, .range_length = 29, .glyph_id_start = 156,
        .unicode_list = NULL, .glyph_id_ofs_list = NULL, .list_length = 0, .type = LV_FONT_FMT_TXT_CMAP_FORMAT0_TINY
    },
    {
        .range_start = 8211, .range_length = 55036, .glyph_id_start = 185,
        .unicode_list = unicode_list_4, .glyph_id_ofs_list = NULL, .list_length = 9, .type = LV_FONT_FMT_TXT_CMAP_SPARSE_TINY
    }
};

/*-----------------
 *    KERNING
 *----------------*/


/*Map glyph_ids to kern left classes*/
static const uint8_t kern_left_class_mapping[] =
{
    0, 0, 0, 1, 0, 0, 2, 3,
    1, 4, 0, 1, 0, 5, 0, 5,
    6, 0, 0, 0, 0, 0, 0, 0,
    0, 0, 0, 7, 7, 0, 0, 0,
    8, 9, 10, 11, 12, 13, 14, 15,
    16, 0, 17, 18, 19, 20, 0, 0,
    21, 22, 21, 23, 24, 25, 26, 27,
    28, 29, 30, 31, 32, 0, 0, 0,
    33, 0, 34, 35, 36, 0, 37, 38,
    39, 40, 41, 42, 43, 44, 40, 40,
    45, 35, 46, 47, 48, 49, 50, 51,
    52, 53, 54, 55, 32, 0, 0, 0,
    0, 0, 0, 0, 0, 0, 0, 0,
    0, 0, 0, 0, 0, 0, 0, 0,
    0, 0, 0, 0, 0, 0, 0, 0,
    0, 0, 0, 0, 0, 0, 0, 0,
    0, 0, 0, 0, 0, 0, 0, 0,
    0, 0, 0, 0, 0, 0, 0, 0,
    0, 0, 0, 0, 0, 0, 0, 0,
    0, 0, 0, 0, 0, 0, 0, 0,
    0, 0, 0, 0, 0, 0, 0, 0,
    0, 0, 0, 0, 0, 0, 0, 0,
    0, 0, 0, 0, 0, 0, 0, 0,
    0, 0, 0, 5, 0, 0, 0, 0,
    0, 0
};

/*Map glyph_ids to kern right classes*/
static const uint8_t kern_right_class_mapping[] =
{
    0, 0, 1, 2, 0, 0, 0, 3,
    2, 0, 4, 2, 0, 5, 6, 5,
    7, 0, 0, 0, 0, 0, 0, 0,
    0, 0, 0, 8, 8, 0, 0, 0,
    9, 10, 11, 0, 12, 0, 0, 0,
    12, 0, 13, 14, 0, 0, 0, 0,
    12, 0, 12, 0, 15, 16, 17, 18,
    19, 20, 21, 22, 0, 0, 23, 0,
    24, 0, 25, 26, 27, 28, 27, 29,
    30, 26, 31, 32, 26, 33, 34, 34,
    27, 35, 28, 34, 36, 37, 38, 39,
    40, 41, 42, 43, 0, 0, 23, 0,
    0, 0, 0, 0, 0, 0, 0, 0,
    0, 0, 0, 0, 0, 0, 0, 0,
    0, 0, 0, 0, 0, 0, 0, 0,
    0, 0, 0, 0, 0, 0, 0, 0,
    0, 0, 0, 0, 0, 0, 0, 0,
    0, 0, 0, 0, 0, 0, 0, 0,
    0, 0, 0, 0, 0, 0, 0, 0,
    0, 0, 0, 0, 0, 0, 0, 0,
    0, 0, 0, 0, 0, 0, 0, 0,
    0, 0, 0, 0, 0, 0, 0, 0,
    0, 0, 0, 0, 0, 0, 0, 0,
    0, 6, 6, 5, 0, 0, 0, 0,
    0, 0
};

/*Kern values between classes*/
static const int8_t kern_class_values[] =
{
    0, 0, 0, 0, -32, 0, 0, 0,
    0, 0, 0, 0, 0, 0, 0, 0,
    0, 0, 0, 0, 0, 0, 0, 0,
    0, 0, 0, 0, 0, 0, 0, 0,
    0, 0, 0, 0, 0, 0, 0, 0,
    0, 0, 0, 0, -21, 0, 0, 0,
    0, 0, 0, 0, 0, 0, 0, 0,
    0, 0, 0, 0, 0, 0, 0, 0,
    0, 0, 0, 0, 0, 0, 0, 0,
    0, 0, 0, 0, 0, 0, 0, 0,
    0, 0, 0, 0, 0, 0, 0, 0,
    0, 0, 0, 0, 0, 0, 0, 0,
    1, 0, 0, 0, -1, -15, 0, -11,
    -6, 0, -19, -2, 0, 0, 2, 0,
    4, 4, 0, 0, 0, 0, 0, 0,
    0, 0, -1, 0, -4, -4, 0, -4,
    0, 0, 0, 0, 0, 0, 0, 0,
    0, 0, 0, 0, 0, 0, 0, 0,
    7, 0, 7, 7, 4, 7, 0, 0,
    0, 0, 0, 0, 0, 0, 4, 0,
    22, 0, 0, 0, 0, 0, 0, 0,
    0, 0, 1, 0, 0, -32, 0, 0,
    0, 0, 0, 0, -27, 0, 0, 0,
    0, 0, 0, 0, 0, 0, 0, 0,
    0, 0, 0, 0, 0, 0, 0, 0,
    0, 0, 0, 0, 0, 0, 0, 0,
    0, 0, 0, 0, 0, 0, 0, 0,
    0, 0, 0, 0, 0, -59, 0, 0,
    0, -16, -7, 0, 0, -6, 8, 0,
    5, 4, 0, 5, 0, 0, 0, -11,
    0, -10, -10, 0, -10, 0, 0, 0,
    -2, 0, 0, 0, 0, 0, 0, 0,
    0, 0, 0, 0, 0, 0, 0, 0,
    0, 0, 0, 0, 0, 0, 0, 0,
    0, -14, 0, -10, 0, -5, -17, 0,
    0, 0, 0, 0, 0, 0, 0, 0,
    0, 0, 0, 0, 0, 0, 0, 0,
    0, 0, 0, 0, 0, 0, 0, 0,
    0, -42, 0, 0, 0, 0, 0, -10,
    0, 0, 0, 0, 0, 0, 4, 5,
    0, 0, 0, 0, 0, 0, 0, 0,
    0, 0, 0, 0, 0, 0, 0, 0,
    0, 0, 0, 0, 0, 0, 0, 0,
    0, 0, 0, 0, 0, 0, 0, 0,
    0, 0, -6, 0, -6, -10, -4, -12,
    0, -11, -7, -13, -15, -5, 0, 0,
    0, 0, 0, 0, 0, -1, 0, 0,
    0, 0, 0, 0, 0, 0, 0, -2,
    -6, -4, -4, 0, -18, -4, 0, 6,
    -6, 0, 0, -13, -5, 4, -9, 0,
    -3, 0, -23, -7, -18, -7, 2, -23,
    0, 0, 5, 1, 0, 0, 0, 0,
    0, 0, 0, 0, 0, 0, 0, -5,
    0, -10, -6, 0, -5, 4, 0, 0,
    0, 0, -5, 0, -8, 0, 0, 0,
    -5, 0, 0, -4, 0, -9, 0, -9,
    -2, -7, -14, 0, 0, -22, 0, 0,
    0, 0, -1, -1, 0, 0, 0, 0,
    0, 0, -2, 0, -3, -2, -4, -3,
    0, 0, 1, -3, 0, 0, -5, -5,
    0, 0, -4, -2, -5, 0, 0, 0,
    0, 0, 0, 1, -5, -3, 0, 0,
    -13, 0, 0, 0, 0, 0, 0, 0,
    0, 0, 0, 0, 0, 0, 0, 0,
    0, 0, 0, 0, 0, -4, 0, 0,
    -13, 5, -12, 0, 0, 0, -10, 0,
    0, -9, 0, -9, 0, -9, -5, -9,
    -14, -8, 0, -10, 0, 0, 0, 0,
    0, 0, 0, 0, 0, 0, 0, 0,
    0, 0, 0, 0, 0, 0, 0, 0,
    0, -5, 0, 0, 0, 0, 0, 0,
    -4, 0, 0, 0, -6, 0, 0, 0,
    -1, 0, 0, -2, 0, 0, 0, 0,
    0, -4, -4, 0, -2, 0, 0, 0,
    0, 0, 0, 0, 0, 0, 0, 0,
    0, 0, 0, 2, -13, 5, -33, 0,
    -25, 0, 2, -10, -26, -9, 0, -24,
    0, 0, 0, 0, 0, 0, 0, 0,
    0, -48, -14, 0, -11, -11, -2, -15,
    0, -4, 0, -10, -10, -12, -4, -9,
    -7, -5, -13, -7, -7, 0, -4, 0,
    0, 0, 4, 0, 0, 0, 0, 0,
    0, 0, -3, 0, -13, 0, -9, -4,
    -3, -14, 0, 0, 0, 0, 0, 0,
    0, 0, 0, 0, 0, 0, 0, 0,
    0, 0, 0, 0, 0, 0, 0, 0,
    0, 0, -1, 0, 0, -11, 0, 0,
    0, -6, 0, 0, 0, 0, 0, -2,
    0, 0, 0, 0, 0, 0, 0, 1,
    0, 0, -2, -2, 0, 0, 0, 0,
    0, 0, 0, -1, 0, 0, -1, 0,
    0, -1, 0, 0, 0, 0, 0, -8,
    0, -10, 0, 0, 0, -6, 0, 0,
    -4, 0, 0, 0, 0, 0, -5, 0,
    0, 0, -27, 0, 0, 0, 0, 0,
    0, 0, 0, 0, 0, 0, 0, 0,
    0, 0, 0, 0, 0, 0, 0, -3,
    -10, 4, 4, -17, 0, 0, 0, -14,
    0, -12, 0, -6, -3, -8, 0, -8,
    -4, 0, -6, 0, 0, 0, -4, 0,
    -9, -9, -7, -4, 0, 0, -2, -4,
    -4, 0, -10, -6, -6, -6, -2, -6,
    4, 0, -29, -2, 0, 8, -13, 5,
    0, -19, -5, 6, -13, 0, 0, 0,
    -26, -11, -24, -13, 0, -30, 0, 0,
    8, 1, 0, -4, -3, 0, 0, 0,
    0, 0, 0, 0, 0, -6, -2, -18,
    -11, 4, -13, 5, 0, -4, -1, 0,
    -13, 5, -12, 0, 0, 0, -9, 0,
    0, -9, -1, -8, 0, -9, -5, -9,
    -15, -6, 0, -33, 0, 0, 0, 0,
    0, 0, 0, 0, 0, 0, 0, 0,
    0, 0, 0, 0, 0, 0, 0, 0,
    2, -11, 0, -35, 0, -27, 0, 0,
    -4, -23, 0, 0, -21, -2, 0, 0,
    -1, -2, -10, -6, -9, 0, -50, -5,
    0, -7, -7, 0, -11, 0, 0, 0,
    -4, -5, -5, 0, 0, 0, 2, -5,
    0, 0, 0, 0, -9, 0, 0, -5,
    -6, 0, 0, -7, 0, -4, 0, -11,
    0, -8, -5, -10, -4, 0, -14, 0,
    0, 0, -4, 0, -5, -5, 0, -10,
    0, 0, 0, 0, 0, 0, 0, 0,
    0, 0, 0, -1, 0, 0, 0, -2,
    0, 0, 5, -10, 0, 0, -2, 0,
    0, 0, 0, -5, -7, 0, -4, -4,
    0, -11, 0, 0, -19, 0, 0, 0,
    0, 0, 0, 0, 0, 0, 0, 0,
    0, -1, 0, 0, 0, 0, 0, 0,
    0, 5, -10, 7, -26, -17, -32, -14,
    0, -12, -23, -8, -2, -18, -4, 6,
    0, 1, 2, 0, 1, 0, 0, -28,
    -25, 0, -23, -23, -5, -28, 0, 0,
    0, -16, -16, -25, 0, -17, -10, -13,
    -14, -12, -18, 0, 0, -2, 0, -11,
    0, -12, 0, 0, 0, -7, 0, 0,
    -5, 0, 0, 0, 0, 0, 0, 0,
    0, 0, -22, 0, 0, 0, 0, 0,
    -4, 0, 0, 0, 0, 0, 0, 0,
    0, 0, 1, 0, 0, 0, 0, 4,
    -12, 7, -21, -9, -21, -10, 5, -11,
    -18, -9, 0, -16, -8, 1, 0, 2,
    1, 0, 1, -1, 0, -27, -13, 0,
    -12, -12, 0, -14, 0, -1, 0, -6,
    -6, -8, 0, -8, -4, -4, -4, -2,
    -5, 0, 5, -10, 4, -13, -4, -13,
    0, 4, -7, -7, -5, 0, -14, 0,
    2, 0, 1, 1, 0, 1, -1, 0,
    -18, -8, 0, -8, -8, 0, -7, 0,
    -1, 0, -4, -2, -4, 0, -2, 0,
    -3, -4, 0, -3, 0, 0, -8, 0,
    4, -12, 0, -5, -1, -11, 2, -9,
    0, -6, 0, 0, 0, 0, 0, 0,
    0, 0, 0, 7, -2, 0, -6, -6,
    0, 0, 0, 0, 0, 0, 0, -3,
    -6, -6, -5, -7, 0, -4, 4, 0,
    2, -18, 7, -24, -18, -28, -17, 2,
    -15, -23, -15, 0, -21, -13, 1, 0,
    1, 1, 0, 0, 0, 0, -28, -21,
    -4, -20, -20, -8, -21, -5, -10, 0,
    -15, -17, -19, -7, -13, -11, -12, -12,
    -11, -14, 0, 2, -4, 4, 11, -14,
    0, 0, 0, -6, 0, -6, 0, -2,
    0, 0, 0, -2, -1, 0, -2, 0,
    0, 5, 0, 0, -2, -1, 0, 0,
    0, 0, 0, 0, 0, 0, -4, -2,
    0, 0, 0, -2, 0, 0, 0, 0,
    0, 0, 0, 0, 0, 0, 0, 0,
    0, 0, 0, 0, 0, 0, 0, 0,
    0, 0, 0, 0, 0, 0, 0, 0,
    0, 0, 0, 0, 4, 0, 0, 0,
    0, 0, 0, 0, 0, 0, 0, 0,
    0, 0, 0, 0, 0, 0, 0, 0,
    0, 0, 5, -33, 1, -17, -19, -28,
    -22, -27, -18, 7, -28, 9, 0, 0,
    -11, 0, -21, -19, -9, 8, 0, 19,
    -13, 0, 4, -13, -18, -12, -25, -17,
    7, -5, 2, 0, -5, 0, 0, 4,
    -2, 7, 0, 0, 0, 3, 0, 0,
    0, 0, -25, 0, -11, -2, 0, -17,
    2, 0, 4, 0, 0, 0, 0, 0,
    0, 0, 0, 0, 0, 0, 0, -1,
    0, -3, -2, 0, -3, 0, 0, -7,
    0, 0, -6, 4, 0, 0, 0, 0,
    0, 0, -2, 0, 0, -24, 0, -12,
    -8, -6, -19, -1, 0, -19, 0, 0,
    0, 0, -2, 0, 0, 0, 0, 0,
    0, 0, -2, 0, -3, -3, -5, -3,
    -2, 0, 0, -1, 0, 0, 0, 0,
    0, 0, 0, 3, 0, 0, 2, 0,
    -16, 0, -10, -3, 0, -16, 2, 0,
    -11, 0, 0, -2, -2, 0, 0, 0,
    0, 0, 0, 0, 0, 0, 0, 0,
    0, 0, 0, 0, 0, -7, 0, 0,
    -6, 4, 0, 0, 0, 0, 0, 0,
    -2, 0, -4, -24, 0, -12, -6, -6,
    -19, -2, 0, -20, 0, 0, 0, 0,
    0, 0, 0, 0, 0, 0, 0, 0,
    0, 0, -3, -2, -5, -2, -2, 7,
    11, -5, 9, -11, 0, -7, 0, 11,
    0, -2, 5, 0, -8, 0, 10, 0,
    10, 8, 4, 9, 1, 5, -23, 0,
    0, -1, -1, 1, -1, 3, 0, 0,
    0, 0, 0, 0, 0, 4, 0, 0,
    4, 0, 0, 2, -1, 9, 3, 0,
    8, 0, 0, -1, 8, 1, 0, -3,
    0, -4, 0, -3, 0, 3, -3, 4,
    4, 19, -1, 0, -2, -2, 0, 2,
    0, 8, 0, 0, 0, 0, 0, -1,
    0, 0, 0, 2, 0, 0, -5, 0,
    0, 0, 0, 0, 0, 0, 0, 0,
    0, 0, 0, 0, -19, 0, -12, -8,
    0, -19, 0, 0, 0, 0, 0, 0,
    0, 0, 0, 0, 0, 0, 0, 0,
    0, 0, 0, -3, -2, 0, -3, 0,
    0, 0, 0, 0, 0, 0, 0, 0,
    0, 0, 0, 0, 0, -3, 0, 0,
    0, 0, 0, 0, -5, 0, 0, 0,
    0, 0, 0, 0, 0, 0, 0, 0,
    0, 0, 0, 0, 0, 0, 0, 0,
    0, 0, 0, 0, 0, 0, 0, 0,
    0, 0, 0, 0, 0, 0, 0, 0,
    0, 0, -14, 0, -9, -4, 0, -2,
    0, 0, 0, 0, 0, 0, 0, 0,
    0, 0, 0, 0, 0, 0, 0, 0,
    0, 0, 0, 0, 0, 0, 0, 0,
    -5, 0, 0, -13, 0, 0, 0, -5,
    5, -4, 0, -2, -2, -11, 0, -6,
    -3, 0, -17, 5, 0, 6, -1, 0,
    -8, -6, 0, -1, 0, 0, 0, 0,
    0, -4, -4, -4, -5, -1, 0, -1,
    0, 0, 0, 0, 0, 4, -4, 0,
    0, 0, 0, 7, 0, 0, 2, 0,
    -5, 0, -2, 0, 5, -6, 5, 0,
    8, 0, 0, 0, 0, 0, 0, 0,
    0, -2, 0, 0, 0, -2, 0, -2,
    -1, 0, -2, 1, 0, -7, 0, 0,
    -6, 4, 0, 0, 0, 0, 0, 0,
    -2, 0, 0, -24, 0, -12, -8, -6,
    -20, -2, 0, -20, 0, 0, 0, 0,
    -2, 0, 0, 0, 0, 0, 0, 0,
    -1, 0, -3, -3, -5, -3, -2, 0,
    0, 0, 0, 0, 0, 0, 0, 0,
    0, 0, 0, 0, 0, 0, -14, 0,
    -9, -4, 0, -14, 0, 0, 0, 0,
    0, 0, 0, 0, 0, 0, 0, 0,
    0, 0, 0, 0, 0, 0, 0, 0,
    0, 0, 0, 11, -7, 0, -28, -2,
    -7, 0, 0, 0, -12, 4, 0, -8,
    2, -4, 0, 0, 2, -7, -7, -4,
    0, -28, -4, 0, -2, -2, 2, -6,
    0, 0, 0, 0, 0, 0, 1, 0,
    3, 2, 0, 3, 0, 0, -4, -1,
    0, -2, -1, 0, 0, 0, 0, 0,
    0, 0, -1, 0, -23, 0, -11, 0,
    -8, -17, 0, 0, -14, 0, 0, 0,
    0, -1, -1, 0, 0, 0, 0, 0,
    -2, -3, 0, -4, -4, -6, -4, -4,
    0, 0, -4, 0, 0, -5, 0, 0,
    0, -1, 2, 0, 0, 0, 0, -8,
    0, 0, 0, 0, -7, 0, 2, 6,
    0, 0, -1, -1, -1, -1, 0, 0,
    0, 0, 0, 0, -2, 0, 0, 0,
    0, 0, 0, 0, 0, 0, 0, 0,
    0, 0, 0, 0, 0, 0, 0, 0,
    0, 0, -16, 0, -8, -2, 0, -17,
    0, 0, 0, 0, 0, 0, 0, 0,
    0, 0, 0, 0, 0, 0, 0, 0,
    0, 0, 0, 0, 0, 0, 0, 8,
    -6, 0, -17, -2, -4, 0, 0, 0,
    -10, 0, -1, -7, 0, -10, 0, -4,
    0, 0, -11, 0, 0, -25, -3, 0,
    -3, -3, 1, -5, 0, 0, 0, 0,
    0, 0, 0, 0, 0, 0, 0, 0,
    -1, 0, 7, -7, 0, -13, -1, 0,
    0, 0, -2, -6, 0, 0, -7, 0,
    -13, 0, -4, -3, 0, -12, 0, 0,
    -17, -4, 0, -3, -3, 0, -6, 0,
    0, 0, 0, 0, -1, 0, 0, 0,
    0, 0, 0, 0, 0, 1, -10, 0,
    0, -12, 0, 0, 0, -6, 0, 0,
    0, -4, 0, -14, 0, -4, -4, 0,
    -12, 0, 0, 7, 0, 0, -5, -5,
    0, 0, 0, 0, 0, 0, 0, -1,
    0, 0, 0, 0, 0, 0, 0, 0,
    7, -10, 0, -17, -2, -2, 0, 0,
    -4, -5, 0, -1, -10, 0, -12, 0,
    -4, 0, 0, -11, 0, 0, -28, -5,
    0, -2, -2, 2, -8, 0, 0, 0,
    0, 0, -2, 0, 0, 0, 0, 0,
    0, -1, 0, 2, -4, 0, 4, -7,
    0, 0, 0, -3, 4, 0, 0, 0,
    0, -13, 0, -4, -2, 4, -10, 0,
    0, 2, 0, 0, -4, -4, 0, 0,
    0, 0, 0, 0, 0, 0, 0, 0,
    0, 0, 0, 0, 0
};


/*Collect the kern class' data in one place*/
static const lv_font_fmt_txt_kern_classes_t kern_classes =
{
    .class_pair_values   = kern_class_values,
    .left_class_mapping  = kern_left_class_mapping,
    .right_class_mapping = kern_right_class_mapping,
    .left_class_cnt      = 55,
    .right_class_cnt     = 43,
};

/*--------------------
 *  ALL CUSTOM DATA
 *--------------------*/

#if LVGL_VERSION_MAJOR == 8
/*Store all the custom data of the font*/
static  lv_font_fmt_txt_glyph_cache_t cache;
#endif

#if LVGL_VERSION_MAJOR >= 8
static const lv_font_fmt_txt_dsc_t font_dsc = {
#else
static lv_font_fmt_txt_dsc_t font_dsc = {
#endif
    .glyph_bitmap = glyph_bitmap,
    .glyph_dsc = glyph_dsc,
    .cmaps = cmaps,
    .kern_dsc = &kern_classes,
    .kern_scale = 16,
    .cmap_num = 5,
    .bpp = 4,
    .kern_classes = 1,
    .bitmap_format = 0,
#if LVGL_VERSION_MAJOR == 8
    .cache = &cache
#endif
};



/*-----------------
 *  PUBLIC FONT
 *----------------*/

/*Initialize a public general font descriptor*/
#if LVGL_VERSION_MAJOR >= 8
const lv_font_t thai22 = {
#else
lv_font_t thai22 = {
#endif
    .get_glyph_dsc = lv_font_get_glyph_dsc_fmt_txt,    /*Function pointer to get glyph's data*/
    .get_glyph_bitmap = lv_font_get_bitmap_fmt_txt,    /*Function pointer to get glyph's bitmap*/
    .line_height = 31,          /*The maximum line height required by the font*/
    .base_line = 7,             /*Baseline measured from the bottom of the line*/
#if !(LVGL_VERSION_MAJOR == 6 && LVGL_VERSION_MINOR == 0)
    .subpx = LV_FONT_SUBPX_NONE,
#endif
#if LV_VERSION_CHECK(7, 4, 0) || LVGL_VERSION_MAJOR >= 8
    .underline_position = -3,
    .underline_thickness = 2,
#endif
    .dsc = &font_dsc,          /*The custom font data. Will be accessed by `get_glyph_bitmap/dsc` */
#if LV_VERSION_CHECK(8, 2, 0) || LVGL_VERSION_MAJOR >= 9
    .fallback = NULL,
#endif
    .user_data = NULL,
};



#endif /*#if THAI22*/

