/*******************************************************************************
 * Size: 36 px
 * Bpp: 4
 * Opts: --font Anuphan-600-lvgl.ttf --size 36 --bpp 4 --format lvgl --no-compress --lv-include lvgl.h --range 0x20-0x7E --range 0x0E00-0x0E7F --range 0xF70A-0xF70E --symbols °·–—…→ -o thai36.c
 ******************************************************************************/

#ifdef LV_LVGL_H_INCLUDE_SIMPLE
#include "lvgl.h"
#else
#include "lvgl.h"
#endif

#ifndef THAI36
#define THAI36 1
#endif

#if THAI36

/*-----------------
 *    BITMAPS
 *----------------*/

/*Store the image of the glyphs*/
static LV_ATTRIBUTE_LARGE_CONST const uint8_t glyph_bitmap[] = {
    /* U+0020 " " */

    /* U+0021 "!" */
    0xd, 0xff, 0xff, 0x0, 0xdf, 0xff, 0xf0, 0xd,
    0xff, 0xff, 0x0, 0xdf, 0xff, 0xf0, 0xd, 0xff,
    0xff, 0x0, 0xdf, 0xff, 0xf0, 0xd, 0xff, 0xff,
    0x0, 0xcf, 0xff, 0xe0, 0xa, 0xff, 0xfc, 0x0,
    0x7f, 0xff, 0xa0, 0x5, 0xff, 0xf8, 0x0, 0x3f,
    0xff, 0x50, 0x1, 0xff, 0xf3, 0x0, 0xf, 0xff,
    0x10, 0x0, 0xdf, 0xf0, 0x0, 0xb, 0xfd, 0x0,
    0x0, 0x8f, 0xb0, 0x0, 0x3, 0x74, 0x0, 0x0,
    0x0, 0x0, 0x0, 0x28, 0xa9, 0x20, 0x1e, 0xff,
    0xff, 0x15, 0xff, 0xff, 0xf6, 0x5f, 0xff, 0xff,
    0x62, 0xff, 0xff, 0xf3, 0x6, 0xef, 0xe7, 0x0,

    /* U+0022 "\"" */
    0x5f, 0xff, 0xb0, 0x0, 0xdf, 0xff, 0x35, 0xff,
    0xfb, 0x0, 0xd, 0xff, 0xf3, 0x5f, 0xff, 0xb0,
    0x0, 0xdf, 0xff, 0x35, 0xff, 0xfb, 0x0, 0xd,
    0xff, 0xf3, 0x5f, 0xff, 0xb0, 0x0, 0xdf, 0xff,
    0x35, 0xff, 0xfb, 0x0, 0xd, 0xff, 0xf3, 0x5f,
    0xff, 0xb0, 0x0, 0xdf, 0xff, 0x35, 0xff, 0xfb,
    0x0, 0xd, 0xff, 0xf3, 0x5f, 0xff, 0xb0, 0x0,
    0xdf, 0xff, 0x35, 0xff, 0xfb, 0x0, 0xd, 0xff,
    0xf3, 0x5f, 0xff, 0xb0, 0x0, 0xdf, 0xff, 0x30,
    0x11, 0x10, 0x0, 0x1, 0x11, 0x10,

    /* U+0023 "#" */
    0x0, 0x0, 0x0, 0x0, 0xff, 0xf0, 0x0, 0x0,
    0x4f, 0xfb, 0x0, 0x0, 0x0, 0x0, 0x0, 0x2f,
    0xfd, 0x0, 0x0, 0x7, 0xff, 0x80, 0x0, 0x0,
    0x0, 0x0, 0x5, 0xff, 0xa0, 0x0, 0x0, 0xaf,
    0xf5, 0x0, 0x0, 0x0, 0x0, 0x0, 0x8f, 0xf7,
    0x0, 0x0, 0xd, 0xff, 0x20, 0x0, 0x0, 0x0,
    0x0, 0xb, 0xff, 0x40, 0x0, 0x0, 0xff, 0xf0,
    0x0, 0x0, 0x0, 0x0, 0x0, 0xef, 0xf1, 0x0,
    0x0, 0x3f, 0xfc, 0x0, 0x0, 0x0, 0x7f, 0xff,
    0xff, 0xff, 0xff, 0xff, 0xff, 0xff, 0xff, 0xff,
    0xb0, 0x7, 0xff, 0xff, 0xff, 0xff, 0xff, 0xff,
    0xff, 0xff, 0xff, 0xfb, 0x0, 0x6d, 0xdd, 0xef,
    0xfe, 0xdd, 0xdd, 0xdf, 0xff, 0xdd, 0xdd, 0x90,
    0x0, 0x0, 0x9, 0xff, 0x60, 0x0, 0x0, 0xef,
    0xf1, 0x0, 0x0, 0x0, 0x0, 0x0, 0xcf, 0xf4,
    0x0, 0x0, 0xf, 0xff, 0x0, 0x0, 0x0, 0x0,
    0x0, 0xe, 0xff, 0x10, 0x0, 0x3, 0xff, 0xd0,
    0x0, 0x0, 0x0, 0x0, 0x0, 0xff, 0xf0, 0x0,
    0x0, 0x5f, 0xfa, 0x0, 0x0, 0x0, 0x0, 0x0,
    0x3f, 0xfd, 0x0, 0x0, 0x7, 0xff, 0x80, 0x0,
    0x0, 0x0, 0x0, 0x5, 0xff, 0xa0, 0x0, 0x0,
    0xaf, 0xf6, 0x0, 0x0, 0x0, 0x0, 0x0, 0x7f,
    0xf8, 0x0, 0x0, 0xc, 0xff, 0x30, 0x0, 0x0,
    0xf, 0xff, 0xff, 0xff, 0xff, 0xff, 0xff, 0xff,
    0xff, 0xff, 0xf2, 0x0, 0xff, 0xff, 0xff, 0xff,
    0xff, 0xff, 0xff, 0xff, 0xff, 0xff, 0x20, 0xd,
    0xdd, 0xdf, 0xff, 0xdd, 0xdd, 0xde, 0xff, 0xfd,
    0xdd, 0xd1, 0x0, 0x0, 0x2, 0xff, 0xd0, 0x0,
    0x0, 0x7f, 0xf8, 0x0, 0x0, 0x0, 0x0, 0x0,
    0x5f, 0xfa, 0x0, 0x0, 0xa, 0xff, 0x50, 0x0,
    0x0, 0x0, 0x0, 0x8, 0xff, 0x70, 0x0, 0x0,
    0xdf, 0xf2, 0x0, 0x0, 0x0, 0x0, 0x0, 0xcf,
    0xf4, 0x0, 0x0, 0xf, 0xff, 0x0, 0x0, 0x0,
    0x0, 0x0, 0xf, 0xff, 0x10, 0x0, 0x3, 0xff,
    0xc0, 0x0, 0x0, 0x0, 0x0, 0x2, 0xff, 0xe0,
    0x0, 0x0, 0x6f, 0xf9, 0x0, 0x0, 0x0, 0x0,

    /* U+0024 "$" */
    0x0, 0x0, 0x0, 0x0, 0x8b, 0xb7, 0x0, 0x0,
    0x0, 0x0, 0x0, 0x0, 0x0, 0xc, 0xff, 0xb0,
    0x0, 0x0, 0x0, 0x0, 0x0, 0x0, 0x0, 0xcf,
    0xfb, 0x0, 0x0, 0x0, 0x0, 0x0, 0x0, 0x2,
    0x6d, 0xff, 0xd5, 0x20, 0x0, 0x0, 0x0, 0x0,
    0x6d, 0xff, 0xff, 0xff, 0xff, 0xd7, 0x0, 0x0,
    0x1, 0xcf, 0xff, 0xff, 0xff, 0xff, 0xff, 0xfd,
    0x20, 0x0, 0xcf, 0xff, 0xff, 0xff, 0xff, 0xff,
    0xff, 0xfe, 0x20, 0x5f, 0xff, 0xfc, 0x47, 0xff,
    0x74, 0xbf, 0xff, 0xd1, 0xa, 0xff, 0xfc, 0x0,
    0x6f, 0xf6, 0x0, 0x6f, 0xb0, 0x0, 0xdf, 0xff,
    0x70, 0x6, 0xff, 0x60, 0x0, 0x30, 0x0, 0xd,
    0xff, 0xf6, 0x0, 0x6f, 0xf6, 0x0, 0x0, 0x0,
    0x0, 0xbf, 0xff, 0xc0, 0x6, 0xff, 0x60, 0x0,
    0x0, 0x0, 0x7, 0xff, 0xff, 0xc4, 0x6f, 0xf6,
    0x0, 0x0, 0x0, 0x0, 0xe, 0xff, 0xff, 0xff,
    0xff, 0x80, 0x0, 0x0, 0x0, 0x0, 0x2e, 0xff,
    0xff, 0xff, 0xff, 0xfb, 0x50, 0x0, 0x0, 0x0,
    0x1a, 0xff, 0xff, 0xff, 0xff, 0xff, 0xd4, 0x0,
    0x0, 0x0, 0x1, 0x7c, 0xff, 0xff, 0xff, 0xff,
    0xf5, 0x0, 0x0, 0x0, 0x0, 0x6, 0xff, 0xdf,
    0xff, 0xff, 0xf2, 0x0, 0x0, 0x0, 0x0, 0x6f,
    0xf6, 0x8, 0xff, 0xff, 0x90, 0x0, 0x0, 0x0,
    0x6, 0xff, 0x60, 0xb, 0xff, 0xfc, 0x0, 0x0,
    0x0, 0x0, 0x6f, 0xf6, 0x0, 0x6f, 0xff, 0xd0,
    0x1, 0x50, 0x0, 0x6, 0xff, 0x60, 0x7, 0xff,
    0xfc, 0x2, 0xdf, 0x70, 0x0, 0x6f, 0xf6, 0x0,
    0xdf, 0xff, 0x93, 0xef, 0xff, 0xb3, 0x6, 0xff,
    0x61, 0xbf, 0xff, 0xf4, 0x2e, 0xff, 0xff, 0xfe,
    0xdf, 0xfd, 0xff, 0xff, 0xfa, 0x0, 0x2c, 0xff,
    0xff, 0xff, 0xff, 0xff, 0xff, 0xfc, 0x0, 0x0,
    0x7, 0xef, 0xff, 0xff, 0xff, 0xff, 0xf7, 0x0,
    0x0, 0x0, 0x0, 0x59, 0xbf, 0xff, 0xe9, 0x50,
    0x0, 0x0, 0x0, 0x0, 0x0, 0x0, 0xcf, 0xfb,
    0x0, 0x0, 0x0, 0x0, 0x0, 0x0, 0x0, 0xc,
    0xff, 0xb0, 0x0, 0x0, 0x0, 0x0, 0x0, 0x0,
    0x0, 0xcf, 0xfb, 0x0, 0x0, 0x0, 0x0,

    /* U+0025 "%" */
    0x0, 0x1, 0x8d, 0xff, 0xea, 0x30, 0x0, 0x0,
    0x0, 0x0, 0x0, 0x7f, 0xff, 0xa0, 0x0, 0x0,
    0x0, 0x3e, 0xff, 0xff, 0xff, 0xf8, 0x0, 0x0,
    0x0, 0x0, 0x2, 0xff, 0xfe, 0x10, 0x0, 0x0,
    0x0, 0xef, 0xff, 0xcb, 0xff, 0xff, 0x50, 0x0,
    0x0, 0x0, 0xd, 0xff, 0xf4, 0x0, 0x0, 0x0,
    0x7, 0xff, 0xf8, 0x0, 0x2f, 0xff, 0xd0, 0x0,
    0x0, 0x0, 0x8f, 0xff, 0x90, 0x0, 0x0, 0x0,
    0xc, 0xff, 0xf1, 0x0, 0xa, 0xff, 0xf2, 0x0,
    0x0, 0x3, 0xff, 0xfd, 0x0, 0x0, 0x0, 0x0,
    0xe, 0xff, 0xe0, 0x0, 0x8, 0xff, 0xf5, 0x0,
    0x0, 0xe, 0xff, 0xf3, 0x0, 0x0, 0x0, 0x0,
    0xf, 0xff, 0xe0, 0x0, 0x8, 0xff, 0xf6, 0x0,
    0x0, 0xaf, 0xff, 0x70, 0x0, 0x0, 0x0, 0x0,
    0xf, 0xff, 0xe0, 0x0, 0x8, 0xff, 0xf6, 0x0,
    0x5, 0xff, 0xfc, 0x0, 0x0, 0x0, 0x0, 0x0,
    0xe, 0xff, 0xf0, 0x0, 0x9, 0xff, 0xf4, 0x0,
    0x1e, 0xff, 0xf2, 0x0, 0x0, 0x0, 0x0, 0x0,
    0xa, 0xff, 0xf2, 0x0, 0xc, 0xff, 0xf1, 0x0,
    0xbf, 0xff, 0x60, 0x0, 0x0, 0x0, 0x0, 0x0,
    0x5, 0xff, 0xfb, 0x10, 0x6f, 0xff, 0xb0, 0x6,
    0xff, 0xfb, 0x0, 0x0, 0x0, 0x0, 0x0, 0x0,
    0x0, 0xbf, 0xff, 0xff, 0xff, 0xff, 0x20, 0x2f,
    0xff, 0xe1, 0x0, 0x7c, 0xff, 0xeb, 0x40, 0x0,
    0x0, 0xa, 0xff, 0xff, 0xff, 0xe3, 0x0, 0xcf,
    0xff, 0x40, 0x2d, 0xff, 0xff, 0xff, 0xf9, 0x0,
    0x0, 0x0, 0x37, 0xaa, 0x95, 0x0, 0x8, 0xff,
    0xf9, 0x0, 0xcf, 0xff, 0xdb, 0xef, 0xff, 0x60,
    0x0, 0x0, 0x0, 0x0, 0x0, 0x0, 0x3f, 0xff,
    0xd0, 0x5, 0xff, 0xfa, 0x0, 0x1e, 0xff, 0xe0,
    0x0, 0x0, 0x0, 0x0, 0x0, 0x0, 0xdf, 0xff,
    0x30, 0xa, 0xff, 0xf3, 0x0, 0x9, 0xff, 0xf3,
    0x0, 0x0, 0x0, 0x0, 0x0, 0x9, 0xff, 0xf8,
    0x0, 0xd, 0xff, 0xf0, 0x0, 0x7, 0xff, 0xf6,
    0x0, 0x0, 0x0, 0x0, 0x0, 0x4f, 0xff, 0xc0,
    0x0, 0xe, 0xff, 0xf0, 0x0, 0x6, 0xff, 0xf7,
    0x0, 0x0, 0x0, 0x0, 0x1, 0xef, 0xff, 0x20,
    0x0, 0xe, 0xff, 0xf0, 0x0, 0x6, 0xff, 0xf7,
    0x0, 0x0, 0x0, 0x0, 0xa, 0xff, 0xf6, 0x0,
    0x0, 0xd, 0xff, 0xf0, 0x0, 0x7, 0xff, 0xf6,
    0x0, 0x0, 0x0, 0x0, 0x6f, 0xff, 0xb0, 0x0,
    0x0, 0xa, 0xff, 0xf2, 0x0, 0x9, 0xff, 0xf3,
    0x0, 0x0, 0x0, 0x2, 0xff, 0xfe, 0x10, 0x0,
    0x0, 0x5, 0xff, 0xfa, 0x0, 0x1e, 0xff, 0xe0,
    0x0, 0x0, 0x0, 0xc, 0xff, 0xf5, 0x0, 0x0,
    0x0, 0x0, 0xdf, 0xff, 0xda, 0xef, 0xff, 0x60,
    0x0, 0x0, 0x0, 0x7f, 0xff, 0xa0, 0x0, 0x0,
    0x0, 0x0, 0x2d, 0xff, 0xff, 0xff, 0xf9, 0x0,
    0x0, 0x0, 0x3, 0xff, 0xfe, 0x0, 0x0, 0x0,
    0x0, 0x0, 0x0, 0x7c, 0xff, 0xeb, 0x40, 0x0,

    /* U+0026 "&" */
    0x0, 0x0, 0x2, 0x8d, 0xff, 0xfc, 0x82, 0x0,
    0x0, 0x0, 0x0, 0x0, 0x0, 0x0, 0x8f, 0xff,
    0xff, 0xff, 0xff, 0x80, 0x0, 0x0, 0x0, 0x0,
    0x0, 0x9, 0xff, 0xff, 0xff, 0xff, 0xff, 0xf7,
    0x0, 0x0, 0x0, 0x0, 0x0, 0x3f, 0xff, 0xff,
    0x98, 0xbf, 0xff, 0xff, 0x10, 0x0, 0x0, 0x0,
    0x0, 0x8f, 0xff, 0xf2, 0x0, 0x6, 0xff, 0xff,
    0x40, 0x0, 0x0, 0x0, 0x0, 0xaf, 0xff, 0xb0,
    0x0, 0x0, 0xff, 0xff, 0x50, 0x0, 0x0, 0x0,
    0x0, 0x9f, 0xff, 0xa0, 0x0, 0x0, 0xff, 0xff,
    0x30, 0x0, 0x0, 0x0, 0x0, 0x5f, 0xff, 0xf1,
    0x0, 0x5, 0xff, 0xfc, 0x0, 0x0, 0x0, 0x0,
    0x0, 0xd, 0xff, 0xfa, 0x0, 0x4f, 0xff, 0xf3,
    0x0, 0x0, 0x0, 0x0, 0x0, 0x3, 0xff, 0xff,
    0x88, 0xff, 0xfe, 0x30, 0x0, 0x0, 0x0, 0x0,
    0x0, 0x0, 0x6f, 0xff, 0xff, 0xff, 0xa1, 0x0,
    0x0, 0x0, 0x0, 0x0, 0x0, 0x0, 0x8f, 0xff,
    0xff, 0xf7, 0x0, 0x0, 0x6f, 0xff, 0xff, 0x40,
    0x0, 0x2d, 0xff, 0xff, 0xff, 0xfe, 0x10, 0x0,
    0x7f, 0xff, 0xff, 0x40, 0x3, 0xff, 0xff, 0xfb,
    0xff, 0xff, 0xd1, 0x0, 0xaf, 0xff, 0xff, 0x40,
    0xe, 0xff, 0xfd, 0x20, 0xaf, 0xff, 0xfc, 0x0,
    0xdf, 0xff, 0xbb, 0x30, 0x7f, 0xff, 0xf2, 0x0,
    0xb, 0xff, 0xff, 0xc2, 0xff, 0xfb, 0x0, 0x0,
    0xcf, 0xff, 0xc0, 0x0, 0x0, 0xcf, 0xff, 0xfe,
    0xff, 0xf7, 0x0, 0x0, 0xef, 0xff, 0xb0, 0x0,
    0x0, 0x1d, 0xff, 0xff, 0xff, 0xf1, 0x0, 0x0,
    0xef, 0xff, 0xc0, 0x0, 0x0, 0x1, 0xdf, 0xff,
    0xff, 0xa0, 0x0, 0x0, 0xcf, 0xff, 0xf3, 0x0,
    0x0, 0x0, 0x2f, 0xff, 0xff, 0x80, 0x0, 0x0,
    0x8f, 0xff, 0xfe, 0x40, 0x0, 0x3, 0xcf, 0xff,
    0xff, 0xf5, 0x0, 0x0, 0x1f, 0xff, 0xff, 0xfe,
    0xcc, 0xef, 0xff, 0xff, 0xff, 0xff, 0x30, 0x0,
    0x5, 0xff, 0xff, 0xff, 0xff, 0xff, 0xff, 0xfa,
    0xff, 0xff, 0xe2, 0x0, 0x0, 0x4e, 0xff, 0xff,
    0xff, 0xff, 0xfc, 0x20, 0x8f, 0xff, 0xfd, 0x10,
    0x0, 0x0, 0x6a, 0xdf, 0xff, 0xd9, 0x40, 0x0,
    0xb, 0xff, 0xff, 0xc0,

    /* U+0027 "'" */
    0x5f, 0xff, 0xb5, 0xff, 0xfb, 0x5f, 0xff, 0xb5,
    0xff, 0xfb, 0x5f, 0xff, 0xb5, 0xff, 0xfb, 0x5f,
    0xff, 0xb5, 0xff, 0xfb, 0x5f, 0xff, 0xb5, 0xff,
    0xfb, 0x5f, 0xff, 0xb0, 0x11, 0x10,

    /* U+0028 "(" */
    0x0, 0x0, 0x0, 0x4e, 0xff, 0xd1, 0x0, 0x0,
    0x3, 0xff, 0xff, 0x20, 0x0, 0x0, 0x1e, 0xff,
    0xf4, 0x0, 0x0, 0x0, 0xaf, 0xff, 0x90, 0x0,
    0x0, 0x4, 0xff, 0xfe, 0x0, 0x0, 0x0, 0xc,
    0xff, 0xf6, 0x0, 0x0, 0x0, 0x3f, 0xff, 0xe0,
    0x0, 0x0, 0x0, 0xaf, 0xff, 0x70, 0x0, 0x0,
    0x0, 0xff, 0xff, 0x20, 0x0, 0x0, 0x4, 0xff,
    0xfd, 0x0, 0x0, 0x0, 0x8, 0xff, 0xf9, 0x0,
    0x0, 0x0, 0xb, 0xff, 0xf6, 0x0, 0x0, 0x0,
    0xe, 0xff, 0xf4, 0x0, 0x0, 0x0, 0xf, 0xff,
    0xf3, 0x0, 0x0, 0x0, 0x1f, 0xff, 0xf2, 0x0,
    0x0, 0x0, 0x1f, 0xff, 0xf2, 0x0, 0x0, 0x0,
    0x1f, 0xff, 0xf2, 0x0, 0x0, 0x0, 0x1f, 0xff,
    0xf2, 0x0, 0x0, 0x0, 0xf, 0xff, 0xf3, 0x0,
    0x0, 0x0, 0xe, 0xff, 0xf4, 0x0, 0x0, 0x0,
    0xb, 0xff, 0xf6, 0x0, 0x0, 0x0, 0x8, 0xff,
    0xf9, 0x0, 0x0, 0x0, 0x4, 0xff, 0xfd, 0x0,
    0x0, 0x0, 0x0, 0xff, 0xff, 0x10, 0x0, 0x0,
    0x0, 0xaf, 0xff, 0x70, 0x0, 0x0, 0x0, 0x3f,
    0xff, 0xd0, 0x0, 0x0, 0x0, 0xc, 0xff, 0xf5,
    0x0, 0x0, 0x0, 0x4, 0xff, 0xfd, 0x0, 0x0,
    0x0, 0x0, 0xbf, 0xff, 0x80, 0x0, 0x0, 0x0,
    0x1e, 0xff, 0xf3, 0x0, 0x0, 0x0, 0x4, 0xff,
    0xfe, 0x20, 0x0, 0x0, 0x0, 0x5f, 0xff, 0xd1,

    /* U+0029 ")" */
    0x1c, 0xff, 0xf6, 0x0, 0x0, 0x0, 0x1, 0xdf,
    0xff, 0x50, 0x0, 0x0, 0x0, 0x2f, 0xff, 0xf2,
    0x0, 0x0, 0x0, 0x6, 0xff, 0xfc, 0x0, 0x0,
    0x0, 0x0, 0xcf, 0xff, 0x60, 0x0, 0x0, 0x0,
    0x4f, 0xff, 0xe0, 0x0, 0x0, 0x0, 0xc, 0xff,
    0xf5, 0x0, 0x0, 0x0, 0x5, 0xff, 0xfc, 0x0,
    0x0, 0x0, 0x0, 0xff, 0xff, 0x10, 0x0, 0x0,
    0x0, 0xbf, 0xff, 0x60, 0x0, 0x0, 0x0, 0x7f,
    0xff, 0xa0, 0x0, 0x0, 0x0, 0x4f, 0xff, 0xd0,
    0x0, 0x0, 0x0, 0x2f, 0xff, 0xf0, 0x0, 0x0,
    0x0, 0x1f, 0xff, 0xf2, 0x0, 0x0, 0x0, 0xf,
    0xff, 0xf3, 0x0, 0x0, 0x0, 0xf, 0xff, 0xf4,
    0x0, 0x0, 0x0, 0xf, 0xff, 0xf4, 0x0, 0x0,
    0x0, 0xf, 0xff, 0xf3, 0x0, 0x0, 0x0, 0x1f,
    0xff, 0xf2, 0x0, 0x0, 0x0, 0x2f, 0xff, 0xf0,
    0x0, 0x0, 0x0, 0x4f, 0xff, 0xd0, 0x0, 0x0,
    0x0, 0x7f, 0xff, 0xa0, 0x0, 0x0, 0x0, 0xbf,
    0xff, 0x60, 0x0, 0x0, 0x0, 0xff, 0xff, 0x10,
    0x0, 0x0, 0x5, 0xff, 0xfc, 0x0, 0x0, 0x0,
    0xc, 0xff, 0xf6, 0x0, 0x0, 0x0, 0x3f, 0xff,
    0xe0, 0x0, 0x0, 0x0, 0xcf, 0xff, 0x60, 0x0,
    0x0, 0x6, 0xff, 0xfd, 0x0, 0x0, 0x0, 0x2f,
    0xff, 0xf3, 0x0, 0x0, 0x1, 0xdf, 0xff, 0x60,
    0x0, 0x0, 0xc, 0xff, 0xf7, 0x0, 0x0, 0x0,

    /* U+002A "*" */
    0x0, 0x0, 0x0, 0xf, 0xff, 0xd0, 0x0, 0x0,
    0x0, 0x0, 0x0, 0x0, 0xf, 0xff, 0xc0, 0x0,
    0x0, 0x0, 0x0, 0x0, 0x0, 0xe, 0xff, 0xc0,
    0x0, 0x0, 0x0, 0x0, 0x0, 0x0, 0xe, 0xff,
    0xb0, 0x0, 0x0, 0x0, 0xc, 0xa4, 0x0, 0xd,
    0xff, 0xa0, 0x0, 0x5b, 0x90, 0x2f, 0xff, 0xd7,
    0x1c, 0xff, 0xa2, 0x8e, 0xff, 0xf0, 0x8f, 0xff,
    0xff, 0xff, 0xff, 0xef, 0xff, 0xff, 0xf4, 0x6c,
    0xff, 0xff, 0xff, 0xff, 0xff, 0xff, 0xff, 0xb4,
    0x0, 0x15, 0xae, 0xff, 0xff, 0xff, 0xe9, 0x40,
    0x0, 0x0, 0x0, 0x1, 0xef, 0xff, 0xfd, 0x0,
    0x0, 0x0, 0x0, 0x0, 0xc, 0xff, 0xff, 0xff,
    0x90, 0x0, 0x0, 0x0, 0x0, 0x9f, 0xff, 0x9b,
    0xff, 0xf6, 0x0, 0x0, 0x0, 0x6, 0xff, 0xfd,
    0x2, 0xff, 0xff, 0x40, 0x0, 0x0, 0x4f, 0xff,
    0xf3, 0x0, 0x6f, 0xff, 0xe2, 0x0, 0x0, 0x5f,
    0xff, 0x90, 0x0, 0xb, 0xff, 0xe3, 0x0, 0x0,
    0x2, 0xcd, 0x0, 0x0, 0x1, 0xf9, 0x0, 0x0,
    0x0, 0x0, 0x1, 0x0, 0x0, 0x0, 0x10, 0x0,
    0x0,

    /* U+002B "+" */
    0x0, 0x0, 0x0, 0x4, 0x44, 0x30, 0x0, 0x0,
    0x0, 0x0, 0x0, 0x0, 0x3f, 0xff, 0xc0, 0x0,
    0x0, 0x0, 0x0, 0x0, 0x0, 0x3f, 0xff, 0xc0,
    0x0, 0x0, 0x0, 0x0, 0x0, 0x0, 0x3f, 0xff,
    0xc0, 0x0, 0x0, 0x0, 0x0, 0x0, 0x0, 0x3f,
    0xff, 0xc0, 0x0, 0x0, 0x0, 0x0, 0x0, 0x0,
    0x3f, 0xff, 0xc0, 0x0, 0x0, 0x0, 0x0, 0x0,
    0x0, 0x3f, 0xff, 0xc0, 0x0, 0x0, 0x0, 0x59,
    0x99, 0x99, 0xaf, 0xff, 0xe9, 0x99, 0x99, 0x91,
    0x9f, 0xff, 0xff, 0xff, 0xff, 0xff, 0xff, 0xff,
    0xf3, 0x9f, 0xff, 0xff, 0xff, 0xff, 0xff, 0xff,
    0xff, 0xf3, 0x9f, 0xff, 0xff, 0xff, 0xff, 0xff,
    0xff, 0xff, 0xf3, 0x0, 0x0, 0x0, 0x3f, 0xff,
    0xc0, 0x0, 0x0, 0x0, 0x0, 0x0, 0x0, 0x3f,
    0xff, 0xc0, 0x0, 0x0, 0x0, 0x0, 0x0, 0x0,
    0x3f, 0xff, 0xc0, 0x0, 0x0, 0x0, 0x0, 0x0,
    0x0, 0x3f, 0xff, 0xc0, 0x0, 0x0, 0x0, 0x0,
    0x0, 0x0, 0x3f, 0xff, 0xc0, 0x0, 0x0, 0x0,
    0x0, 0x0, 0x0, 0x3f, 0xff, 0xc0, 0x0, 0x0,
    0x0, 0x0, 0x0, 0x0, 0x3f, 0xff, 0xc0, 0x0,
    0x0, 0x0,

    /* U+002C "," */
    0x0, 0x5, 0x74, 0x0, 0x0, 0xdf, 0xff, 0xb0,
    0x5, 0xff, 0xff, 0xf2, 0x7, 0xff, 0xff, 0xf4,
    0x5, 0xff, 0xff, 0xf3, 0x0, 0xcf, 0xff, 0xf0,
    0x0, 0x9, 0xff, 0xc0, 0x0, 0xd, 0xff, 0x50,
    0x0, 0x6f, 0xfc, 0x0, 0x3, 0xff, 0xe2, 0x0,
    0x3e, 0xfe, 0x30, 0x0,

    /* U+002D "-" */
    0x67, 0x77, 0x77, 0x77, 0x77, 0x2e, 0xff, 0xff,
    0xff, 0xff, 0xf5, 0xef, 0xff, 0xff, 0xff, 0xff,
    0x5e, 0xff, 0xff, 0xff, 0xff, 0xf5, 0xef, 0xff,
    0xff, 0xff, 0xff, 0x50,

    /* U+002E "." */
    0x4, 0xbc, 0xa2, 0x2, 0xff, 0xff, 0xd0, 0x7f,
    0xff, 0xff, 0x27, 0xff, 0xff, 0xf3, 0x4f, 0xff,
    0xff, 0x0, 0x7e, 0xfd, 0x40,

    /* U+002F "/" */
    0x0, 0x0, 0x0, 0x0, 0x0, 0xbf, 0xff, 0x10,
    0x0, 0x0, 0x0, 0x0, 0xf, 0xff, 0xc0, 0x0,
    0x0, 0x0, 0x0, 0x5, 0xff, 0xf6, 0x0, 0x0,
    0x0, 0x0, 0x0, 0xaf, 0xff, 0x10, 0x0, 0x0,
    0x0, 0x0, 0xf, 0xff, 0xc0, 0x0, 0x0, 0x0,
    0x0, 0x5, 0xff, 0xf7, 0x0, 0x0, 0x0, 0x0,
    0x0, 0xaf, 0xff, 0x20, 0x0, 0x0, 0x0, 0x0,
    0xf, 0xff, 0xc0, 0x0, 0x0, 0x0, 0x0, 0x4,
    0xff, 0xf7, 0x0, 0x0, 0x0, 0x0, 0x0, 0xaf,
    0xff, 0x20, 0x0, 0x0, 0x0, 0x0, 0xf, 0xff,
    0xd0, 0x0, 0x0, 0x0, 0x0, 0x4, 0xff, 0xf7,
    0x0, 0x0, 0x0, 0x0, 0x0, 0x9f, 0xff, 0x20,
    0x0, 0x0, 0x0, 0x0, 0xe, 0xff, 0xd0, 0x0,
    0x0, 0x0, 0x0, 0x4, 0xff, 0xf8, 0x0, 0x0,
    0x0, 0x0, 0x0, 0x9f, 0xff, 0x20, 0x0, 0x0,
    0x0, 0x0, 0xe, 0xff, 0xd0, 0x0, 0x0, 0x0,
    0x0, 0x3, 0xff, 0xf8, 0x0, 0x0, 0x0, 0x0,
    0x0, 0x9f, 0xff, 0x30, 0x0, 0x0, 0x0, 0x0,
    0xe, 0xff, 0xd0, 0x0, 0x0, 0x0, 0x0, 0x3,
    0xff, 0xf8, 0x0, 0x0, 0x0, 0x0, 0x0, 0x8f,
    0xff, 0x30, 0x0, 0x0, 0x0, 0x0, 0xd, 0xff,
    0xe0, 0x0, 0x0, 0x0, 0x0, 0x3, 0xff, 0xf9,
    0x0, 0x0, 0x0, 0x0, 0x0, 0x8f, 0xff, 0x30,
    0x0, 0x0, 0x0, 0x0, 0xd, 0xff, 0xe0, 0x0,
    0x0, 0x0, 0x0, 0x2, 0xff, 0xf9, 0x0, 0x0,
    0x0, 0x0, 0x0, 0x8f, 0xff, 0x40, 0x0, 0x0,
    0x0, 0x0, 0xd, 0xff, 0xe0, 0x0, 0x0, 0x0,
    0x0, 0x2, 0xff, 0xf9, 0x0, 0x0, 0x0, 0x0,
    0x0, 0x7f, 0xff, 0x40, 0x0, 0x0, 0x0, 0x0,
    0x5, 0x88, 0x70, 0x0, 0x0, 0x0, 0x0, 0x0,

    /* U+0030 "0" */
    0x0, 0x0, 0x1, 0x7c, 0xef, 0xfd, 0xa5, 0x0,
    0x0, 0x0, 0x0, 0x0, 0x7f, 0xff, 0xff, 0xff,
    0xff, 0xd3, 0x0, 0x0, 0x0, 0x9, 0xff, 0xff,
    0xff, 0xff, 0xff, 0xff, 0x30, 0x0, 0x0, 0x6f,
    0xff, 0xff, 0xfe, 0xef, 0xff, 0xff, 0xe1, 0x0,
    0x0, 0xef, 0xff, 0xf7, 0x10, 0x2, 0xcf, 0xff,
    0xf9, 0x0, 0x6, 0xff, 0xff, 0x80, 0x0, 0x0,
    0xd, 0xff, 0xff, 0x0, 0xc, 0xff, 0xff, 0x0,
    0x0, 0x0, 0x6, 0xff, 0xff, 0x50, 0xf, 0xff,
    0xfb, 0x0, 0x0, 0x0, 0x1, 0xff, 0xff, 0x90,
    0x3f, 0xff, 0xf8, 0x0, 0x0, 0x0, 0x0, 0xff,
    0xff, 0xc0, 0x5f, 0xff, 0xf7, 0x0, 0x0, 0x0,
    0x0, 0xdf, 0xff, 0xf0, 0x7f, 0xff, 0xf7, 0x0,
    0x0, 0x0, 0x0, 0xdf, 0xff, 0xf0, 0x8f, 0xff,
    0xf7, 0x0, 0x0, 0x0, 0x0, 0xdf, 0xff, 0xf1,
    0x8f, 0xff, 0xf7, 0x0, 0x0, 0x0, 0x0, 0xdf,
    0xff, 0xf1, 0x8f, 0xff, 0xf7, 0x0, 0x0, 0x0,
    0x0, 0xdf, 0xff, 0xf1, 0x7f, 0xff, 0xf7, 0x0,
    0x0, 0x0, 0x0, 0xdf, 0xff, 0xf0, 0x5f, 0xff,
    0xf7, 0x0, 0x0, 0x0, 0x0, 0xdf, 0xff, 0xf0,
    0x3f, 0xff, 0xf8, 0x0, 0x0, 0x0, 0x0, 0xff,
    0xff, 0xc0, 0xf, 0xff, 0xfb, 0x0, 0x0, 0x0,
    0x1, 0xff, 0xff, 0x90, 0xc, 0xff, 0xff, 0x0,
    0x0, 0x0, 0x6, 0xff, 0xff, 0x50, 0x6, 0xff,
    0xff, 0x80, 0x0, 0x0, 0xd, 0xff, 0xff, 0x0,
    0x0, 0xef, 0xff, 0xf7, 0x0, 0x2, 0xcf, 0xff,
    0xf9, 0x0, 0x0, 0x6f, 0xff, 0xff, 0xfe, 0xef,
    0xff, 0xff, 0xe1, 0x0, 0x0, 0x9, 0xff, 0xff,
    0xff, 0xff, 0xff, 0xff, 0x30, 0x0, 0x0, 0x0,
    0x7f, 0xff, 0xff, 0xff, 0xff, 0xd3, 0x0, 0x0,
    0x0, 0x0, 0x1, 0x8c, 0xef, 0xfd, 0xa5, 0x0,
    0x0, 0x0,

    /* U+0031 "1" */
    0x0, 0x0, 0x0, 0xbf, 0xff, 0xff, 0xfc, 0x0,
    0x0, 0x0, 0x0, 0x0, 0x9, 0xff, 0xff, 0xff,
    0xfc, 0x0, 0x0, 0x0, 0x0, 0x0, 0x7f, 0xff,
    0xff, 0xff, 0xfc, 0x0, 0x0, 0x0, 0x0, 0x5,
    0xff, 0xff, 0xbe, 0xff, 0xfc, 0x0, 0x0, 0x0,
    0x0, 0x3f, 0xff, 0xfc, 0xd, 0xff, 0xfc, 0x0,
    0x0, 0x0, 0x1, 0xef, 0xff, 0xe1, 0xd, 0xff,
    0xfc, 0x0, 0x0, 0x0, 0xd, 0xff, 0xff, 0x30,
    0xd, 0xff, 0xfc, 0x0, 0x0, 0x0, 0x4f, 0xff,
    0xf4, 0x0, 0xd, 0xff, 0xfc, 0x0, 0x0, 0x0,
    0x3, 0xef, 0x60, 0x0, 0xd, 0xff, 0xfc, 0x0,
    0x0, 0x0, 0x0, 0x17, 0x0, 0x0, 0xd, 0xff,
    0xfc, 0x0, 0x0, 0x0, 0x0, 0x0, 0x0, 0x0,
    0xd, 0xff, 0xfc, 0x0, 0x0, 0x0, 0x0, 0x0,
    0x0, 0x0, 0xd, 0xff, 0xfc, 0x0, 0x0, 0x0,
    0x0, 0x0, 0x0, 0x0, 0xd, 0xff, 0xfc, 0x0,
    0x0, 0x0, 0x0, 0x0, 0x0, 0x0, 0xd, 0xff,
    0xfc, 0x0, 0x0, 0x0, 0x0, 0x0, 0x0, 0x0,
    0xd, 0xff, 0xfc, 0x0, 0x0, 0x0, 0x0, 0x0,
    0x0, 0x0, 0xd, 0xff, 0xfc, 0x0, 0x0, 0x0,
    0x0, 0x0, 0x0, 0x0, 0xd, 0xff, 0xfc, 0x0,
    0x0, 0x0, 0x0, 0x0, 0x0, 0x0, 0xd, 0xff,
    0xfc, 0x0, 0x0, 0x0, 0x0, 0x0, 0x0, 0x0,
    0xd, 0xff, 0xfc, 0x0, 0x0, 0x0, 0x0, 0x0,
    0x0, 0x0, 0xd, 0xff, 0xfc, 0x0, 0x0, 0x0,
    0x0, 0x0, 0x0, 0x0, 0xd, 0xff, 0xfc, 0x0,
    0x0, 0x0, 0x0, 0x8b, 0xbb, 0xbb, 0xbf, 0xff,
    0xff, 0xbb, 0xbb, 0xb5, 0x0, 0xbf, 0xff, 0xff,
    0xff, 0xff, 0xff, 0xff, 0xff, 0xf7, 0x0, 0xbf,
    0xff, 0xff, 0xff, 0xff, 0xff, 0xff, 0xff, 0xf7,
    0x0, 0xbf, 0xff, 0xff, 0xff, 0xff, 0xff, 0xff,
    0xff, 0xf7,

    /* U+0032 "2" */
    0x0, 0x0, 0x3, 0x8c, 0xff, 0xfd, 0xa5, 0x0,
    0x0, 0x0, 0x0, 0x1a, 0xff, 0xff, 0xff, 0xff,
    0xfd, 0x30, 0x0, 0x0, 0x1d, 0xff, 0xff, 0xff,
    0xff, 0xff, 0xff, 0x40, 0x0, 0xc, 0xff, 0xff,
    0xff, 0xff, 0xff, 0xff, 0xfe, 0x0, 0x7, 0xff,
    0xff, 0xd4, 0x0, 0x28, 0xff, 0xff, 0xf7, 0x0,
    0xef, 0xff, 0xe1, 0x0, 0x0, 0x7, 0xff, 0xff,
    0xc0, 0x5, 0xbf, 0xf5, 0x0, 0x0, 0x0, 0xf,
    0xff, 0xfe, 0x0, 0x0, 0x17, 0x0, 0x0, 0x0,
    0x0, 0xef, 0xff, 0xf0, 0x0, 0x0, 0x0, 0x0,
    0x0, 0x0, 0xf, 0xff, 0xfe, 0x0, 0x0, 0x0,
    0x0, 0x0, 0x0, 0x3, 0xff, 0xff, 0xa0, 0x0,
    0x0, 0x0, 0x0, 0x0, 0x0, 0xaf, 0xff, 0xf5,
    0x0, 0x0, 0x0, 0x0, 0x0, 0x0, 0x5f, 0xff,
    0xfc, 0x0, 0x0, 0x0, 0x0, 0x0, 0x0, 0x4f,
    0xff, 0xff, 0x20, 0x0, 0x0, 0x0, 0x0, 0x0,
    0x5f, 0xff, 0xff, 0x40, 0x0, 0x0, 0x0, 0x0,
    0x0, 0x7f, 0xff, 0xff, 0x40, 0x0, 0x0, 0x0,
    0x0, 0x0, 0x9f, 0xff, 0xfe, 0x30, 0x0, 0x0,
    0x0, 0x0, 0x1, 0xbf, 0xff, 0xfd, 0x20, 0x0,
    0x0, 0x0, 0x0, 0x2, 0xdf, 0xff, 0xfb, 0x10,
    0x0, 0x0, 0x0, 0x0, 0x3, 0xef, 0xff, 0xf8,
    0x0, 0x0, 0x0, 0x0, 0x0, 0x5, 0xff, 0xff,
    0xf5, 0x0, 0x0, 0x0, 0x0, 0x0, 0x6, 0xff,
    0xff, 0xe3, 0x0, 0x0, 0x0, 0x0, 0x0, 0x0,
    0xbf, 0xff, 0xfe, 0xee, 0xee, 0xee, 0xee, 0xee,
    0xe8, 0xb, 0xff, 0xff, 0xff, 0xff, 0xff, 0xff,
    0xff, 0xff, 0xa0, 0xbf, 0xff, 0xff, 0xff, 0xff,
    0xff, 0xff, 0xff, 0xfa, 0xb, 0xff, 0xff, 0xff,
    0xff, 0xff, 0xff, 0xff, 0xff, 0xa0,

    /* U+0033 "3" */
    0x0, 0x0, 0x1, 0x7b, 0xef, 0xfe, 0xc9, 0x30,
    0x0, 0x0, 0x0, 0x0, 0x8f, 0xff, 0xff, 0xff,
    0xff, 0xfc, 0x20, 0x0, 0x0, 0xb, 0xff, 0xff,
    0xff, 0xff, 0xff, 0xff, 0xf2, 0x0, 0x0, 0xbf,
    0xff, 0xff, 0xec, 0xcf, 0xff, 0xff, 0xfd, 0x0,
    0x0, 0xaf, 0xff, 0xc4, 0x0, 0x0, 0x7f, 0xff,
    0xff, 0x40, 0x0, 0x8, 0xfa, 0x0, 0x0, 0x0,
    0x9, 0xff, 0xff, 0x70, 0x0, 0x0, 0x40, 0x0,
    0x0, 0x0, 0x5, 0xff, 0xff, 0x80, 0x0, 0x0,
    0x0, 0x0, 0x0, 0x0, 0x5, 0xff, 0xff, 0x60,
    0x0, 0x0, 0x0, 0x0, 0x0, 0x0, 0xc, 0xff,
    0xff, 0x10, 0x0, 0x0, 0x0, 0x0, 0x0, 0x14,
    0xbf, 0xff, 0xf7, 0x0, 0x0, 0x0, 0x0, 0xf,
    0xff, 0xff, 0xff, 0xff, 0x60, 0x0, 0x0, 0x0,
    0x0, 0xf, 0xff, 0xff, 0xff, 0x71, 0x0, 0x0,
    0x0, 0x0, 0x0, 0xf, 0xff, 0xff, 0xff, 0xfa,
    0x20, 0x0, 0x0, 0x0, 0x0, 0xc, 0xcc, 0xdf,
    0xff, 0xff, 0xf4, 0x0, 0x0, 0x0, 0x0, 0x0,
    0x0, 0x1, 0x6f, 0xff, 0xff, 0x20, 0x0, 0x0,
    0x0, 0x0, 0x0, 0x0, 0x5, 0xff, 0xff, 0x90,
    0x0, 0x0, 0x0, 0x0, 0x0, 0x0, 0x0, 0xef,
    0xff, 0xe0, 0x0, 0x0, 0x0, 0x0, 0x0, 0x0,
    0x0, 0xdf, 0xff, 0xf0, 0x0, 0x8, 0xb0, 0x0,
    0x0, 0x0, 0x0, 0xef, 0xff, 0xf0, 0x1, 0xbf,
    0xf8, 0x0, 0x0, 0x0, 0x5, 0xff, 0xff, 0xc0,
    0xd, 0xff, 0xff, 0xa2, 0x0, 0x0, 0x6f, 0xff,
    0xff, 0x70, 0x4, 0xff, 0xff, 0xff, 0xec, 0xcf,
    0xff, 0xff, 0xfd, 0x0, 0x0, 0x5f, 0xff, 0xff,
    0xff, 0xff, 0xff, 0xff, 0xe2, 0x0, 0x0, 0x3,
    0xcf, 0xff, 0xff, 0xff, 0xff, 0xfa, 0x10, 0x0,
    0x0, 0x0, 0x4, 0x9d, 0xff, 0xfe, 0xb7, 0x20,
    0x0, 0x0,

    /* U+0034 "4" */
    0x0, 0x0, 0x0, 0x0, 0x2, 0xff, 0xff, 0xff,
    0x0, 0x0, 0x0, 0x0, 0x0, 0x0, 0xb, 0xff,
    0xff, 0xff, 0x0, 0x0, 0x0, 0x0, 0x0, 0x0,
    0x5f, 0xff, 0xff, 0xff, 0x0, 0x0, 0x0, 0x0,
    0x0, 0x1, 0xef, 0xff, 0xff, 0xff, 0x0, 0x0,
    0x0, 0x0, 0x0, 0x9, 0xff, 0xfb, 0xff, 0xff,
    0x0, 0x0, 0x0, 0x0, 0x0, 0x3f, 0xff, 0xa6,
    0xff, 0xff, 0x0, 0x0, 0x0, 0x0, 0x0, 0xdf,
    0xff, 0x16, 0xff, 0xff, 0x0, 0x0, 0x0, 0x0,
    0x7, 0xff, 0xf6, 0x6, 0xff, 0xff, 0x0, 0x0,
    0x0, 0x0, 0x2f, 0xff, 0xc0, 0x6, 0xff, 0xff,
    0x0, 0x0, 0x0, 0x0, 0xbf, 0xff, 0x30, 0x6,
    0xff, 0xff, 0x0, 0x0, 0x0, 0x5, 0xff, 0xf9,
    0x0, 0x6, 0xff, 0xff, 0x0, 0x0, 0x0, 0xe,
    0xff, 0xe1, 0x0, 0x6, 0xff, 0xff, 0x0, 0x0,
    0x0, 0x9f, 0xff, 0x60, 0x0, 0x6, 0xff, 0xff,
    0x0, 0x0, 0x3, 0xff, 0xfc, 0x0, 0x0, 0x6,
    0xff, 0xff, 0x0, 0x0, 0xd, 0xff, 0xf2, 0x0,
    0x0, 0x6, 0xff, 0xff, 0x0, 0x0, 0x7f, 0xff,
    0x80, 0x0, 0x0, 0x6, 0xff, 0xff, 0x0, 0x0,
    0xdf, 0xff, 0xa9, 0x99, 0x99, 0x9c, 0xff, 0xff,
    0x99, 0x92, 0xdf, 0xff, 0xff, 0xff, 0xff, 0xff,
    0xff, 0xff, 0xff, 0xf4, 0xdf, 0xff, 0xff, 0xff,
    0xff, 0xff, 0xff, 0xff, 0xff, 0xf4, 0xdf, 0xff,
    0xff, 0xff, 0xff, 0xff, 0xff, 0xff, 0xff, 0xf4,
    0x0, 0x0, 0x0, 0x0, 0x0, 0x6, 0xff, 0xff,
    0x0, 0x0, 0x0, 0x0, 0x0, 0x0, 0x0, 0x6,
    0xff, 0xff, 0x0, 0x0, 0x0, 0x0, 0x0, 0x0,
    0x0, 0x6, 0xff, 0xff, 0x0, 0x0, 0x0, 0x0,
    0x0, 0x0, 0x0, 0x6, 0xff, 0xff, 0x0, 0x0,
    0x0, 0x0, 0x0, 0x0, 0x0, 0x6, 0xff, 0xff,
    0x0, 0x0,

    /* U+0035 "5" */
    0x4, 0xff, 0xff, 0xff, 0xff, 0xff, 0xff, 0xff,
    0x80, 0x5, 0xff, 0xff, 0xff, 0xff, 0xff, 0xff,
    0xff, 0x80, 0x6, 0xff, 0xff, 0xff, 0xff, 0xff,
    0xff, 0xff, 0x80, 0x7, 0xff, 0xff, 0xff, 0xff,
    0xff, 0xff, 0xff, 0x70, 0x8, 0xff, 0xf3, 0x0,
    0x0, 0x0, 0x0, 0x0, 0x0, 0x9, 0xff, 0xf1,
    0x0, 0x0, 0x0, 0x0, 0x0, 0x0, 0xa, 0xff,
    0xf0, 0x0, 0x0, 0x0, 0x0, 0x0, 0x0, 0xb,
    0xff, 0xf0, 0x0, 0x0, 0x0, 0x0, 0x0, 0x0,
    0xd, 0xff, 0xe0, 0x3, 0x9b, 0xba, 0x71, 0x0,
    0x0, 0xe, 0xff, 0xc0, 0x7f, 0xff, 0xff, 0xff,
    0x80, 0x0, 0xf, 0xff, 0xb5, 0xff, 0xff, 0xff,
    0xff, 0xfb, 0x0, 0xf, 0xff, 0xbe, 0xff, 0xff,
    0xff, 0xff, 0xff, 0x80, 0x1f, 0xff, 0xff, 0x72,
    0x0, 0x4c, 0xff, 0xff, 0xf2, 0x7, 0x9c, 0xd2,
    0x0, 0x0, 0x0, 0xcf, 0xff, 0xf8, 0x0, 0x0,
    0x0, 0x0, 0x0, 0x0, 0x4f, 0xff, 0xfb, 0x0,
    0x0, 0x0, 0x0, 0x0, 0x0, 0xf, 0xff, 0xfd,
    0x0, 0x0, 0x0, 0x0, 0x0, 0x0, 0xf, 0xff,
    0xfd, 0x0, 0x1, 0x0, 0x0, 0x0, 0x0, 0xf,
    0xff, 0xfc, 0x0, 0x9e, 0x10, 0x0, 0x0, 0x0,
    0x4f, 0xff, 0xfa, 0x1c, 0xff, 0xb0, 0x0, 0x0,
    0x0, 0xbf, 0xff, 0xf5, 0xcf, 0xff, 0xfc, 0x20,
    0x0, 0x1a, 0xff, 0xff, 0xe0, 0x3f, 0xff, 0xff,
    0xfd, 0xcd, 0xff, 0xff, 0xff, 0x50, 0x4, 0xff,
    0xff, 0xff, 0xff, 0xff, 0xff, 0xf7, 0x0, 0x0,
    0x2c, 0xff, 0xff, 0xff, 0xff, 0xfe, 0x50, 0x0,
    0x0, 0x0, 0x49, 0xdf, 0xff, 0xda, 0x60, 0x0,
    0x0,

    /* U+0036 "6" */
    0x0, 0x0, 0x0, 0x0, 0x2c, 0xff, 0xff, 0xf6,
    0x0, 0x0, 0x0, 0x0, 0x0, 0x4e, 0xff, 0xff,
    0xd3, 0x0, 0x0, 0x0, 0x0, 0x0, 0x4f, 0xff,
    0xff, 0xb1, 0x0, 0x0, 0x0, 0x0, 0x0, 0x4f,
    0xff, 0xff, 0x90, 0x0, 0x0, 0x0, 0x0, 0x0,
    0x2f, 0xff, 0xff, 0x70, 0x0, 0x0, 0x0, 0x0,
    0x0, 0xd, 0xff, 0xff, 0x70, 0x0, 0x0, 0x0,
    0x0, 0x0, 0x8, 0xff, 0xff, 0x90, 0x0, 0x0,
    0x0, 0x0, 0x0, 0x2, 0xff, 0xff, 0xd0, 0x0,
    0x0, 0x0, 0x0, 0x0, 0x0, 0x9f, 0xff, 0xf3,
    0x0, 0x0, 0x0, 0x0, 0x0, 0x0, 0x1f, 0xff,
    0xfb, 0x3, 0xae, 0xff, 0xc7, 0x10, 0x0, 0x6,
    0xff, 0xff, 0x47, 0xff, 0xff, 0xff, 0xfe, 0x40,
    0x0, 0xbf, 0xff, 0xe6, 0xff, 0xff, 0xff, 0xff,
    0xff, 0x40, 0xf, 0xff, 0xfc, 0xef, 0xc9, 0xad,
    0xff, 0xff, 0xfe, 0x1, 0xff, 0xff, 0xfd, 0x20,
    0x0, 0x4, 0xff, 0xff, 0xf6, 0x2f, 0xff, 0xff,
    0x20, 0x0, 0x0, 0x5, 0xff, 0xff, 0xb3, 0xff,
    0xff, 0xb0, 0x0, 0x0, 0x0, 0xf, 0xff, 0xfe,
    0x2f, 0xff, 0xf9, 0x0, 0x0, 0x0, 0x0, 0xdf,
    0xff, 0xf0, 0xff, 0xff, 0x90, 0x0, 0x0, 0x0,
    0xd, 0xff, 0xff, 0xd, 0xff, 0xfc, 0x0, 0x0,
    0x0, 0x0, 0xff, 0xff, 0xc0, 0x8f, 0xff, 0xf2,
    0x0, 0x0, 0x0, 0x6f, 0xff, 0xf8, 0x1, 0xff,
    0xff, 0xd2, 0x0, 0x0, 0x5f, 0xff, 0xff, 0x10,
    0x7, 0xff, 0xff, 0xfc, 0xaa, 0xdf, 0xff, 0xff,
    0x70, 0x0, 0xa, 0xff, 0xff, 0xff, 0xff, 0xff,
    0xff, 0x90, 0x0, 0x0, 0x7, 0xff, 0xff, 0xff,
    0xff, 0xff, 0x60, 0x0, 0x0, 0x0, 0x1, 0x7c,
    0xef, 0xfe, 0xb7, 0x10, 0x0, 0x0,

    /* U+0037 "7" */
    0xdf, 0xff, 0xff, 0xff, 0xff, 0xff, 0xff, 0xff,
    0xf8, 0xdf, 0xff, 0xff, 0xff, 0xff, 0xff, 0xff,
    0xff, 0xf8, 0xdf, 0xff, 0xff, 0xff, 0xff, 0xff,
    0xff, 0xff, 0xf8, 0xdf, 0xff, 0xcb, 0xbb, 0xbb,
    0xbb, 0xcf, 0xff, 0xf8, 0xdf, 0xff, 0x10, 0x0,
    0x0, 0x0, 0x6f, 0xff, 0xf4, 0xdf, 0xff, 0x10,
    0x0, 0x0, 0x0, 0xdf, 0xff, 0xe0, 0xdf, 0xff,
    0x10, 0x0, 0x0, 0x3, 0xff, 0xff, 0x70, 0xdf,
    0xff, 0x10, 0x0, 0x0, 0xa, 0xff, 0xff, 0x10,
    0x45, 0x55, 0x0, 0x0, 0x0, 0x1f, 0xff, 0xfa,
    0x0, 0x0, 0x0, 0x0, 0x0, 0x0, 0x7f, 0xff,
    0xf4, 0x0, 0x0, 0x0, 0x0, 0x0, 0x0, 0xef,
    0xff, 0xd0, 0x0, 0x0, 0x0, 0x0, 0x0, 0x5,
    0xff, 0xff, 0x70, 0x0, 0x0, 0x0, 0x0, 0x0,
    0xb, 0xff, 0xff, 0x10, 0x0, 0x0, 0x0, 0x0,
    0x0, 0x2f, 0xff, 0xfa, 0x0, 0x0, 0x0, 0x0,
    0x0, 0x0, 0x8f, 0xff, 0xf3, 0x0, 0x0, 0x0,
    0x0, 0x0, 0x0, 0xff, 0xff, 0xc0, 0x0, 0x0,
    0x0, 0x0, 0x0, 0x6, 0xff, 0xff, 0x60, 0x0,
    0x0, 0x0, 0x0, 0x0, 0xc, 0xff, 0xff, 0x0,
    0x0, 0x0, 0x0, 0x0, 0x0, 0x3f, 0xff, 0xf9,
    0x0, 0x0, 0x0, 0x0, 0x0, 0x0, 0xaf, 0xff,
    0xf2, 0x0, 0x0, 0x0, 0x0, 0x0, 0x1, 0xff,
    0xff, 0xc0, 0x0, 0x0, 0x0, 0x0, 0x0, 0x7,
    0xff, 0xff, 0x50, 0x0, 0x0, 0x0, 0x0, 0x0,
    0xd, 0xff, 0xfe, 0x0, 0x0, 0x0, 0x0, 0x0,
    0x0, 0x4f, 0xff, 0xf8, 0x0, 0x0, 0x0, 0x0,
    0x0, 0x0, 0xbf, 0xff, 0xf2, 0x0, 0x0, 0x0,
    0x0,

    /* U+0038 "8" */
    0x0, 0x0, 0x5, 0xad, 0xff, 0xfe, 0xc8, 0x20,
    0x0, 0x0, 0x0, 0x3d, 0xff, 0xff, 0xff, 0xff,
    0xff, 0xa1, 0x0, 0x0, 0x4f, 0xff, 0xff, 0xff,
    0xff, 0xff, 0xff, 0xc0, 0x0, 0xe, 0xff, 0xff,
    0xfb, 0x9a, 0xdf, 0xff, 0xff, 0x90, 0x5, 0xff,
    0xff, 0xb1, 0x0, 0x0, 0x3e, 0xff, 0xff, 0x0,
    0x8f, 0xff, 0xf1, 0x0, 0x0, 0x0, 0x7f, 0xff,
    0xf2, 0x9, 0xff, 0xfd, 0x0, 0x0, 0x0, 0x3,
    0xff, 0xff, 0x20, 0x6f, 0xff, 0xe0, 0x0, 0x0,
    0x0, 0x4f, 0xff, 0xf0, 0x1, 0xff, 0xff, 0x40,
    0x0, 0x0, 0xa, 0xff, 0xfa, 0x0, 0x5, 0xff,
    0xff, 0x72, 0x0, 0x3a, 0xff, 0xfd, 0x10, 0x0,
    0x4, 0xef, 0xff, 0xff, 0xff, 0xff, 0xfa, 0x10,
    0x0, 0x0, 0x0, 0xbf, 0xff, 0xff, 0xff, 0xf5,
    0x0, 0x0, 0x0, 0x6, 0xef, 0xff, 0xff, 0xff,
    0xff, 0xfb, 0x20, 0x0, 0xa, 0xff, 0xff, 0xe9,
    0x77, 0xaf, 0xff, 0xff, 0x40, 0x7, 0xff, 0xff,
    0x90, 0x0, 0x0, 0x2d, 0xff, 0xff, 0x20, 0xff,
    0xff, 0xd0, 0x0, 0x0, 0x0, 0x3f, 0xff, 0xf9,
    0x3f, 0xff, 0xf8, 0x0, 0x0, 0x0, 0x0, 0xef,
    0xff, 0xd5, 0xff, 0xff, 0x70, 0x0, 0x0, 0x0,
    0xe, 0xff, 0xfe, 0x4f, 0xff, 0xf8, 0x0, 0x0,
    0x0, 0x0, 0xff, 0xff, 0xe2, 0xff, 0xff, 0xd0,
    0x0, 0x0, 0x0, 0x4f, 0xff, 0xfb, 0xc, 0xff,
    0xff, 0xb1, 0x0, 0x0, 0x3e, 0xff, 0xff, 0x60,
    0x3f, 0xff, 0xff, 0xfb, 0x9a, 0xdf, 0xff, 0xff,
    0xc0, 0x0, 0x6f, 0xff, 0xff, 0xff, 0xff, 0xff,
    0xff, 0xe2, 0x0, 0x0, 0x4d, 0xff, 0xff, 0xff,
    0xff, 0xff, 0xa1, 0x0, 0x0, 0x0, 0x5, 0x9d,
    0xff, 0xfe, 0xc8, 0x20, 0x0, 0x0,

    /* U+0039 "9" */
    0x0, 0x0, 0x3, 0x8c, 0xff, 0xfd, 0xa5, 0x0,
    0x0, 0x0, 0x0, 0x1a, 0xff, 0xff, 0xff, 0xff,
    0xfd, 0x30, 0x0, 0x0, 0x2e, 0xff, 0xff, 0xff,
    0xff, 0xff, 0xff, 0x40, 0x0, 0xd, 0xff, 0xff,
    0xfc, 0xaa, 0xef, 0xff, 0xff, 0x20, 0x7, 0xff,
    0xff, 0xc1, 0x0, 0x0, 0x6f, 0xff, 0xfa, 0x0,
    0xef, 0xff, 0xe0, 0x0, 0x0, 0x0, 0x8f, 0xff,
    0xf2, 0x3f, 0xff, 0xf9, 0x0, 0x0, 0x0, 0x2,
    0xff, 0xff, 0x65, 0xff, 0xff, 0x60, 0x0, 0x0,
    0x0, 0xf, 0xff, 0xfa, 0x5f, 0xff, 0xf6, 0x0,
    0x0, 0x0, 0x0, 0xff, 0xff, 0xc4, 0xff, 0xff,
    0x80, 0x0, 0x0, 0x0, 0x2f, 0xff, 0xfc, 0x2f,
    0xff, 0xfe, 0x0, 0x0, 0x0, 0x8, 0xff, 0xff,
    0xc0, 0xdf, 0xff, 0xfb, 0x10, 0x0, 0x6, 0xff,
    0xff, 0xfa, 0x5, 0xff, 0xff, 0xff, 0xb9, 0xae,
    0xfb, 0xff, 0xff, 0x80, 0x9, 0xff, 0xff, 0xff,
    0xff, 0xfe, 0x6f, 0xff, 0xf5, 0x0, 0x8, 0xff,
    0xff, 0xff, 0xfe, 0x2a, 0xff, 0xff, 0x0, 0x0,
    0x3, 0x9d, 0xff, 0xd8, 0x12, 0xff, 0xff, 0xa0,
    0x0, 0x0, 0x0, 0x0, 0x0, 0x0, 0xaf, 0xff,
    0xf3, 0x0, 0x0, 0x0, 0x0, 0x0, 0x0, 0x4f,
    0xff, 0xfb, 0x0, 0x0, 0x0, 0x0, 0x0, 0x0,
    0x1e, 0xff, 0xff, 0x20, 0x0, 0x0, 0x0, 0x0,
    0x0, 0x1d, 0xff, 0xff, 0x70, 0x0, 0x0, 0x0,
    0x0, 0x0, 0x1c, 0xff, 0xff, 0xb0, 0x0, 0x0,
    0x0, 0x0, 0x0, 0x2d, 0xff, 0xff, 0xc0, 0x0,
    0x0, 0x0, 0x0, 0x0, 0x3e, 0xff, 0xff, 0xd1,
    0x0, 0x0, 0x0, 0x0, 0x0, 0x7f, 0xff, 0xff,
    0xb1, 0x0, 0x0, 0x0, 0x0, 0x1, 0xbf, 0xff,
    0xff, 0x80, 0x0, 0x0, 0x0, 0x0,

    /* U+003A ":" */
    0x3, 0xdf, 0xe8, 0x0, 0xef, 0xff, 0xf5, 0x1f,
    0xff, 0xff, 0x81, 0xff, 0xff, 0xf8, 0xc, 0xff,
    0xff, 0x30, 0x19, 0xcb, 0x50, 0x0, 0x0, 0x0,
    0x0, 0x0, 0x0, 0x0, 0x0, 0x0, 0x0, 0x0,
    0x0, 0x0, 0x0, 0x0, 0x0, 0x0, 0x0, 0x0,
    0x0, 0x0, 0x0, 0x0, 0x0, 0x0, 0x19, 0xcb,
    0x50, 0xc, 0xff, 0xff, 0x31, 0xff, 0xff, 0xf8,
    0x1f, 0xff, 0xff, 0x80, 0xef, 0xff, 0xf5, 0x3,
    0xcf, 0xe8, 0x0,

    /* U+003B ";" */
    0x0, 0x3d, 0xfe, 0x80, 0x0, 0xef, 0xff, 0xf5,
    0x1, 0xff, 0xff, 0xf8, 0x1, 0xff, 0xff, 0xf8,
    0x0, 0xcf, 0xff, 0xf3, 0x0, 0x19, 0xcb, 0x50,
    0x0, 0x0, 0x0, 0x0, 0x0, 0x0, 0x0, 0x0,
    0x0, 0x0, 0x0, 0x0, 0x0, 0x0, 0x0, 0x0,
    0x0, 0x0, 0x0, 0x0, 0x0, 0x0, 0x0, 0x0,
    0x0, 0x0, 0x0, 0x0, 0x0, 0x3, 0x66, 0x10,
    0x0, 0x8f, 0xff, 0xe2, 0x0, 0xff, 0xff, 0xf8,
    0x1, 0xff, 0xff, 0xf9, 0x0, 0xff, 0xff, 0xf8,
    0x0, 0x6f, 0xff, 0xf6, 0x0, 0x3, 0xff, 0xf1,
    0x0, 0x8, 0xff, 0xb0, 0x0, 0x2f, 0xff, 0x20,
    0x0, 0xcf, 0xf7, 0x0, 0xb, 0xff, 0x80, 0x0,

    /* U+003C "<" */
    0x0, 0x0, 0x0, 0x0, 0x0, 0x0, 0x0, 0x0,
    0x0, 0x0, 0x0, 0x0, 0x0, 0x0, 0x1, 0xb0,
    0x0, 0x0, 0x0, 0x0, 0x0, 0x0, 0x7f, 0xf0,
    0x0, 0x0, 0x0, 0x0, 0x0, 0x3c, 0xff, 0xf0,
    0x0, 0x0, 0x0, 0x0, 0x9, 0xff, 0xff, 0xf0,
    0x0, 0x0, 0x0, 0x5, 0xef, 0xff, 0xff, 0xc0,
    0x0, 0x0, 0x1, 0xaf, 0xff, 0xff, 0xe6, 0x0,
    0x0, 0x0, 0x6f, 0xff, 0xff, 0xf9, 0x10, 0x0,
    0x0, 0x3c, 0xff, 0xff, 0xfd, 0x30, 0x0, 0x0,
    0x8, 0xff, 0xff, 0xff, 0x70, 0x0, 0x0, 0x0,
    0x7f, 0xff, 0xff, 0xa1, 0x0, 0x0, 0x0, 0x0,
    0x7f, 0xff, 0xf7, 0x0, 0x0, 0x0, 0x0, 0x0,
    0x7f, 0xff, 0xff, 0x80, 0x0, 0x0, 0x0, 0x0,
    0x1a, 0xff, 0xff, 0xfe, 0x50, 0x0, 0x0, 0x0,
    0x0, 0x4d, 0xff, 0xff, 0xfb, 0x20, 0x0, 0x0,
    0x0, 0x0, 0x8f, 0xff, 0xff, 0xf8, 0x0, 0x0,
    0x0, 0x0, 0x3, 0xcf, 0xff, 0xff, 0xd4, 0x0,
    0x0, 0x0, 0x0, 0x6, 0xff, 0xff, 0xff, 0xb0,
    0x0, 0x0, 0x0, 0x0, 0x1b, 0xff, 0xff, 0xf0,
    0x0, 0x0, 0x0, 0x0, 0x0, 0x5e, 0xff, 0xf0,
    0x0, 0x0, 0x0, 0x0, 0x0, 0x0, 0x9f, 0xf0,
    0x0, 0x0, 0x0, 0x0, 0x0, 0x0, 0x3, 0xd0,
    0x0, 0x0, 0x0, 0x0, 0x0, 0x0, 0x0, 0x0,

    /* U+003D "=" */
    0x6a, 0xaa, 0xaa, 0xaa, 0xaa, 0xaa, 0xaa, 0xaa,
    0xa1, 0x9f, 0xff, 0xff, 0xff, 0xff, 0xff, 0xff,
    0xff, 0xf3, 0x9f, 0xff, 0xff, 0xff, 0xff, 0xff,
    0xff, 0xff, 0xf3, 0x9f, 0xff, 0xff, 0xff, 0xff,
    0xff, 0xff, 0xff, 0xf3, 0x0, 0x0, 0x0, 0x0,
    0x0, 0x0, 0x0, 0x0, 0x0, 0x0, 0x0, 0x0,
    0x0, 0x0, 0x0, 0x0, 0x0, 0x0, 0x0, 0x0,
    0x0, 0x0, 0x0, 0x0, 0x0, 0x0, 0x0, 0x0,
    0x0, 0x0, 0x0, 0x0, 0x0, 0x0, 0x0, 0x0,
    0x59, 0x99, 0x99, 0x99, 0x99, 0x99, 0x99, 0x99,
    0x91, 0x9f, 0xff, 0xff, 0xff, 0xff, 0xff, 0xff,
    0xff, 0xf3, 0x9f, 0xff, 0xff, 0xff, 0xff, 0xff,
    0xff, 0xff, 0xf3, 0x9f, 0xff, 0xff, 0xff, 0xff,
    0xff, 0xff, 0xff, 0xf3,

    /* U+003E ">" */
    0x0, 0x0, 0x0, 0x0, 0x0, 0x0, 0x0, 0x0,
    0x67, 0x0, 0x0, 0x0, 0x0, 0x0, 0x0, 0x0,
    0x7f, 0xc3, 0x0, 0x0, 0x0, 0x0, 0x0, 0x0,
    0x7f, 0xff, 0x90, 0x0, 0x0, 0x0, 0x0, 0x0,
    0x7f, 0xff, 0xfe, 0x50, 0x0, 0x0, 0x0, 0x0,
    0x4f, 0xff, 0xff, 0xfa, 0x10, 0x0, 0x0, 0x0,
    0x1, 0xaf, 0xff, 0xff, 0xf6, 0x0, 0x0, 0x0,
    0x0, 0x4, 0xdf, 0xff, 0xff, 0xc3, 0x0, 0x0,
    0x0, 0x0, 0x7, 0xff, 0xff, 0xff, 0x80, 0x0,
    0x0, 0x0, 0x0, 0x1b, 0xff, 0xff, 0xfd, 0x40,
    0x0, 0x0, 0x0, 0x0, 0x4d, 0xff, 0xff, 0xf0,
    0x0, 0x0, 0x0, 0x0, 0x0, 0xdf, 0xff, 0xf0,
    0x0, 0x0, 0x0, 0x0, 0x3c, 0xff, 0xff, 0xf0,
    0x0, 0x0, 0x0, 0x19, 0xff, 0xff, 0xfe, 0x50,
    0x0, 0x0, 0x5, 0xef, 0xff, 0xff, 0xa1, 0x0,
    0x0, 0x2, 0xcf, 0xff, 0xff, 0xd4, 0x0, 0x0,
    0x0, 0x8f, 0xff, 0xff, 0xf8, 0x0, 0x0, 0x0,
    0x3e, 0xff, 0xff, 0xfc, 0x20, 0x0, 0x0, 0x0,
    0x7f, 0xff, 0xff, 0x60, 0x0, 0x0, 0x0, 0x0,
    0x7f, 0xff, 0xa1, 0x0, 0x0, 0x0, 0x0, 0x0,
    0x7f, 0xe5, 0x0, 0x0, 0x0, 0x0, 0x0, 0x0,
    0x69, 0x0, 0x0, 0x0, 0x0, 0x0, 0x0, 0x0,
    0x0, 0x0, 0x0, 0x0, 0x0, 0x0, 0x0, 0x0,

    /* U+003F "?" */
    0x0, 0x0, 0x28, 0xcf, 0xff, 0xda, 0x40, 0x0,
    0x0, 0x0, 0x8f, 0xff, 0xff, 0xff, 0xff, 0xc2,
    0x0, 0x0, 0xaf, 0xff, 0xff, 0xff, 0xff, 0xff,
    0xe2, 0x0, 0x6f, 0xff, 0xff, 0xfd, 0xff, 0xff,
    0xff, 0xc0, 0xe, 0xff, 0xfe, 0x40, 0x0, 0x5f,
    0xff, 0xff, 0x33, 0xef, 0xff, 0x20, 0x0, 0x0,
    0x7f, 0xff, 0xf7, 0x0, 0x4a, 0x80, 0x0, 0x0,
    0x2, 0xff, 0xff, 0x90, 0x0, 0x0, 0x0, 0x0,
    0x0, 0x2f, 0xff, 0xf9, 0x0, 0x0, 0x0, 0x0,
    0x0, 0x6, 0xff, 0xff, 0x60, 0x0, 0x0, 0x0,
    0x0, 0x1, 0xef, 0xff, 0xf1, 0x0, 0x0, 0x0,
    0x1, 0x38, 0xff, 0xff, 0xf8, 0x0, 0x0, 0x0,
    0x1f, 0xff, 0xff, 0xff, 0xfa, 0x0, 0x0, 0x0,
    0x1, 0xff, 0xff, 0xff, 0xe6, 0x0, 0x0, 0x0,
    0x0, 0x1f, 0xff, 0xfa, 0x50, 0x0, 0x0, 0x0,
    0x0, 0x1, 0xff, 0xff, 0x30, 0x0, 0x0, 0x0,
    0x0, 0x0, 0x1f, 0xff, 0xf3, 0x0, 0x0, 0x0,
    0x0, 0x0, 0x0, 0xaa, 0xaa, 0x20, 0x0, 0x0,
    0x0, 0x0, 0x0, 0x0, 0x0, 0x0, 0x0, 0x0,
    0x0, 0x0, 0x0, 0x0, 0x0, 0x0, 0x0, 0x0,
    0x0, 0x0, 0x0, 0x0, 0x5, 0xaa, 0x70, 0x0,
    0x0, 0x0, 0x0, 0x0, 0x6, 0xff, 0xff, 0xa0,
    0x0, 0x0, 0x0, 0x0, 0x0, 0xbf, 0xff, 0xff,
    0x0, 0x0, 0x0, 0x0, 0x0, 0xb, 0xff, 0xff,
    0xf0, 0x0, 0x0, 0x0, 0x0, 0x0, 0x8f, 0xff,
    0xfc, 0x0, 0x0, 0x0, 0x0, 0x0, 0x0, 0xaf,
    0xfc, 0x20, 0x0, 0x0, 0x0,

    /* U+0040 "@" */
    0x0, 0x0, 0x0, 0x0, 0x3, 0x8b, 0xef, 0xff,
    0xeb, 0x83, 0x0, 0x0, 0x0, 0x0, 0x0, 0x0,
    0x0, 0x0, 0x5d, 0xff, 0xff, 0xff, 0xff, 0xff,
    0xfd, 0x60, 0x0, 0x0, 0x0, 0x0, 0x0, 0x1,
    0xcf, 0xff, 0xff, 0xfd, 0xcd, 0xef, 0xff, 0xff,
    0xd2, 0x0, 0x0, 0x0, 0x0, 0x3, 0xef, 0xff,
    0xd7, 0x20, 0x0, 0x0, 0x16, 0xcf, 0xff, 0xf4,
    0x0, 0x0, 0x0, 0x2, 0xff, 0xfe, 0x50, 0x0,
    0x0, 0x0, 0x0, 0x0, 0x5e, 0xff, 0xf3, 0x0,
    0x0, 0x0, 0xdf, 0xfd, 0x10, 0x0, 0x0, 0x0,
    0x0, 0x0, 0x0, 0x1c, 0xff, 0xe0, 0x0, 0x0,
    0x9f, 0xfd, 0x10, 0x0, 0x0, 0x0, 0x0, 0x0,
    0x0, 0x0, 0x1e, 0xff, 0x80, 0x0, 0x2f, 0xff,
    0x30, 0x0, 0x4, 0xbe, 0xeb, 0x20, 0xaa, 0xa5,
    0x0, 0x4f, 0xff, 0x10, 0x9, 0xff, 0x90, 0x0,
    0x9, 0xff, 0xff, 0xff, 0x2f, 0xff, 0x80, 0x0,
    0xbf, 0xf6, 0x0, 0xef, 0xf2, 0x0, 0x6, 0xff,
    0xff, 0xff, 0xfb, 0xff, 0xf8, 0x0, 0x5, 0xff,
    0xb0, 0x3f, 0xfd, 0x0, 0x0, 0xef, 0xff, 0x71,
    0x4, 0xef, 0xff, 0x80, 0x0, 0x1f, 0xfe, 0x7,
    0xff, 0x90, 0x0, 0x5f, 0xff, 0x80, 0x0, 0x3,
    0xff, 0xf8, 0x0, 0x0, 0xef, 0xf1, 0x9f, 0xf6,
    0x0, 0x9, 0xff, 0xf2, 0x0, 0x0, 0xf, 0xff,
    0x80, 0x0, 0xd, 0xff, 0x2b, 0xff, 0x50, 0x0,
    0xbf, 0xff, 0x0, 0x0, 0x0, 0xff, 0xf8, 0x0,
    0x0, 0xdf, 0xf3, 0xcf, 0xf4, 0x0, 0xc, 0xff,
    0xf0, 0x0, 0x0, 0xf, 0xff, 0x80, 0x0, 0xd,
    0xff, 0x2c, 0xff, 0x40, 0x0, 0xcf, 0xff, 0x0,
    0x0, 0x0, 0xff, 0xf8, 0x0, 0x0, 0xdf, 0xf1,
    0xbf, 0xf5, 0x0, 0xb, 0xff, 0xf0, 0x0, 0x0,
    0xf, 0xff, 0x80, 0x0, 0xf, 0xff, 0x9, 0xff,
    0x60, 0x0, 0x8f, 0xff, 0x20, 0x0, 0x0, 0xff,
    0xf8, 0x0, 0x3, 0xff, 0xb0, 0x7f, 0xf9, 0x0,
    0x4, 0xff, 0xf8, 0x0, 0x0, 0x5f, 0xff, 0x80,
    0x0, 0x9f, 0xf6, 0x4, 0xff, 0xc0, 0x0, 0xe,
    0xff, 0xf7, 0x10, 0x5e, 0xdf, 0xfe, 0x20, 0x7f,
    0xfe, 0x0, 0xf, 0xff, 0x20, 0x0, 0x5f, 0xff,
    0xff, 0xff, 0xd5, 0xff, 0xff, 0xff, 0xff, 0x50,
    0x0, 0x9f, 0xf9, 0x0, 0x0, 0x7f, 0xff, 0xff,
    0xf3, 0xb, 0xff, 0xff, 0xff, 0x60, 0x0, 0x3,
    0xff, 0xf3, 0x0, 0x0, 0x29, 0xcc, 0x92, 0x0,
    0x6, 0xbc, 0xc8, 0x20, 0x0, 0x0, 0xa, 0xff,
    0xe1, 0x0, 0x0, 0x0, 0x0, 0x0, 0x0, 0x0,
    0x0, 0x0, 0x0, 0x0, 0x0, 0x1e, 0xff, 0xd2,
    0x0, 0x0, 0x0, 0x0, 0x0, 0x0, 0x0, 0x0,
    0x0, 0x0, 0x0, 0x0, 0x3f, 0xff, 0xf7, 0x0,
    0x0, 0x0, 0x0, 0x0, 0x0, 0x0, 0x0, 0x0,
    0x0, 0x0, 0x0, 0x3e, 0xff, 0xfe, 0x95, 0x20,
    0x0, 0x0, 0x0, 0x0, 0x0, 0x0, 0x0, 0x0,
    0x0, 0x0, 0x1b, 0xff, 0xff, 0xff, 0xff, 0xff,
    0xff, 0xff, 0xf4, 0x0, 0x0, 0x0, 0x0, 0x0,
    0x0, 0x4, 0xbf, 0xff, 0xff, 0xff, 0xff, 0xff,
    0xff, 0x40, 0x0, 0x0, 0x0, 0x0, 0x0, 0x0,
    0x0, 0x15, 0x9b, 0xcc, 0xdd, 0xdd, 0xdd, 0xd3,
    0x0, 0x0, 0x0,

    /* U+0041 "A" */
    0x0, 0x0, 0x0, 0x0, 0xe, 0xff, 0xff, 0xf2,
    0x0, 0x0, 0x0, 0x0, 0x0, 0x0, 0x0, 0x0,
    0x4f, 0xff, 0xff, 0xf8, 0x0, 0x0, 0x0, 0x0,
    0x0, 0x0, 0x0, 0x0, 0xaf, 0xff, 0xff, 0xfd,
    0x0, 0x0, 0x0, 0x0, 0x0, 0x0, 0x0, 0x0,
    0xff, 0xff, 0xff, 0xff, 0x20, 0x0, 0x0, 0x0,
    0x0, 0x0, 0x0, 0x4, 0xff, 0xfd, 0xef, 0xff,
    0x80, 0x0, 0x0, 0x0, 0x0, 0x0, 0x0, 0xa,
    0xff, 0xf8, 0x9f, 0xff, 0xd0, 0x0, 0x0, 0x0,
    0x0, 0x0, 0x0, 0xf, 0xff, 0xf3, 0x4f, 0xff,
    0xf2, 0x0, 0x0, 0x0, 0x0, 0x0, 0x0, 0x5f,
    0xff, 0xe0, 0xf, 0xff, 0xf8, 0x0, 0x0, 0x0,
    0x0, 0x0, 0x0, 0xaf, 0xff, 0x90, 0xa, 0xff,
    0xfd, 0x0, 0x0, 0x0, 0x0, 0x0, 0x0, 0xff,
    0xff, 0x40, 0x5, 0xff, 0xff, 0x20, 0x0, 0x0,
    0x0, 0x0, 0x5, 0xff, 0xff, 0x0, 0x1, 0xff,
    0xff, 0x80, 0x0, 0x0, 0x0, 0x0, 0xa, 0xff,
    0xfa, 0x0, 0x0, 0xbf, 0xff, 0xd0, 0x0, 0x0,
    0x0, 0x0, 0xf, 0xff, 0xf6, 0x0, 0x0, 0x6f,
    0xff, 0xf2, 0x0, 0x0, 0x0, 0x0, 0x5f, 0xff,
    0xf1, 0x0, 0x0, 0x1f, 0xff, 0xf8, 0x0, 0x0,
    0x0, 0x0, 0xbf, 0xff, 0xc0, 0x0, 0x0, 0xc,
    0xff, 0xfd, 0x0, 0x0, 0x0, 0x0, 0xff, 0xff,
    0xff, 0xff, 0xff, 0xff, 0xff, 0xff, 0x30, 0x0,
    0x0, 0x5, 0xff, 0xff, 0xff, 0xff, 0xff, 0xff,
    0xff, 0xff, 0x80, 0x0, 0x0, 0xb, 0xff, 0xff,
    0xff, 0xff, 0xff, 0xff, 0xff, 0xff, 0xd0, 0x0,
    0x0, 0x1f, 0xff, 0xff, 0xff, 0xff, 0xff, 0xff,
    0xff, 0xff, 0xf3, 0x0, 0x0, 0x6f, 0xff, 0xf5,
    0x0, 0x0, 0x0, 0x0, 0x5f, 0xff, 0xf8, 0x0,
    0x0, 0xbf, 0xff, 0xf0, 0x0, 0x0, 0x0, 0x0,
    0xf, 0xff, 0xfd, 0x0, 0x1, 0xff, 0xff, 0xa0,
    0x0, 0x0, 0x0, 0x0, 0xa, 0xff, 0xff, 0x30,
    0x6, 0xff, 0xff, 0x50, 0x0, 0x0, 0x0, 0x0,
    0x4, 0xff, 0xff, 0x80, 0xb, 0xff, 0xff, 0x0,
    0x0, 0x0, 0x0, 0x0, 0x0, 0xff, 0xff, 0xd0,
    0x1f, 0xff, 0xfa, 0x0, 0x0, 0x0, 0x0, 0x0,
    0x0, 0xaf, 0xff, 0xf3,

    /* U+0042 "B" */
    0xf, 0xff, 0xff, 0xff, 0xff, 0xff, 0xff, 0xc7,
    0x10, 0x0, 0x0, 0xff, 0xff, 0xff, 0xff, 0xff,
    0xff, 0xff, 0xfe, 0x30, 0x0, 0xf, 0xff, 0xff,
    0xff, 0xff, 0xff, 0xff, 0xff, 0xff, 0x20, 0x0,
    0xff, 0xff, 0xfe, 0xee, 0xee, 0xef, 0xff, 0xff,
    0xfa, 0x0, 0xf, 0xff, 0xfa, 0x0, 0x0, 0x0,
    0x8, 0xff, 0xff, 0xf0, 0x0, 0xff, 0xff, 0xa0,
    0x0, 0x0, 0x0, 0xc, 0xff, 0xff, 0x20, 0xf,
    0xff, 0xfa, 0x0, 0x0, 0x0, 0x0, 0xaf, 0xff,
    0xf3, 0x0, 0xff, 0xff, 0xa0, 0x0, 0x0, 0x0,
    0xa, 0xff, 0xff, 0x10, 0xf, 0xff, 0xfa, 0x0,
    0x0, 0x0, 0x0, 0xcf, 0xff, 0xd0, 0x0, 0xff,
    0xff, 0xa0, 0x0, 0x0, 0x0, 0x6f, 0xff, 0xf6,
    0x0, 0xf, 0xff, 0xfe, 0xdd, 0xdd, 0xdd, 0xef,
    0xff, 0xf7, 0x0, 0x0, 0xff, 0xff, 0xff, 0xff,
    0xff, 0xff, 0xfe, 0x91, 0x0, 0x0, 0xf, 0xff,
    0xff, 0xff, 0xff, 0xff, 0xff, 0xff, 0xe6, 0x0,
    0x0, 0xff, 0xff, 0xff, 0xff, 0xff, 0xff, 0xff,
    0xff, 0xf9, 0x0, 0xf, 0xff, 0xfa, 0x0, 0x0,
    0x0, 0x3, 0xcf, 0xff, 0xf5, 0x0, 0xff, 0xff,
    0xa0, 0x0, 0x0, 0x0, 0x1, 0xff, 0xff, 0xc0,
    0xf, 0xff, 0xfa, 0x0, 0x0, 0x0, 0x0, 0xc,
    0xff, 0xff, 0x0, 0xff, 0xff, 0xa0, 0x0, 0x0,
    0x0, 0x0, 0xcf, 0xff, 0xf2, 0xf, 0xff, 0xfa,
    0x0, 0x0, 0x0, 0x0, 0xc, 0xff, 0xff, 0x10,
    0xff, 0xff, 0xa0, 0x0, 0x0, 0x0, 0x0, 0xff,
    0xff, 0xf0, 0xf, 0xff, 0xfa, 0x0, 0x0, 0x0,
    0x1, 0xbf, 0xff, 0xfa, 0x0, 0xff, 0xff, 0xfe,
    0xee, 0xee, 0xef, 0xff, 0xff, 0xff, 0x30, 0xf,
    0xff, 0xff, 0xff, 0xff, 0xff, 0xff, 0xff, 0xff,
    0x90, 0x0, 0xff, 0xff, 0xff, 0xff, 0xff, 0xff,
    0xff, 0xff, 0x90, 0x0, 0xf, 0xff, 0xff, 0xff,
    0xff, 0xff, 0xff, 0xeb, 0x40, 0x0, 0x0,

    /* U+0043 "C" */
    0x0, 0x0, 0x0, 0x4, 0x9d, 0xff, 0xfe, 0xb6,
    0x10, 0x0, 0x0, 0x0, 0x0, 0x3d, 0xff, 0xff,
    0xff, 0xff, 0xff, 0x60, 0x0, 0x0, 0x0, 0x6f,
    0xff, 0xff, 0xff, 0xff, 0xff, 0xff, 0xa0, 0x0,
    0x0, 0x5f, 0xff, 0xff, 0xff, 0xff, 0xff, 0xff,
    0xff, 0x80, 0x0, 0x2f, 0xff, 0xff, 0xe7, 0x31,
    0x25, 0xbf, 0xff, 0xff, 0x30, 0xa, 0xff, 0xff,
    0xb0, 0x0, 0x0, 0x0, 0x7f, 0xff, 0xf9, 0x1,
    0xff, 0xff, 0xe0, 0x0, 0x0, 0x0, 0x0, 0xbf,
    0xc4, 0x0, 0x6f, 0xff, 0xf6, 0x0, 0x0, 0x0,
    0x0, 0x2, 0x50, 0x0, 0xa, 0xff, 0xff, 0x10,
    0x0, 0x0, 0x0, 0x0, 0x0, 0x0, 0x0, 0xdf,
    0xff, 0xe0, 0x0, 0x0, 0x0, 0x0, 0x0, 0x0,
    0x0, 0xf, 0xff, 0xfd, 0x0, 0x0, 0x0, 0x0,
    0x0, 0x0, 0x0, 0x0, 0xff, 0xff, 0xd0, 0x0,
    0x0, 0x0, 0x0, 0x0, 0x0, 0x0, 0x1f, 0xff,
    0xfd, 0x0, 0x0, 0x0, 0x0, 0x0, 0x0, 0x0,
    0x1, 0xff, 0xff, 0xd0, 0x0, 0x0, 0x0, 0x0,
    0x0, 0x0, 0x0, 0xf, 0xff, 0xfd, 0x0, 0x0,
    0x0, 0x0, 0x0, 0x0, 0x0, 0x0, 0xef, 0xff,
    0xe0, 0x0, 0x0, 0x0, 0x0, 0x0, 0x0, 0x0,
    0xb, 0xff, 0xff, 0x10, 0x0, 0x0, 0x0, 0x0,
    0x0, 0x0, 0x0, 0x8f, 0xff, 0xf6, 0x0, 0x0,
    0x0, 0x0, 0x1, 0xa2, 0x0, 0x3, 0xff, 0xff,
    0xd0, 0x0, 0x0, 0x0, 0x0, 0x9f, 0xf9, 0x10,
    0xc, 0xff, 0xff, 0xb0, 0x0, 0x0, 0x0, 0x7f,
    0xff, 0xfb, 0x0, 0x3f, 0xff, 0xff, 0xe7, 0x31,
    0x25, 0xcf, 0xff, 0xff, 0x30, 0x0, 0x8f, 0xff,
    0xff, 0xff, 0xff, 0xff, 0xff, 0xff, 0x70, 0x0,
    0x0, 0x9f, 0xff, 0xff, 0xff, 0xff, 0xff, 0xff,
    0x80, 0x0, 0x0, 0x0, 0x5e, 0xff, 0xff, 0xff,
    0xff, 0xfe, 0x50, 0x0, 0x0, 0x0, 0x0, 0x5,
    0xad, 0xff, 0xfd, 0xa5, 0x0, 0x0, 0x0,

    /* U+0044 "D" */
    0xf, 0xff, 0xff, 0xff, 0xff, 0xfe, 0xc8, 0x30,
    0x0, 0x0, 0x0, 0xff, 0xff, 0xff, 0xff, 0xff,
    0xff, 0xff, 0xc2, 0x0, 0x0, 0xf, 0xff, 0xff,
    0xff, 0xff, 0xff, 0xff, 0xff, 0xf5, 0x0, 0x0,
    0xff, 0xff, 0xff, 0xff, 0xff, 0xff, 0xff, 0xff,
    0xf4, 0x0, 0xf, 0xff, 0xfa, 0x11, 0x11, 0x13,
    0x8e, 0xff, 0xff, 0xe1, 0x0, 0xff, 0xff, 0xa0,
    0x0, 0x0, 0x0, 0x1c, 0xff, 0xff, 0x80, 0xf,
    0xff, 0xfa, 0x0, 0x0, 0x0, 0x0, 0x1f, 0xff,
    0xfe, 0x0, 0xff, 0xff, 0xa0, 0x0, 0x0, 0x0,
    0x0, 0x9f, 0xff, 0xf4, 0xf, 0xff, 0xfa, 0x0,
    0x0, 0x0, 0x0, 0x4, 0xff, 0xff, 0x80, 0xff,
    0xff, 0xa0, 0x0, 0x0, 0x0, 0x0, 0x2f, 0xff,
    0xfa, 0xf, 0xff, 0xfa, 0x0, 0x0, 0x0, 0x0,
    0x1, 0xff, 0xff, 0xc0, 0xff, 0xff, 0xa0, 0x0,
    0x0, 0x0, 0x0, 0x1f, 0xff, 0xfd, 0xf, 0xff,
    0xfa, 0x0, 0x0, 0x0, 0x0, 0x1, 0xff, 0xff,
    0xe0, 0xff, 0xff, 0xa0, 0x0, 0x0, 0x0, 0x0,
    0x1f, 0xff, 0xfd, 0xf, 0xff, 0xfa, 0x0, 0x0,
    0x0, 0x0, 0x1, 0xff, 0xff, 0xc0, 0xff, 0xff,
    0xa0, 0x0, 0x0, 0x0, 0x0, 0x2f, 0xff, 0xfa,
    0xf, 0xff, 0xfa, 0x0, 0x0, 0x0, 0x0, 0x4,
    0xff, 0xff, 0x80, 0xff, 0xff, 0xa0, 0x0, 0x0,
    0x0, 0x0, 0x9f, 0xff, 0xf4, 0xf, 0xff, 0xfa,
    0x0, 0x0, 0x0, 0x0, 0x1f, 0xff, 0xfe, 0x0,
    0xff, 0xff, 0xa0, 0x0, 0x0, 0x0, 0x1d, 0xff,
    0xff, 0x80, 0xf, 0xff, 0xfa, 0x11, 0x11, 0x13,
    0x8e, 0xff, 0xff, 0xe1, 0x0, 0xff, 0xff, 0xff,
    0xff, 0xff, 0xff, 0xff, 0xff, 0xf4, 0x0, 0xf,
    0xff, 0xff, 0xff, 0xff, 0xff, 0xff, 0xff, 0xf5,
    0x0, 0x0, 0xff, 0xff, 0xff, 0xff, 0xff, 0xff,
    0xff, 0xc2, 0x0, 0x0, 0xf, 0xff, 0xff, 0xff,
    0xff, 0xfe, 0xc8, 0x30, 0x0, 0x0, 0x0,

    /* U+0045 "E" */
    0xf, 0xff, 0xff, 0xff, 0xff, 0xff, 0xff, 0xff,
    0xf7, 0xf, 0xff, 0xff, 0xff, 0xff, 0xff, 0xff,
    0xff, 0xf7, 0xf, 0xff, 0xff, 0xff, 0xff, 0xff,
    0xff, 0xff, 0xf7, 0xf, 0xff, 0xff, 0xff, 0xff,
    0xff, 0xff, 0xff, 0xf7, 0xf, 0xff, 0xfa, 0x11,
    0x11, 0x11, 0x11, 0x11, 0x10, 0xf, 0xff, 0xfa,
    0x0, 0x0, 0x0, 0x0, 0x0, 0x0, 0xf, 0xff,
    0xfa, 0x0, 0x0, 0x0, 0x0, 0x0, 0x0, 0xf,
    0xff, 0xfa, 0x0, 0x0, 0x0, 0x0, 0x0, 0x0,
    0xf, 0xff, 0xfa, 0x0, 0x0, 0x0, 0x0, 0x0,
    0x0, 0xf, 0xff, 0xfa, 0x0, 0x0, 0x0, 0x0,
    0x0, 0x0, 0xf, 0xff, 0xff, 0xff, 0xff, 0xff,
    0xff, 0xff, 0x20, 0xf, 0xff, 0xff, 0xff, 0xff,
    0xff, 0xff, 0xff, 0x20, 0xf, 0xff, 0xff, 0xff,
    0xff, 0xff, 0xff, 0xff, 0x20, 0xf, 0xff, 0xff,
    0xff, 0xff, 0xff, 0xff, 0xff, 0x20, 0xf, 0xff,
    0xfa, 0x11, 0x11, 0x11, 0x11, 0x11, 0x0, 0xf,
    0xff, 0xfa, 0x0, 0x0, 0x0, 0x0, 0x0, 0x0,
    0xf, 0xff, 0xfa, 0x0, 0x0, 0x0, 0x0, 0x0,
    0x0, 0xf, 0xff, 0xfa, 0x0, 0x0, 0x0, 0x0,
    0x0, 0x0, 0xf, 0xff, 0xfa, 0x0, 0x0, 0x0,
    0x0, 0x0, 0x0, 0xf, 0xff, 0xfa, 0x0, 0x0,
    0x0, 0x0, 0x0, 0x0, 0xf, 0xff, 0xfa, 0x11,
    0x11, 0x11, 0x11, 0x11, 0x10, 0xf, 0xff, 0xff,
    0xff, 0xff, 0xff, 0xff, 0xff, 0xf7, 0xf, 0xff,
    0xff, 0xff, 0xff, 0xff, 0xff, 0xff, 0xf7, 0xf,
    0xff, 0xff, 0xff, 0xff, 0xff, 0xff, 0xff, 0xf7,
    0xf, 0xff, 0xff, 0xff, 0xff, 0xff, 0xff, 0xff,
    0xf7,

    /* U+0046 "F" */
    0xf, 0xff, 0xff, 0xff, 0xff, 0xff, 0xff, 0xff,
    0xf1, 0xf, 0xff, 0xff, 0xff, 0xff, 0xff, 0xff,
    0xff, 0xf1, 0xf, 0xff, 0xff, 0xff, 0xff, 0xff,
    0xff, 0xff, 0xf1, 0xf, 0xff, 0xff, 0xff, 0xff,
    0xff, 0xff, 0xff, 0xf1, 0xf, 0xff, 0xfa, 0x11,
    0x11, 0x11, 0x11, 0x11, 0x10, 0xf, 0xff, 0xfa,
    0x0, 0x0, 0x0, 0x0, 0x0, 0x0, 0xf, 0xff,
    0xfa, 0x0, 0x0, 0x0, 0x0, 0x0, 0x0, 0xf,
    0xff, 0xfa, 0x0, 0x0, 0x0, 0x0, 0x0, 0x0,
    0xf, 0xff, 0xfa, 0x0, 0x0, 0x0, 0x0, 0x0,
    0x0, 0xf, 0xff, 0xfa, 0x0, 0x0, 0x0, 0x0,
    0x0, 0x0, 0xf, 0xff, 0xff, 0xff, 0xff, 0xff,
    0xff, 0xf9, 0x0, 0xf, 0xff, 0xff, 0xff, 0xff,
    0xff, 0xff, 0xf9, 0x0, 0xf, 0xff, 0xff, 0xff,
    0xff, 0xff, 0xff, 0xf9, 0x0, 0xf, 0xff, 0xff,
    0xff, 0xff, 0xff, 0xff, 0xf9, 0x0, 0xf, 0xff,
    0xfa, 0x11, 0x11, 0x11, 0x11, 0x10, 0x0, 0xf,
    0xff, 0xfa, 0x0, 0x0, 0x0, 0x0, 0x0, 0x0,
    0xf, 0xff, 0xfa, 0x0, 0x0, 0x0, 0x0, 0x0,
    0x0, 0xf, 0xff, 0xfa, 0x0, 0x0, 0x0, 0x0,
    0x0, 0x0, 0xf, 0xff, 0xfa, 0x0, 0x0, 0x0,
    0x0, 0x0, 0x0, 0xf, 0xff, 0xfa, 0x0, 0x0,
    0x0, 0x0, 0x0, 0x0, 0xf, 0xff, 0xfa, 0x0,
    0x0, 0x0, 0x0, 0x0, 0x0, 0xf, 0xff, 0xfa,
    0x0, 0x0, 0x0, 0x0, 0x0, 0x0, 0xf, 0xff,
    0xfa, 0x0, 0x0, 0x0, 0x0, 0x0, 0x0, 0xf,
    0xff, 0xfa, 0x0, 0x0, 0x0, 0x0, 0x0, 0x0,
    0xf, 0xff, 0xfa, 0x0, 0x0, 0x0, 0x0, 0x0,
    0x0,

    /* U+0047 "G" */
    0x0, 0x0, 0x0, 0x2, 0x8c, 0xef, 0xfe, 0xc8,
    0x30, 0x0, 0x0, 0x0, 0x0, 0x0, 0x2b, 0xff,
    0xff, 0xff, 0xff, 0xff, 0xb2, 0x0, 0x0, 0x0,
    0x0, 0x4f, 0xff, 0xff, 0xff, 0xff, 0xff, 0xff,
    0xf4, 0x0, 0x0, 0x0, 0x4f, 0xff, 0xff, 0xff,
    0xff, 0xff, 0xff, 0xff, 0xf3, 0x0, 0x0, 0x1e,
    0xff, 0xff, 0xf8, 0x41, 0x13, 0x7e, 0xff, 0xff,
    0xe0, 0x0, 0x9, 0xff, 0xff, 0xc1, 0x0, 0x0,
    0x0, 0xb, 0xff, 0xff, 0x40, 0x1, 0xff, 0xff,
    0xe1, 0x0, 0x0, 0x0, 0x0, 0xd, 0xf9, 0x10,
    0x0, 0x6f, 0xff, 0xf6, 0x0, 0x0, 0x0, 0x0,
    0x0, 0x22, 0x0, 0x0, 0xa, 0xff, 0xff, 0x10,
    0x0, 0x0, 0x0, 0x0, 0x0, 0x0, 0x0, 0x0,
    0xdf, 0xff, 0xe0, 0x0, 0x0, 0x0, 0x0, 0x0,
    0x0, 0x0, 0x0, 0xf, 0xff, 0xfd, 0x0, 0x0,
    0x0, 0x0, 0x0, 0x0, 0x0, 0x0, 0x1, 0xff,
    0xff, 0xd0, 0x0, 0x0, 0x5, 0xee, 0xee, 0xee,
    0xee, 0xe0, 0x1f, 0xff, 0xfd, 0x0, 0x0, 0x0,
    0x6f, 0xff, 0xff, 0xff, 0xff, 0x1, 0xff, 0xff,
    0xd0, 0x0, 0x0, 0x6, 0xff, 0xff, 0xff, 0xff,
    0xf0, 0xf, 0xff, 0xfd, 0x0, 0x0, 0x0, 0x6f,
    0xff, 0xff, 0xff, 0xff, 0x0, 0xef, 0xff, 0xe0,
    0x0, 0x0, 0x0, 0x0, 0x0, 0x6f, 0xff, 0xf0,
    0xb, 0xff, 0xff, 0x10, 0x0, 0x0, 0x0, 0x0,
    0x6, 0xff, 0xff, 0x0, 0x7f, 0xff, 0xf6, 0x0,
    0x0, 0x0, 0x0, 0x0, 0x8f, 0xff, 0xf0, 0x2,
    0xff, 0xff, 0xe1, 0x0, 0x0, 0x0, 0x0, 0xd,
    0xff, 0xff, 0x0, 0xa, 0xff, 0xff, 0xc1, 0x0,
    0x0, 0x0, 0xa, 0xff, 0xff, 0xf0, 0x0, 0x2f,
    0xff, 0xff, 0xf8, 0x42, 0x13, 0x7d, 0xff, 0xff,
    0xff, 0x0, 0x0, 0x6f, 0xff, 0xff, 0xff, 0xff,
    0xff, 0xff, 0xaf, 0xff, 0xf0, 0x0, 0x0, 0x7f,
    0xff, 0xff, 0xff, 0xff, 0xff, 0xf2, 0xff, 0xff,
    0x0, 0x0, 0x0, 0x4d, 0xff, 0xff, 0xff, 0xff,
    0xe3, 0xf, 0xff, 0xf0, 0x0, 0x0, 0x0, 0x5,
    0xad, 0xff, 0xec, 0x70, 0x0, 0xff, 0xff, 0x0,

    /* U+0048 "H" */
    0xf, 0xff, 0xfa, 0x0, 0x0, 0x0, 0x0, 0x0,
    0xcf, 0xff, 0xe0, 0xff, 0xff, 0xa0, 0x0, 0x0,
    0x0, 0x0, 0xc, 0xff, 0xfe, 0xf, 0xff, 0xfa,
    0x0, 0x0, 0x0, 0x0, 0x0, 0xcf, 0xff, 0xe0,
    0xff, 0xff, 0xa0, 0x0, 0x0, 0x0, 0x0, 0xc,
    0xff, 0xfe, 0xf, 0xff, 0xfa, 0x0, 0x0, 0x0,
    0x0, 0x0, 0xcf, 0xff, 0xe0, 0xff, 0xff, 0xa0,
    0x0, 0x0, 0x0, 0x0, 0xc, 0xff, 0xfe, 0xf,
    0xff, 0xfa, 0x0, 0x0, 0x0, 0x0, 0x0, 0xcf,
    0xff, 0xe0, 0xff, 0xff, 0xa0, 0x0, 0x0, 0x0,
    0x0, 0xc, 0xff, 0xfe, 0xf, 0xff, 0xfa, 0x0,
    0x0, 0x0, 0x0, 0x0, 0xcf, 0xff, 0xe0, 0xff,
    0xff, 0xa0, 0x0, 0x0, 0x0, 0x0, 0xc, 0xff,
    0xfe, 0xf, 0xff, 0xff, 0xff, 0xff, 0xff, 0xff,
    0xff, 0xff, 0xff, 0xe0, 0xff, 0xff, 0xff, 0xff,
    0xff, 0xff, 0xff, 0xff, 0xff, 0xfe, 0xf, 0xff,
    0xff, 0xff, 0xff, 0xff, 0xff, 0xff, 0xff, 0xff,
    0xe0, 0xff, 0xff, 0xff, 0xff, 0xff, 0xff, 0xff,
    0xff, 0xff, 0xfe, 0xf, 0xff, 0xfa, 0x11, 0x11,
    0x11, 0x11, 0x11, 0xcf, 0xff, 0xe0, 0xff, 0xff,
    0xa0, 0x0, 0x0, 0x0, 0x0, 0xc, 0xff, 0xfe,
    0xf, 0xff, 0xfa, 0x0, 0x0, 0x0, 0x0, 0x0,
    0xcf, 0xff, 0xe0, 0xff, 0xff, 0xa0, 0x0, 0x0,
    0x0, 0x0, 0xc, 0xff, 0xfe, 0xf, 0xff, 0xfa,
    0x0, 0x0, 0x0, 0x0, 0x0, 0xcf, 0xff, 0xe0,
    0xff, 0xff, 0xa0, 0x0, 0x0, 0x0, 0x0, 0xc,
    0xff, 0xfe, 0xf, 0xff, 0xfa, 0x0, 0x0, 0x0,
    0x0, 0x0, 0xcf, 0xff, 0xe0, 0xff, 0xff, 0xa0,
    0x0, 0x0, 0x0, 0x0, 0xc, 0xff, 0xfe, 0xf,
    0xff, 0xfa, 0x0, 0x0, 0x0, 0x0, 0x0, 0xcf,
    0xff, 0xe0, 0xff, 0xff, 0xa0, 0x0, 0x0, 0x0,
    0x0, 0xc, 0xff, 0xfe, 0xf, 0xff, 0xfa, 0x0,
    0x0, 0x0, 0x0, 0x0, 0xcf, 0xff, 0xe0,

    /* U+0049 "I" */
    0x1f, 0xff, 0xff, 0xff, 0xff, 0xff, 0x41, 0xff,
    0xff, 0xff, 0xff, 0xff, 0xf4, 0x1f, 0xff, 0xff,
    0xff, 0xff, 0xff, 0x41, 0xbb, 0xbe, 0xff, 0xff,
    0xbb, 0xb2, 0x0, 0x0, 0xcf, 0xff, 0xe0, 0x0,
    0x0, 0x0, 0xc, 0xff, 0xfe, 0x0, 0x0, 0x0,
    0x0, 0xcf, 0xff, 0xe0, 0x0, 0x0, 0x0, 0xc,
    0xff, 0xfe, 0x0, 0x0, 0x0, 0x0, 0xcf, 0xff,
    0xe0, 0x0, 0x0, 0x0, 0xc, 0xff, 0xfe, 0x0,
    0x0, 0x0, 0x0, 0xcf, 0xff, 0xe0, 0x0, 0x0,
    0x0, 0xc, 0xff, 0xfe, 0x0, 0x0, 0x0, 0x0,
    0xcf, 0xff, 0xe0, 0x0, 0x0, 0x0, 0xc, 0xff,
    0xfe, 0x0, 0x0, 0x0, 0x0, 0xcf, 0xff, 0xe0,
    0x0, 0x0, 0x0, 0xc, 0xff, 0xfe, 0x0, 0x0,
    0x0, 0x0, 0xcf, 0xff, 0xe0, 0x0, 0x0, 0x0,
    0xc, 0xff, 0xfe, 0x0, 0x0, 0x0, 0x0, 0xcf,
    0xff, 0xe0, 0x0, 0x0, 0x0, 0xc, 0xff, 0xfe,
    0x0, 0x0, 0x0, 0x0, 0xcf, 0xff, 0xe0, 0x0,
    0x1, 0xbb, 0xbe, 0xff, 0xff, 0xbb, 0xb2, 0x1f,
    0xff, 0xff, 0xff, 0xff, 0xff, 0x41, 0xff, 0xff,
    0xff, 0xff, 0xff, 0xf4, 0x1f, 0xff, 0xff, 0xff,
    0xff, 0xff, 0x40,

    /* U+004A "J" */
    0x0, 0x0, 0xef, 0xff, 0xff, 0xff, 0xff, 0xff,
    0xb0, 0x0, 0xe, 0xff, 0xff, 0xff, 0xff, 0xff,
    0xfb, 0x0, 0x0, 0xef, 0xff, 0xff, 0xff, 0xff,
    0xff, 0xb0, 0x0, 0xb, 0xcc, 0xcc, 0xcc, 0xcf,
    0xff, 0xfb, 0x0, 0x0, 0x0, 0x0, 0x0, 0x0,
    0xff, 0xff, 0xb0, 0x0, 0x0, 0x0, 0x0, 0x0,
    0xf, 0xff, 0xfb, 0x0, 0x0, 0x0, 0x0, 0x0,
    0x0, 0xff, 0xff, 0xb0, 0x0, 0x0, 0x0, 0x0,
    0x0, 0xf, 0xff, 0xfb, 0x0, 0x0, 0x0, 0x0,
    0x0, 0x0, 0xff, 0xff, 0xb0, 0x0, 0x0, 0x0,
    0x0, 0x0, 0xf, 0xff, 0xfb, 0x0, 0x0, 0x0,
    0x0, 0x0, 0x0, 0xff, 0xff, 0xb0, 0x0, 0x0,
    0x0, 0x0, 0x0, 0xf, 0xff, 0xfb, 0x0, 0x0,
    0x0, 0x0, 0x0, 0x0, 0xff, 0xff, 0xb0, 0x0,
    0x0, 0x0, 0x0, 0x0, 0xf, 0xff, 0xfb, 0x0,
    0x0, 0x0, 0x0, 0x0, 0x0, 0xff, 0xff, 0xb0,
    0x0, 0x0, 0x0, 0x0, 0x0, 0xf, 0xff, 0xfb,
    0x0, 0x0, 0x0, 0x0, 0x0, 0x0, 0xff, 0xff,
    0xb0, 0x0, 0x3, 0x10, 0x0, 0x0, 0xf, 0xff,
    0xfb, 0x9, 0xcf, 0xf8, 0x0, 0x0, 0x1, 0xff,
    0xff, 0xb0, 0xdf, 0xff, 0xe1, 0x0, 0x0, 0x6f,
    0xff, 0xf8, 0x7, 0xff, 0xff, 0xd4, 0x1, 0x7f,
    0xff, 0xff, 0x40, 0xe, 0xff, 0xff, 0xff, 0xff,
    0xff, 0xff, 0xc0, 0x0, 0x4f, 0xff, 0xff, 0xff,
    0xff, 0xff, 0xe2, 0x0, 0x0, 0x4e, 0xff, 0xff,
    0xff, 0xff, 0xc2, 0x0, 0x0, 0x0, 0x17, 0xce,
    0xff, 0xda, 0x50, 0x0, 0x0,

    /* U+004B "K" */
    0xf, 0xff, 0xfa, 0x0, 0x0, 0x0, 0x0, 0xb,
    0xff, 0xff, 0xa0, 0xf, 0xff, 0xfa, 0x0, 0x0,
    0x0, 0x0, 0x8f, 0xff, 0xfc, 0x0, 0xf, 0xff,
    0xfa, 0x0, 0x0, 0x0, 0x5, 0xff, 0xff, 0xd1,
    0x0, 0xf, 0xff, 0xfa, 0x0, 0x0, 0x0, 0x3f,
    0xff, 0xff, 0x20, 0x0, 0xf, 0xff, 0xfa, 0x0,
    0x0, 0x1, 0xef, 0xff, 0xf4, 0x0, 0x0, 0xf,
    0xff, 0xfa, 0x0, 0x0, 0xc, 0xff, 0xff, 0x60,
    0x0, 0x0, 0xf, 0xff, 0xfa, 0x0, 0x0, 0xaf,
    0xff, 0xf9, 0x0, 0x0, 0x0, 0xf, 0xff, 0xfa,
    0x0, 0x7, 0xff, 0xff, 0xb0, 0x0, 0x0, 0x0,
    0xf, 0xff, 0xfa, 0x0, 0x3f, 0xff, 0xfd, 0x10,
    0x0, 0x0, 0x0, 0xf, 0xff, 0xfa, 0x1, 0xef,
    0xff, 0xe2, 0x0, 0x0, 0x0, 0x0, 0xf, 0xff,
    0xfa, 0xc, 0xff, 0xff, 0x70, 0x0, 0x0, 0x0,
    0x0, 0xf, 0xff, 0xfa, 0x8f, 0xff, 0xff, 0xe1,
    0x0, 0x0, 0x0, 0x0, 0xf, 0xff, 0xfe, 0xff,
    0xff, 0xff, 0xfa, 0x0, 0x0, 0x0, 0x0, 0xf,
    0xff, 0xff, 0xff, 0xff, 0xff, 0xff, 0x40, 0x0,
    0x0, 0x0, 0xf, 0xff, 0xff, 0xff, 0x47, 0xff,
    0xff, 0xe0, 0x0, 0x0, 0x0, 0xf, 0xff, 0xff,
    0xf6, 0x0, 0xdf, 0xff, 0xf9, 0x0, 0x0, 0x0,
    0xf, 0xff, 0xff, 0x80, 0x0, 0x3f, 0xff, 0xff,
    0x30, 0x0, 0x0, 0xf, 0xff, 0xfc, 0x0, 0x0,
    0x8, 0xff, 0xff, 0xd0, 0x0, 0x0, 0xf, 0xff,
    0xfa, 0x0, 0x0, 0x0, 0xef, 0xff, 0xf8, 0x0,
    0x0, 0xf, 0xff, 0xfa, 0x0, 0x0, 0x0, 0x4f,
    0xff, 0xff, 0x30, 0x0, 0xf, 0xff, 0xfa, 0x0,
    0x0, 0x0, 0xa, 0xff, 0xff, 0xd0, 0x0, 0xf,
    0xff, 0xfa, 0x0, 0x0, 0x0, 0x1, 0xef, 0xff,
    0xf7, 0x0, 0xf, 0xff, 0xfa, 0x0, 0x0, 0x0,
    0x0, 0x6f, 0xff, 0xff, 0x20, 0xf, 0xff, 0xfa,
    0x0, 0x0, 0x0, 0x0, 0xb, 0xff, 0xff, 0xc0,
    0xf, 0xff, 0xfa, 0x0, 0x0, 0x0, 0x0, 0x2,
    0xff, 0xff, 0xf7,

    /* U+004C "L" */
    0xf, 0xff, 0xfa, 0x0, 0x0, 0x0, 0x0, 0x0,
    0xf, 0xff, 0xfa, 0x0, 0x0, 0x0, 0x0, 0x0,
    0xf, 0xff, 0xfa, 0x0, 0x0, 0x0, 0x0, 0x0,
    0xf, 0xff, 0xfa, 0x0, 0x0, 0x0, 0x0, 0x0,
    0xf, 0xff, 0xfa, 0x0, 0x0, 0x0, 0x0, 0x0,
    0xf, 0xff, 0xfa, 0x0, 0x0, 0x0, 0x0, 0x0,
    0xf, 0xff, 0xfa, 0x0, 0x0, 0x0, 0x0, 0x0,
    0xf, 0xff, 0xfa, 0x0, 0x0, 0x0, 0x0, 0x0,
    0xf, 0xff, 0xfa, 0x0, 0x0, 0x0, 0x0, 0x0,
    0xf, 0xff, 0xfa, 0x0, 0x0, 0x0, 0x0, 0x0,
    0xf, 0xff, 0xfa, 0x0, 0x0, 0x0, 0x0, 0x0,
    0xf, 0xff, 0xfa, 0x0, 0x0, 0x0, 0x0, 0x0,
    0xf, 0xff, 0xfa, 0x0, 0x0, 0x0, 0x0, 0x0,
    0xf, 0xff, 0xfa, 0x0, 0x0, 0x0, 0x0, 0x0,
    0xf, 0xff, 0xfa, 0x0, 0x0, 0x0, 0x0, 0x0,
    0xf, 0xff, 0xfa, 0x0, 0x0, 0x0, 0x0, 0x0,
    0xf, 0xff, 0xfa, 0x0, 0x0, 0x0, 0x0, 0x0,
    0xf, 0xff, 0xfa, 0x0, 0x0, 0x0, 0x0, 0x0,
    0xf, 0xff, 0xfa, 0x0, 0x0, 0x0, 0x0, 0x0,
    0xf, 0xff, 0xfa, 0x0, 0x0, 0x0, 0x0, 0x0,
    0xf, 0xff, 0xfa, 0x11, 0x11, 0x11, 0x11, 0x10,
    0xf, 0xff, 0xff, 0xff, 0xff, 0xff, 0xff, 0xf9,
    0xf, 0xff, 0xff, 0xff, 0xff, 0xff, 0xff, 0xf9,
    0xf, 0xff, 0xff, 0xff, 0xff, 0xff, 0xff, 0xf9,
    0xf, 0xff, 0xff, 0xff, 0xff, 0xff, 0xff, 0xf9,

    /* U+004D "M" */
    0xf, 0xff, 0xff, 0x70, 0x0, 0x0, 0x0, 0x0,
    0x0, 0x1f, 0xff, 0xff, 0x60, 0xff, 0xff, 0xfe,
    0x0, 0x0, 0x0, 0x0, 0x0, 0x8, 0xff, 0xff,
    0xf6, 0xf, 0xff, 0xff, 0xf8, 0x0, 0x0, 0x0,
    0x0, 0x1, 0xff, 0xff, 0xff, 0x60, 0xff, 0xff,
    0xff, 0xf1, 0x0, 0x0, 0x0, 0x0, 0x9f, 0xff,
    0xff, 0xf6, 0xf, 0xff, 0xff, 0xff, 0x80, 0x0,
    0x0, 0x0, 0x2f, 0xff, 0xff, 0xff, 0x60, 0xff,
    0xff, 0xff, 0xff, 0x10, 0x0, 0x0, 0xa, 0xff,
    0xff, 0xff, 0xf6, 0xf, 0xff, 0xff, 0xff, 0xf9,
    0x0, 0x0, 0x2, 0xff, 0xff, 0xff, 0xff, 0x60,
    0xff, 0xff, 0x8f, 0xff, 0xf2, 0x0, 0x0, 0xbf,
    0xff, 0xaf, 0xff, 0xf6, 0xf, 0xff, 0xf6, 0xaf,
    0xff, 0xa0, 0x0, 0x3f, 0xff, 0xf2, 0xff, 0xff,
    0x60, 0xff, 0xff, 0x63, 0xff, 0xff, 0x30, 0xb,
    0xff, 0xfa, 0xf, 0xff, 0xf6, 0xf, 0xff, 0xf6,
    0xb, 0xff, 0xfb, 0x4, 0xff, 0xff, 0x20, 0xff,
    0xff, 0x60, 0xff, 0xff, 0x60, 0x2f, 0xff, 0xf4,
    0xcf, 0xff, 0x90, 0xf, 0xff, 0xf6, 0xf, 0xff,
    0xf6, 0x0, 0xaf, 0xff, 0xef, 0xff, 0xf1, 0x0,
    0xff, 0xff, 0x60, 0xff, 0xff, 0x60, 0x1, 0xff,
    0xff, 0xff, 0xf8, 0x0, 0xf, 0xff, 0xf6, 0xf,
    0xff, 0xf6, 0x0, 0x8, 0xff, 0xff, 0xfe, 0x0,
    0x0, 0xff, 0xff, 0x60, 0xff, 0xff, 0x60, 0x0,
    0x1e, 0xff, 0xff, 0x60, 0x0, 0xf, 0xff, 0xf6,
    0xf, 0xff, 0xf6, 0x0, 0x0, 0x7f, 0xff, 0xd0,
    0x0, 0x0, 0xff, 0xff, 0x60, 0xff, 0xff, 0x60,
    0x0, 0x0, 0xef, 0xf4, 0x0, 0x0, 0xf, 0xff,
    0xf6, 0xf, 0xff, 0xf6, 0x0, 0x0, 0x5, 0xfb,
    0x0, 0x0, 0x0, 0xff, 0xff, 0x60, 0xff, 0xff,
    0x60, 0x0, 0x0, 0xc, 0x30, 0x0, 0x0, 0xf,
    0xff, 0xf6, 0xf, 0xff, 0xf6, 0x0, 0x0, 0x0,
    0x10, 0x0, 0x0, 0x0, 0xff, 0xff, 0x60, 0xff,
    0xff, 0x60, 0x0, 0x0, 0x0, 0x0, 0x0, 0x0,
    0xf, 0xff, 0xf6, 0xf, 0xff, 0xf6, 0x0, 0x0,
    0x0, 0x0, 0x0, 0x0, 0x0, 0xff, 0xff, 0x60,
    0xff, 0xff, 0x60, 0x0, 0x0, 0x0, 0x0, 0x0,
    0x0, 0xf, 0xff, 0xf6, 0xf, 0xff, 0xf6, 0x0,
    0x0, 0x0, 0x0, 0x0, 0x0, 0x0, 0xff, 0xff,
    0x60,

    /* U+004E "N" */
    0xf, 0xff, 0xff, 0x60, 0x0, 0x0, 0x0, 0x0,
    0x8f, 0xff, 0xe0, 0xff, 0xff, 0xfe, 0x10, 0x0,
    0x0, 0x0, 0x8, 0xff, 0xfe, 0xf, 0xff, 0xff,
    0xf9, 0x0, 0x0, 0x0, 0x0, 0x8f, 0xff, 0xe0,
    0xff, 0xff, 0xff, 0xf2, 0x0, 0x0, 0x0, 0x8,
    0xff, 0xfe, 0xf, 0xff, 0xff, 0xff, 0xc0, 0x0,
    0x0, 0x0, 0x8f, 0xff, 0xe0, 0xff, 0xff, 0xff,
    0xff, 0x50, 0x0, 0x0, 0x8, 0xff, 0xfe, 0xf,
    0xff, 0xff, 0xff, 0xfe, 0x0, 0x0, 0x0, 0x8f,
    0xff, 0xe0, 0xff, 0xff, 0x9f, 0xff, 0xf8, 0x0,
    0x0, 0x8, 0xff, 0xfe, 0xf, 0xff, 0xf6, 0xaf,
    0xff, 0xf2, 0x0, 0x0, 0x8f, 0xff, 0xe0, 0xff,
    0xff, 0x62, 0xff, 0xff, 0xb0, 0x0, 0x8, 0xff,
    0xfe, 0xf, 0xff, 0xf6, 0xa, 0xff, 0xff, 0x40,
    0x0, 0x8f, 0xff, 0xe0, 0xff, 0xff, 0x60, 0x2f,
    0xff, 0xfd, 0x0, 0x8, 0xff, 0xfe, 0xf, 0xff,
    0xf6, 0x0, 0x9f, 0xff, 0xf7, 0x0, 0x8f, 0xff,
    0xe0, 0xff, 0xff, 0x60, 0x1, 0xff, 0xff, 0xf1,
    0x8, 0xff, 0xfe, 0xf, 0xff, 0xf6, 0x0, 0x6,
    0xff, 0xff, 0x80, 0x8f, 0xff, 0xe0, 0xff, 0xff,
    0x60, 0x0, 0xd, 0xff, 0xff, 0x18, 0xff, 0xfe,
    0xf, 0xff, 0xf6, 0x0, 0x0, 0x4f, 0xff, 0xf8,
    0x8f, 0xff, 0xe0, 0xff, 0xff, 0x60, 0x0, 0x0,
    0xaf, 0xff, 0xf9, 0xff, 0xfe, 0xf, 0xff, 0xf6,
    0x0, 0x0, 0x1, 0xff, 0xff, 0xff, 0xff, 0xe0,
    0xff, 0xff, 0x60, 0x0, 0x0, 0x7, 0xff, 0xff,
    0xff, 0xfe, 0xf, 0xff, 0xf6, 0x0, 0x0, 0x0,
    0xd, 0xff, 0xff, 0xff, 0xe0, 0xff, 0xff, 0x60,
    0x0, 0x0, 0x0, 0x5f, 0xff, 0xff, 0xfe, 0xf,
    0xff, 0xf6, 0x0, 0x0, 0x0, 0x0, 0xbf, 0xff,
    0xff, 0xe0, 0xff, 0xff, 0x60, 0x0, 0x0, 0x0,
    0x2, 0xff, 0xff, 0xfe, 0xf, 0xff, 0xf6, 0x0,
    0x0, 0x0, 0x0, 0x8, 0xff, 0xff, 0xe0,

    /* U+004F "O" */
    0x0, 0x0, 0x0, 0x3, 0x9c, 0xef, 0xfe, 0xb7,
    0x20, 0x0, 0x0, 0x0, 0x0, 0x0, 0x3c, 0xff,
    0xff, 0xff, 0xff, 0xff, 0x91, 0x0, 0x0, 0x0,
    0x0, 0x6f, 0xff, 0xff, 0xff, 0xff, 0xff, 0xff,
    0xe2, 0x0, 0x0, 0x0, 0x5f, 0xff, 0xff, 0xff,
    0xff, 0xff, 0xff, 0xff, 0xe1, 0x0, 0x0, 0x2f,
    0xff, 0xff, 0xe8, 0x31, 0x24, 0xaf, 0xff, 0xff,
    0xb0, 0x0, 0xa, 0xff, 0xff, 0xc1, 0x0, 0x0,
    0x0, 0x4f, 0xff, 0xff, 0x40, 0x1, 0xff, 0xff,
    0xe1, 0x0, 0x0, 0x0, 0x0, 0x5f, 0xff, 0xfb,
    0x0, 0x7f, 0xff, 0xf6, 0x0, 0x0, 0x0, 0x0,
    0x0, 0xcf, 0xff, 0xf1, 0xb, 0xff, 0xff, 0x10,
    0x0, 0x0, 0x0, 0x0, 0x7, 0xff, 0xff, 0x50,
    0xef, 0xff, 0xe0, 0x0, 0x0, 0x0, 0x0, 0x0,
    0x4f, 0xff, 0xf8, 0xf, 0xff, 0xfd, 0x0, 0x0,
    0x0, 0x0, 0x0, 0x3, 0xff, 0xff, 0xa1, 0xff,
    0xff, 0xd0, 0x0, 0x0, 0x0, 0x0, 0x0, 0x3f,
    0xff, 0xfb, 0x1f, 0xff, 0xfd, 0x0, 0x0, 0x0,
    0x0, 0x0, 0x3, 0xff, 0xff, 0xb1, 0xff, 0xff,
    0xd0, 0x0, 0x0, 0x0, 0x0, 0x0, 0x3f, 0xff,
    0xfb, 0xf, 0xff, 0xfd, 0x0, 0x0, 0x0, 0x0,
    0x0, 0x3, 0xff, 0xff, 0xa0, 0xef, 0xff, 0xe0,
    0x0, 0x0, 0x0, 0x0, 0x0, 0x4f, 0xff, 0xf8,
    0xb, 0xff, 0xff, 0x10, 0x0, 0x0, 0x0, 0x0,
    0x7, 0xff, 0xff, 0x50, 0x7f, 0xff, 0xf6, 0x0,
    0x0, 0x0, 0x0, 0x0, 0xcf, 0xff, 0xf1, 0x2,
    0xff, 0xff, 0xe1, 0x0, 0x0, 0x0, 0x0, 0x5f,
    0xff, 0xfb, 0x0, 0xa, 0xff, 0xff, 0xc1, 0x0,
    0x0, 0x0, 0x4f, 0xff, 0xff, 0x50, 0x0, 0x2f,
    0xff, 0xff, 0xe8, 0x31, 0x24, 0xaf, 0xff, 0xff,
    0xb0, 0x0, 0x0, 0x6f, 0xff, 0xff, 0xff, 0xff,
    0xff, 0xff, 0xff, 0xe1, 0x0, 0x0, 0x0, 0x6f,
    0xff, 0xff, 0xff, 0xff, 0xff, 0xff, 0xe2, 0x0,
    0x0, 0x0, 0x0, 0x3c, 0xff, 0xff, 0xff, 0xff,
    0xff, 0x91, 0x0, 0x0, 0x0, 0x0, 0x0, 0x4,
    0x9c, 0xef, 0xfe, 0xb7, 0x20, 0x0, 0x0, 0x0,

    /* U+0050 "P" */
    0xf, 0xff, 0xff, 0xff, 0xff, 0xff, 0xfe, 0xb6,
    0x0, 0x0, 0xf, 0xff, 0xff, 0xff, 0xff, 0xff,
    0xff, 0xff, 0xd2, 0x0, 0xf, 0xff, 0xff, 0xff,
    0xff, 0xff, 0xff, 0xff, 0xfe, 0x10, 0xf, 0xff,
    0xff, 0xff, 0xff, 0xff, 0xff, 0xff, 0xff, 0xb0,
    0xf, 0xff, 0xfa, 0x0, 0x0, 0x0, 0x16, 0xff,
    0xff, 0xf2, 0xf, 0xff, 0xfa, 0x0, 0x0, 0x0,
    0x0, 0x7f, 0xff, 0xf6, 0xf, 0xff, 0xfa, 0x0,
    0x0, 0x0, 0x0, 0x3f, 0xff, 0xf9, 0xf, 0xff,
    0xfa, 0x0, 0x0, 0x0, 0x0, 0x3f, 0xff, 0xfa,
    0xf, 0xff, 0xfa, 0x0, 0x0, 0x0, 0x0, 0x3f,
    0xff, 0xf9, 0xf, 0xff, 0xfa, 0x0, 0x0, 0x0,
    0x0, 0x7f, 0xff, 0xf6, 0xf, 0xff, 0xfa, 0x0,
    0x0, 0x0, 0x16, 0xff, 0xff, 0xf2, 0xf, 0xff,
    0xff, 0xff, 0xff, 0xff, 0xff, 0xff, 0xff, 0xb0,
    0xf, 0xff, 0xff, 0xff, 0xff, 0xff, 0xff, 0xff,
    0xfe, 0x20, 0xf, 0xff, 0xff, 0xff, 0xff, 0xff,
    0xff, 0xff, 0xd2, 0x0, 0xf, 0xff, 0xff, 0xff,
    0xff, 0xff, 0xff, 0xb6, 0x0, 0x0, 0xf, 0xff,
    0xfa, 0x0, 0x0, 0x0, 0x0, 0x0, 0x0, 0x0,
    0xf, 0xff, 0xfa, 0x0, 0x0, 0x0, 0x0, 0x0,
    0x0, 0x0, 0xf, 0xff, 0xfa, 0x0, 0x0, 0x0,
    0x0, 0x0, 0x0, 0x0, 0xf, 0xff, 0xfa, 0x0,
    0x0, 0x0, 0x0, 0x0, 0x0, 0x0, 0xf, 0xff,
    0xfa, 0x0, 0x0, 0x0, 0x0, 0x0, 0x0, 0x0,
    0xf, 0xff, 0xfa, 0x0, 0x0, 0x0, 0x0, 0x0,
    0x0, 0x0, 0xf, 0xff, 0xfa, 0x0, 0x0, 0x0,
    0x0, 0x0, 0x0, 0x0, 0xf, 0xff, 0xfa, 0x0,
    0x0, 0x0, 0x0, 0x0, 0x0, 0x0, 0xf, 0xff,
    0xfa, 0x0, 0x0, 0x0, 0x0, 0x0, 0x0, 0x0,
    0xf, 0xff, 0xfa, 0x0, 0x0, 0x0, 0x0, 0x0,
    0x0, 0x0,

    /* U+0051 "Q" */
    0x0, 0x0, 0x0, 0x3, 0x8c, 0xef, 0xfe, 0xb7,
    0x10, 0x0, 0x0, 0x0, 0x0, 0x0, 0x2c, 0xff,
    0xff, 0xff, 0xff, 0xff, 0x90, 0x0, 0x0, 0x0,
    0x0, 0x5f, 0xff, 0xff, 0xff, 0xff, 0xff, 0xff,
    0xd1, 0x0, 0x0, 0x0, 0x4f, 0xff, 0xff, 0xff,
    0xff, 0xff, 0xff, 0xff, 0xd1, 0x0, 0x0, 0x1e,
    0xff, 0xff, 0xf8, 0x31, 0x24, 0xaf, 0xff, 0xff,
    0xa0, 0x0, 0x9, 0xff, 0xff, 0xd1, 0x0, 0x0,
    0x0, 0x5f, 0xff, 0xff, 0x30, 0x1, 0xff, 0xff,
    0xf1, 0x0, 0x0, 0x0, 0x0, 0x6f, 0xff, 0xfa,
    0x0, 0x5f, 0xff, 0xf8, 0x0, 0x0, 0x0, 0x0,
    0x0, 0xdf, 0xff, 0xf0, 0xa, 0xff, 0xff, 0x20,
    0x0, 0x0, 0x0, 0x0, 0x8, 0xff, 0xff, 0x40,
    0xdf, 0xff, 0xf0, 0x0, 0x0, 0x0, 0x0, 0x0,
    0x5f, 0xff, 0xf7, 0xf, 0xff, 0xfd, 0x0, 0x0,
    0x0, 0x0, 0x0, 0x3, 0xff, 0xff, 0x90, 0xff,
    0xff, 0xd0, 0x0, 0x0, 0x0, 0x0, 0x0, 0x3f,
    0xff, 0xfa, 0x1f, 0xff, 0xfd, 0x0, 0x0, 0x0,
    0x0, 0x0, 0x3, 0xff, 0xff, 0xb1, 0xff, 0xff,
    0xd0, 0x0, 0x0, 0x0, 0x0, 0x0, 0x3f, 0xff,
    0xfb, 0xf, 0xff, 0xfd, 0x0, 0x0, 0x0, 0x0,
    0x0, 0x3, 0xff, 0xff, 0xa0, 0xff, 0xff, 0xd0,
    0x0, 0x0, 0x0, 0x0, 0x0, 0x3f, 0xff, 0xf9,
    0xd, 0xff, 0xff, 0x0, 0x0, 0x0, 0x0, 0x0,
    0x5, 0xff, 0xff, 0x60, 0x9f, 0xff, 0xf3, 0x0,
    0x0, 0x0, 0x0, 0x0, 0x9f, 0xff, 0xf3, 0x5,
    0xff, 0xff, 0x90, 0x0, 0x0, 0x0, 0x0, 0xe,
    0xff, 0xff, 0x0, 0xf, 0xff, 0xff, 0x20, 0x0,
    0x0, 0x0, 0x8, 0xff, 0xff, 0x90, 0x0, 0x8f,
    0xff, 0xfe, 0x30, 0x0, 0x0, 0x7, 0xff, 0xff,
    0xf2, 0x0, 0x0, 0xef, 0xff, 0xff, 0xa6, 0x44,
    0x7d, 0xff, 0xff, 0xf9, 0x0, 0x0, 0x3, 0xff,
    0xff, 0xff, 0xff, 0xff, 0xff, 0xff, 0xfc, 0x0,
    0x0, 0x0, 0x3, 0xef, 0xff, 0xff, 0xff, 0xff,
    0xff, 0xfc, 0x10, 0x0, 0x0, 0x0, 0x1, 0xaf,
    0xff, 0xff, 0xff, 0xff, 0xe7, 0x0, 0x0, 0x0,
    0x0, 0x0, 0x0, 0x17, 0xbf, 0xff, 0xfb, 0x50,
    0x0, 0x0, 0x0, 0x0, 0x0, 0x0, 0x0, 0x2,
    0xff, 0xff, 0x40, 0x0, 0x0, 0x0, 0x0, 0x0,
    0x0, 0x0, 0x0, 0x1f, 0xff, 0xf4, 0x0, 0x0,
    0x0, 0x0, 0x0, 0x0, 0x0, 0x0, 0x0, 0xff,
    0xff, 0xff, 0xff, 0x10, 0x0, 0x0, 0x0, 0x0,
    0x0, 0x0, 0xb, 0xff, 0xff, 0xff, 0xf1, 0x0,
    0x0, 0x0, 0x0, 0x0, 0x0, 0x0, 0x2e, 0xff,
    0xff, 0xff, 0x10, 0x0, 0x0, 0x0, 0x0, 0x0,
    0x0, 0x0, 0x17, 0xac, 0xcc, 0xc1, 0x0, 0x0,

    /* U+0052 "R" */
    0xf, 0xff, 0xff, 0xff, 0xff, 0xff, 0xfe, 0xb6,
    0x0, 0x0, 0x0, 0xff, 0xff, 0xff, 0xff, 0xff,
    0xff, 0xff, 0xfd, 0x20, 0x0, 0xf, 0xff, 0xff,
    0xff, 0xff, 0xff, 0xff, 0xff, 0xfe, 0x10, 0x0,
    0xff, 0xff, 0xff, 0xff, 0xff, 0xff, 0xff, 0xff,
    0xfb, 0x0, 0xf, 0xff, 0xfa, 0x0, 0x0, 0x0,
    0x16, 0xff, 0xff, 0xf2, 0x0, 0xff, 0xff, 0xa0,
    0x0, 0x0, 0x0, 0x7, 0xff, 0xff, 0x60, 0xf,
    0xff, 0xfa, 0x0, 0x0, 0x0, 0x0, 0x3f, 0xff,
    0xf9, 0x0, 0xff, 0xff, 0xa0, 0x0, 0x0, 0x0,
    0x3, 0xff, 0xff, 0xa0, 0xf, 0xff, 0xfa, 0x0,
    0x0, 0x0, 0x0, 0x3f, 0xff, 0xf9, 0x0, 0xff,
    0xff, 0xa0, 0x0, 0x0, 0x0, 0x6, 0xff, 0xff,
    0x60, 0xf, 0xff, 0xfa, 0x0, 0x0, 0x0, 0x4,
    0xef, 0xff, 0xf2, 0x0, 0xff, 0xff, 0xfe, 0xee,
    0xee, 0xef, 0xff, 0xff, 0xfa, 0x0, 0xf, 0xff,
    0xff, 0xff, 0xff, 0xff, 0xff, 0xff, 0xfe, 0x10,
    0x0, 0xff, 0xff, 0xff, 0xff, 0xff, 0xff, 0xff,
    0xfc, 0x10, 0x0, 0xf, 0xff, 0xff, 0xff, 0xff,
    0xff, 0xff, 0xf4, 0x0, 0x0, 0x0, 0xff, 0xff,
    0xa0, 0x0, 0x9, 0xff, 0xff, 0x60, 0x0, 0x0,
    0xf, 0xff, 0xfa, 0x0, 0x0, 0x1f, 0xff, 0xfe,
    0x0, 0x0, 0x0, 0xff, 0xff, 0xa0, 0x0, 0x0,
    0x9f, 0xff, 0xf6, 0x0, 0x0, 0xf, 0xff, 0xfa,
    0x0, 0x0, 0x2, 0xff, 0xff, 0xe0, 0x0, 0x0,
    0xff, 0xff, 0xa0, 0x0, 0x0, 0xa, 0xff, 0xff,
    0x60, 0x0, 0xf, 0xff, 0xfa, 0x0, 0x0, 0x0,
    0x3f, 0xff, 0xfe, 0x0, 0x0, 0xff, 0xff, 0xa0,
    0x0, 0x0, 0x0, 0xbf, 0xff, 0xf6, 0x0, 0xf,
    0xff, 0xfa, 0x0, 0x0, 0x0, 0x4, 0xff, 0xff,
    0xd0, 0x0, 0xff, 0xff, 0xa0, 0x0, 0x0, 0x0,
    0xc, 0xff, 0xff, 0x60, 0xf, 0xff, 0xfa, 0x0,
    0x0, 0x0, 0x0, 0x5f, 0xff, 0xfd, 0x0,

    /* U+0053 "S" */
    0x0, 0x0, 0x2, 0x7b, 0xef, 0xff, 0xd9, 0x50,
    0x0, 0x0, 0x0, 0x1, 0xaf, 0xff, 0xff, 0xff,
    0xff, 0xfe, 0x50, 0x0, 0x0, 0x2d, 0xff, 0xff,
    0xff, 0xff, 0xff, 0xff, 0xf9, 0x0, 0x0, 0xdf,
    0xff, 0xff, 0xff, 0xff, 0xff, 0xff, 0xff, 0x80,
    0x5, 0xff, 0xff, 0xf7, 0x21, 0x12, 0x6d, 0xff,
    0xfc, 0x10, 0xa, 0xff, 0xff, 0x30, 0x0, 0x0,
    0x0, 0x7f, 0xb0, 0x0, 0xd, 0xff, 0xfd, 0x0,
    0x0, 0x0, 0x0, 0x4, 0x0, 0x0, 0xd, 0xff,
    0xfd, 0x0, 0x0, 0x0, 0x0, 0x0, 0x0, 0x0,
    0xb, 0xff, 0xff, 0x40, 0x0, 0x0, 0x0, 0x0,
    0x0, 0x0, 0x6, 0xff, 0xff, 0xf8, 0x30, 0x0,
    0x0, 0x0, 0x0, 0x0, 0x0, 0xef, 0xff, 0xff,
    0xff, 0xca, 0x73, 0x0, 0x0, 0x0, 0x0, 0x3f,
    0xff, 0xff, 0xff, 0xff, 0xff, 0xe7, 0x0, 0x0,
    0x0, 0x2, 0xcf, 0xff, 0xff, 0xff, 0xff, 0xff,
    0xd2, 0x0, 0x0, 0x0, 0x3, 0x8c, 0xff, 0xff,
    0xff, 0xff, 0xfe, 0x10, 0x0, 0x0, 0x0, 0x0,
    0x2, 0x57, 0xcf, 0xff, 0xff, 0x90, 0x0, 0x0,
    0x0, 0x0, 0x0, 0x0, 0x4, 0xff, 0xff, 0xe0,
    0x0, 0x0, 0x0, 0x0, 0x0, 0x0, 0x0, 0xaf,
    0xff, 0xf1, 0x0, 0x0, 0x0, 0x0, 0x0, 0x0,
    0x0, 0x7f, 0xff, 0xf2, 0x0, 0x2c, 0x20, 0x0,
    0x0, 0x0, 0x0, 0xaf, 0xff, 0xf1, 0x2, 0xef,
    0xf5, 0x0, 0x0, 0x0, 0x3, 0xff, 0xff, 0xd0,
    0x3f, 0xff, 0xff, 0xc6, 0x21, 0x12, 0x7f, 0xff,
    0xff, 0x80, 0x2e, 0xff, 0xff, 0xff, 0xff, 0xff,
    0xff, 0xff, 0xfd, 0x0, 0x1, 0xcf, 0xff, 0xff,
    0xff, 0xff, 0xff, 0xff, 0xe2, 0x0, 0x0, 0x7,
    0xef, 0xff, 0xff, 0xff, 0xff, 0xfa, 0x10, 0x0,
    0x0, 0x0, 0x5, 0xad, 0xff, 0xfe, 0xc8, 0x20,
    0x0, 0x0,

    /* U+0054 "T" */
    0x1f, 0xff, 0xff, 0xff, 0xff, 0xff, 0xff, 0xff,
    0xff, 0xff, 0x1f, 0xff, 0xff, 0xff, 0xff, 0xff,
    0xff, 0xff, 0xff, 0xff, 0x1f, 0xff, 0xff, 0xff,
    0xff, 0xff, 0xff, 0xff, 0xff, 0xff, 0x1f, 0xff,
    0xff, 0xff, 0xff, 0xff, 0xff, 0xff, 0xff, 0xff,
    0x1, 0x11, 0x11, 0x11, 0xef, 0xff, 0xc1, 0x11,
    0x11, 0x11, 0x0, 0x0, 0x0, 0x0, 0xef, 0xff,
    0xc0, 0x0, 0x0, 0x0, 0x0, 0x0, 0x0, 0x0,
    0xef, 0xff, 0xc0, 0x0, 0x0, 0x0, 0x0, 0x0,
    0x0, 0x0, 0xef, 0xff, 0xc0, 0x0, 0x0, 0x0,
    0x0, 0x0, 0x0, 0x0, 0xef, 0xff, 0xc0, 0x0,
    0x0, 0x0, 0x0, 0x0, 0x0, 0x0, 0xef, 0xff,
    0xc0, 0x0, 0x0, 0x0, 0x0, 0x0, 0x0, 0x0,
    0xef, 0xff, 0xc0, 0x0, 0x0, 0x0, 0x0, 0x0,
    0x0, 0x0, 0xef, 0xff, 0xc0, 0x0, 0x0, 0x0,
    0x0, 0x0, 0x0, 0x0, 0xef, 0xff, 0xc0, 0x0,
    0x0, 0x0, 0x0, 0x0, 0x0, 0x0, 0xef, 0xff,
    0xc0, 0x0, 0x0, 0x0, 0x0, 0x0, 0x0, 0x0,
    0xef, 0xff, 0xc0, 0x0, 0x0, 0x0, 0x0, 0x0,
    0x0, 0x0, 0xef, 0xff, 0xc0, 0x0, 0x0, 0x0,
    0x0, 0x0, 0x0, 0x0, 0xef, 0xff, 0xc0, 0x0,
    0x0, 0x0, 0x0, 0x0, 0x0, 0x0, 0xef, 0xff,
    0xc0, 0x0, 0x0, 0x0, 0x0, 0x0, 0x0, 0x0,
    0xef, 0xff, 0xc0, 0x0, 0x0, 0x0, 0x0, 0x0,
    0x0, 0x0, 0xef, 0xff, 0xc0, 0x0, 0x0, 0x0,
    0x0, 0x0, 0x0, 0x0, 0xef, 0xff, 0xc0, 0x0,
    0x0, 0x0, 0x0, 0x0, 0x0, 0x0, 0xef, 0xff,
    0xc0, 0x0, 0x0, 0x0, 0x0, 0x0, 0x0, 0x0,
    0xef, 0xff, 0xc0, 0x0, 0x0, 0x0, 0x0, 0x0,
    0x0, 0x0, 0xef, 0xff, 0xc0, 0x0, 0x0, 0x0,
    0x0, 0x0, 0x0, 0x0, 0xef, 0xff, 0xc0, 0x0,
    0x0, 0x0,

    /* U+0055 "U" */
    0x3f, 0xff, 0xf6, 0x0, 0x0, 0x0, 0x0, 0x9,
    0xff, 0xff, 0x3f, 0xff, 0xf6, 0x0, 0x0, 0x0,
    0x0, 0x9, 0xff, 0xff, 0x3f, 0xff, 0xf6, 0x0,
    0x0, 0x0, 0x0, 0x9, 0xff, 0xff, 0x3f, 0xff,
    0xf6, 0x0, 0x0, 0x0, 0x0, 0x9, 0xff, 0xff,
    0x3f, 0xff, 0xf6, 0x0, 0x0, 0x0, 0x0, 0x9,
    0xff, 0xff, 0x3f, 0xff, 0xf6, 0x0, 0x0, 0x0,
    0x0, 0x9, 0xff, 0xff, 0x3f, 0xff, 0xf6, 0x0,
    0x0, 0x0, 0x0, 0x9, 0xff, 0xff, 0x3f, 0xff,
    0xf6, 0x0, 0x0, 0x0, 0x0, 0x9, 0xff, 0xff,
    0x3f, 0xff, 0xf6, 0x0, 0x0, 0x0, 0x0, 0x9,
    0xff, 0xff, 0x3f, 0xff, 0xf6, 0x0, 0x0, 0x0,
    0x0, 0x9, 0xff, 0xff, 0x3f, 0xff, 0xf6, 0x0,
    0x0, 0x0, 0x0, 0x9, 0xff, 0xff, 0x3f, 0xff,
    0xf6, 0x0, 0x0, 0x0, 0x0, 0x9, 0xff, 0xff,
    0x3f, 0xff, 0xf6, 0x0, 0x0, 0x0, 0x0, 0x9,
    0xff, 0xff, 0x3f, 0xff, 0xf6, 0x0, 0x0, 0x0,
    0x0, 0x9, 0xff, 0xff, 0x3f, 0xff, 0xf6, 0x0,
    0x0, 0x0, 0x0, 0x9, 0xff, 0xff, 0x2f, 0xff,
    0xf6, 0x0, 0x0, 0x0, 0x0, 0x9, 0xff, 0xff,
    0x1f, 0xff, 0xf7, 0x0, 0x0, 0x0, 0x0, 0xa,
    0xff, 0xfe, 0xf, 0xff, 0xfa, 0x0, 0x0, 0x0,
    0x0, 0xd, 0xff, 0xfc, 0xd, 0xff, 0xfe, 0x0,
    0x0, 0x0, 0x0, 0x2f, 0xff, 0xfa, 0x9, 0xff,
    0xff, 0x90, 0x0, 0x0, 0x0, 0xcf, 0xff, 0xf6,
    0x3, 0xff, 0xff, 0xfc, 0x52, 0x12, 0x6d, 0xff,
    0xff, 0xf1, 0x0, 0xbf, 0xff, 0xff, 0xff, 0xff,
    0xff, 0xff, 0xff, 0x80, 0x0, 0x1e, 0xff, 0xff,
    0xff, 0xff, 0xff, 0xff, 0xfb, 0x0, 0x0, 0x1,
    0xbf, 0xff, 0xff, 0xff, 0xff, 0xff, 0x90, 0x0,
    0x0, 0x0, 0x3, 0x8c, 0xef, 0xff, 0xeb, 0x72,
    0x0, 0x0,

    /* U+0056 "V" */
    0x4f, 0xff, 0xf8, 0x0, 0x0, 0x0, 0x0, 0x0,
    0x7, 0xff, 0xff, 0x20, 0xef, 0xff, 0xd0, 0x0,
    0x0, 0x0, 0x0, 0x0, 0xcf, 0xff, 0xd0, 0x9,
    0xff, 0xff, 0x20, 0x0, 0x0, 0x0, 0x0, 0x1f,
    0xff, 0xf7, 0x0, 0x4f, 0xff, 0xf7, 0x0, 0x0,
    0x0, 0x0, 0x6, 0xff, 0xff, 0x20, 0x0, 0xef,
    0xff, 0xc0, 0x0, 0x0, 0x0, 0x0, 0xbf, 0xff,
    0xd0, 0x0, 0xa, 0xff, 0xff, 0x10, 0x0, 0x0,
    0x0, 0xf, 0xff, 0xf8, 0x0, 0x0, 0x4f, 0xff,
    0xf6, 0x0, 0x0, 0x0, 0x5, 0xff, 0xff, 0x20,
    0x0, 0x0, 0xff, 0xff, 0xb0, 0x0, 0x0, 0x0,
    0xaf, 0xff, 0xd0, 0x0, 0x0, 0xa, 0xff, 0xff,
    0x10, 0x0, 0x0, 0xf, 0xff, 0xf8, 0x0, 0x0,
    0x0, 0x5f, 0xff, 0xf5, 0x0, 0x0, 0x4, 0xff,
    0xff, 0x20, 0x0, 0x0, 0x0, 0xff, 0xff, 0xa0,
    0x0, 0x0, 0xaf, 0xff, 0xd0, 0x0, 0x0, 0x0,
    0xa, 0xff, 0xff, 0x0, 0x0, 0xe, 0xff, 0xf8,
    0x0, 0x0, 0x0, 0x0, 0x5f, 0xff, 0xf4, 0x0,
    0x3, 0xff, 0xff, 0x30, 0x0, 0x0, 0x0, 0x0,
    0xff, 0xff, 0x90, 0x0, 0x8f, 0xff, 0xd0, 0x0,
    0x0, 0x0, 0x0, 0xa, 0xff, 0xfd, 0x0, 0xc,
    0xff, 0xf8, 0x0, 0x0, 0x0, 0x0, 0x0, 0x5f,
    0xff, 0xf1, 0x1, 0xff, 0xff, 0x30, 0x0, 0x0,
    0x0, 0x0, 0x0, 0xff, 0xff, 0x60, 0x5f, 0xff,
    0xe0, 0x0, 0x0, 0x0, 0x0, 0x0, 0xb, 0xff,
    0xfa, 0x9, 0xff, 0xf8, 0x0, 0x0, 0x0, 0x0,
    0x0, 0x0, 0x6f, 0xff, 0xe0, 0xdf, 0xff, 0x30,
    0x0, 0x0, 0x0, 0x0, 0x0, 0x1, 0xff, 0xff,
    0x5f, 0xff, 0xe0, 0x0, 0x0, 0x0, 0x0, 0x0,
    0x0, 0xb, 0xff, 0xfd, 0xff, 0xf8, 0x0, 0x0,
    0x0, 0x0, 0x0, 0x0, 0x0, 0x6f, 0xff, 0xff,
    0xff, 0x30, 0x0, 0x0, 0x0, 0x0, 0x0, 0x0,
    0x1, 0xff, 0xff, 0xff, 0xe0, 0x0, 0x0, 0x0,
    0x0, 0x0, 0x0, 0x0, 0xb, 0xff, 0xff, 0xf9,
    0x0, 0x0, 0x0, 0x0, 0x0, 0x0, 0x0, 0x0,
    0x6f, 0xff, 0xff, 0x30, 0x0, 0x0, 0x0, 0x0,

    /* U+0057 "W" */
    0xf, 0xff, 0xfb, 0x0, 0x0, 0x0, 0x0, 0x9f,
    0xff, 0xfc, 0x0, 0x0, 0x0, 0x0, 0x7f, 0xff,
    0xf0, 0xb, 0xff, 0xfe, 0x0, 0x0, 0x0, 0x0,
    0xdf, 0xff, 0xff, 0x0, 0x0, 0x0, 0x0, 0xbf,
    0xff, 0xc0, 0x7, 0xff, 0xff, 0x20, 0x0, 0x0,
    0x1, 0xff, 0xff, 0xff, 0x40, 0x0, 0x0, 0x0,
    0xef, 0xff, 0x80, 0x3, 0xff, 0xff, 0x50, 0x0,
    0x0, 0x5, 0xff, 0xff, 0xff, 0x70, 0x0, 0x0,
    0x2, 0xff, 0xff, 0x40, 0x0, 0xff, 0xff, 0x80,
    0x0, 0x0, 0x9, 0xff, 0xff, 0xff, 0xb0, 0x0,
    0x0, 0x5, 0xff, 0xff, 0x0, 0x0, 0xcf, 0xff,
    0xc0, 0x0, 0x0, 0xd, 0xff, 0xde, 0xff, 0xf0,
    0x0, 0x0, 0x8, 0xff, 0xfc, 0x0, 0x0, 0x8f,
    0xff, 0xf0, 0x0, 0x0, 0x1f, 0xff, 0x9a, 0xff,
    0xf3, 0x0, 0x0, 0xc, 0xff, 0xf8, 0x0, 0x0,
    0x5f, 0xff, 0xf2, 0x0, 0x0, 0x5f, 0xff, 0x56,
    0xff, 0xf7, 0x0, 0x0, 0xf, 0xff, 0xf5, 0x0,
    0x0, 0x1f, 0xff, 0xf5, 0x0, 0x0, 0x8f, 0xff,
    0x12, 0xff, 0xfb, 0x0, 0x0, 0x3f, 0xff, 0xf1,
    0x0, 0x0, 0xd, 0xff, 0xf9, 0x0, 0x0, 0xcf,
    0xfd, 0x0, 0xef, 0xfe, 0x0, 0x0, 0x6f, 0xff,
    0xd0, 0x0, 0x0, 0x9, 0xff, 0xfc, 0x0, 0x0,
    0xff, 0xf9, 0x0, 0xbf, 0xff, 0x20, 0x0, 0x9f,
    0xff, 0x90, 0x0, 0x0, 0x6, 0xff, 0xff, 0x0,
    0x4, 0xff, 0xf6, 0x0, 0x7f, 0xff, 0x60, 0x0,
    0xdf, 0xff, 0x50, 0x0, 0x0, 0x2, 0xff, 0xff,
    0x30, 0x8, 0xff, 0xf2, 0x0, 0x3f, 0xff, 0xa0,
    0x0, 0xff, 0xff, 0x10, 0x0, 0x0, 0x0, 0xef,
    0xff, 0x60, 0xc, 0xff, 0xe0, 0x0, 0xf, 0xff,
    0xe0, 0x4, 0xff, 0xfd, 0x0, 0x0, 0x0, 0x0,
    0xaf, 0xff, 0x90, 0xf, 0xff, 0xa0, 0x0, 0xb,
    0xff, 0xf1, 0x7, 0xff, 0xf9, 0x0, 0x0, 0x0,
    0x0, 0x7f, 0xff, 0xd0, 0x3f, 0xff, 0x60, 0x0,
    0x8, 0xff, 0xf5, 0xa, 0xff, 0xf6, 0x0, 0x0,
    0x0, 0x0, 0x3f, 0xff, 0xf0, 0x7f, 0xff, 0x20,
    0x0, 0x4, 0xff, 0xf9, 0xe, 0xff, 0xf2, 0x0,
    0x0, 0x0, 0x0, 0xf, 0xff, 0xf3, 0xbf, 0xfe,
    0x0, 0x0, 0x0, 0xff, 0xfd, 0x1f, 0xff, 0xe0,
    0x0, 0x0, 0x0, 0x0, 0xc, 0xff, 0xf7, 0xff,
    0xfa, 0x0, 0x0, 0x0, 0xcf, 0xff, 0x5f, 0xff,
    0xa0, 0x0, 0x0, 0x0, 0x0, 0x8, 0xff, 0xfd,
    0xff, 0xf6, 0x0, 0x0, 0x0, 0x8f, 0xff, 0xdf,
    0xff, 0x60, 0x0, 0x0, 0x0, 0x0, 0x4, 0xff,
    0xff, 0xff, 0xf2, 0x0, 0x0, 0x0, 0x4f, 0xff,
    0xff, 0xff, 0x20, 0x0, 0x0, 0x0, 0x0, 0x0,
    0xff, 0xff, 0xff, 0xe0, 0x0, 0x0, 0x0, 0xf,
    0xff, 0xff, 0xfe, 0x0, 0x0, 0x0, 0x0, 0x0,
    0x0, 0xdf, 0xff, 0xff, 0xa0, 0x0, 0x0, 0x0,
    0xc, 0xff, 0xff, 0xfb, 0x0, 0x0, 0x0, 0x0,
    0x0, 0x0, 0x9f, 0xff, 0xff, 0x60, 0x0, 0x0,
    0x0, 0x8, 0xff, 0xff, 0xf7, 0x0, 0x0, 0x0,
    0x0, 0x0, 0x0, 0x5f, 0xff, 0xff, 0x30, 0x0,
    0x0, 0x0, 0x5, 0xff, 0xff, 0xf3, 0x0, 0x0,
    0x0,

    /* U+0058 "X" */
    0xa, 0xff, 0xff, 0xc0, 0x0, 0x0, 0x0, 0x0,
    0xe, 0xff, 0xff, 0x20, 0x1e, 0xff, 0xff, 0x60,
    0x0, 0x0, 0x0, 0x8, 0xff, 0xff, 0x80, 0x0,
    0x6f, 0xff, 0xfe, 0x10, 0x0, 0x0, 0x2, 0xff,
    0xff, 0xd0, 0x0, 0x0, 0xbf, 0xff, 0xf9, 0x0,
    0x0, 0x0, 0xbf, 0xff, 0xf3, 0x0, 0x0, 0x2,
    0xff, 0xff, 0xf3, 0x0, 0x0, 0x5f, 0xff, 0xf9,
    0x0, 0x0, 0x0, 0x7, 0xff, 0xff, 0xc0, 0x0,
    0x1e, 0xff, 0xfe, 0x0, 0x0, 0x0, 0x0, 0xd,
    0xff, 0xff, 0x60, 0x9, 0xff, 0xff, 0x40, 0x0,
    0x0, 0x0, 0x0, 0x3f, 0xff, 0xfe, 0x13, 0xff,
    0xff, 0xa0, 0x0, 0x0, 0x0, 0x0, 0x0, 0x8f,
    0xff, 0xf9, 0xcf, 0xff, 0xe1, 0x0, 0x0, 0x0,
    0x0, 0x0, 0x0, 0xdf, 0xff, 0xff, 0xff, 0xf5,
    0x0, 0x0, 0x0, 0x0, 0x0, 0x0, 0x4, 0xff,
    0xff, 0xff, 0xfb, 0x0, 0x0, 0x0, 0x0, 0x0,
    0x0, 0x0, 0xa, 0xff, 0xff, 0xff, 0x10, 0x0,
    0x0, 0x0, 0x0, 0x0, 0x0, 0x0, 0x7f, 0xff,
    0xff, 0xd0, 0x0, 0x0, 0x0, 0x0, 0x0, 0x0,
    0x0, 0x1f, 0xff, 0xff, 0xff, 0x70, 0x0, 0x0,
    0x0, 0x0, 0x0, 0x0, 0xb, 0xff, 0xff, 0xff,
    0xff, 0x20, 0x0, 0x0, 0x0, 0x0, 0x0, 0x5,
    0xff, 0xff, 0xaf, 0xff, 0xfb, 0x0, 0x0, 0x0,
    0x0, 0x0, 0x1, 0xef, 0xff, 0xc0, 0xbf, 0xff,
    0xf6, 0x0, 0x0, 0x0, 0x0, 0x0, 0x9f, 0xff,
    0xf3, 0x2, 0xff, 0xff, 0xe1, 0x0, 0x0, 0x0,
    0x0, 0x3f, 0xff, 0xf9, 0x0, 0x8, 0xff, 0xff,
    0xa0, 0x0, 0x0, 0x0, 0xd, 0xff, 0xff, 0x10,
    0x0, 0xe, 0xff, 0xff, 0x40, 0x0, 0x0, 0x7,
    0xff, 0xff, 0x60, 0x0, 0x0, 0x5f, 0xff, 0xfe,
    0x0, 0x0, 0x2, 0xff, 0xff, 0xd0, 0x0, 0x0,
    0x0, 0xbf, 0xff, 0xf9, 0x0, 0x0, 0xbf, 0xff,
    0xf4, 0x0, 0x0, 0x0, 0x2, 0xff, 0xff, 0xf3,
    0x0, 0x5f, 0xff, 0xfa, 0x0, 0x0, 0x0, 0x0,
    0x8, 0xff, 0xff, 0xd0, 0x1e, 0xff, 0xff, 0x10,
    0x0, 0x0, 0x0, 0x0, 0xd, 0xff, 0xff, 0x80,

    /* U+0059 "Y" */
    0x5f, 0xff, 0xfd, 0x0, 0x0, 0x0, 0x0, 0x0,
    0x1f, 0xff, 0xff, 0x10, 0xcf, 0xff, 0xf6, 0x0,
    0x0, 0x0, 0x0, 0x9, 0xff, 0xff, 0x70, 0x3,
    0xff, 0xff, 0xe0, 0x0, 0x0, 0x0, 0x2, 0xff,
    0xff, 0xd0, 0x0, 0xa, 0xff, 0xff, 0x80, 0x0,
    0x0, 0x0, 0xaf, 0xff, 0xf5, 0x0, 0x0, 0x1f,
    0xff, 0xff, 0x10, 0x0, 0x0, 0x3f, 0xff, 0xfb,
    0x0, 0x0, 0x0, 0x8f, 0xff, 0xfa, 0x0, 0x0,
    0xb, 0xff, 0xff, 0x20, 0x0, 0x0, 0x0, 0xef,
    0xff, 0xf3, 0x0, 0x4, 0xff, 0xff, 0x90, 0x0,
    0x0, 0x0, 0x5, 0xff, 0xff, 0xb0, 0x0, 0xcf,
    0xff, 0xf1, 0x0, 0x0, 0x0, 0x0, 0xc, 0xff,
    0xff, 0x40, 0x5f, 0xff, 0xf7, 0x0, 0x0, 0x0,
    0x0, 0x0, 0x3f, 0xff, 0xfd, 0xd, 0xff, 0xfd,
    0x0, 0x0, 0x0, 0x0, 0x0, 0x0, 0xaf, 0xff,
    0xfb, 0xff, 0xff, 0x50, 0x0, 0x0, 0x0, 0x0,
    0x0, 0x2, 0xff, 0xff, 0xff, 0xff, 0xb0, 0x0,
    0x0, 0x0, 0x0, 0x0, 0x0, 0x8, 0xff, 0xff,
    0xff, 0xf3, 0x0, 0x0, 0x0, 0x0, 0x0, 0x0,
    0x0, 0xe, 0xff, 0xff, 0xf9, 0x0, 0x0, 0x0,
    0x0, 0x0, 0x0, 0x0, 0x0, 0x6f, 0xff, 0xff,
    0x10, 0x0, 0x0, 0x0, 0x0, 0x0, 0x0, 0x0,
    0x0, 0xff, 0xff, 0xb0, 0x0, 0x0, 0x0, 0x0,
    0x0, 0x0, 0x0, 0x0, 0xf, 0xff, 0xfb, 0x0,
    0x0, 0x0, 0x0, 0x0, 0x0, 0x0, 0x0, 0x0,
    0xff, 0xff, 0xb0, 0x0, 0x0, 0x0, 0x0, 0x0,
    0x0, 0x0, 0x0, 0xf, 0xff, 0xfb, 0x0, 0x0,
    0x0, 0x0, 0x0, 0x0, 0x0, 0x0, 0x0, 0xff,
    0xff, 0xb0, 0x0, 0x0, 0x0, 0x0, 0x0, 0x0,
    0x0, 0x0, 0xf, 0xff, 0xfb, 0x0, 0x0, 0x0,
    0x0, 0x0, 0x0, 0x0, 0x0, 0x0, 0xff, 0xff,
    0xb0, 0x0, 0x0, 0x0, 0x0, 0x0, 0x0, 0x0,
    0x0, 0xf, 0xff, 0xfb, 0x0, 0x0, 0x0, 0x0,
    0x0, 0x0, 0x0, 0x0, 0x0, 0xff, 0xff, 0xb0,
    0x0, 0x0, 0x0, 0x0, 0x0, 0x0, 0x0, 0x0,
    0xf, 0xff, 0xfb, 0x0, 0x0, 0x0, 0x0, 0x0,

    /* U+005A "Z" */
    0xf, 0xff, 0xff, 0xff, 0xff, 0xff, 0xff, 0xff,
    0xff, 0xc0, 0xf, 0xff, 0xff, 0xff, 0xff, 0xff,
    0xff, 0xff, 0xff, 0xc0, 0xf, 0xff, 0xff, 0xff,
    0xff, 0xff, 0xff, 0xff, 0xff, 0xc0, 0xf, 0xff,
    0xff, 0xff, 0xff, 0xff, 0xff, 0xff, 0xff, 0xc0,
    0x1, 0x11, 0x11, 0x11, 0x11, 0x11, 0x2d, 0xff,
    0xff, 0x70, 0x0, 0x0, 0x0, 0x0, 0x0, 0x0,
    0xaf, 0xff, 0xfb, 0x0, 0x0, 0x0, 0x0, 0x0,
    0x0, 0x6, 0xff, 0xff, 0xd1, 0x0, 0x0, 0x0,
    0x0, 0x0, 0x0, 0x3f, 0xff, 0xff, 0x20, 0x0,
    0x0, 0x0, 0x0, 0x0, 0x1, 0xef, 0xff, 0xf5,
    0x0, 0x0, 0x0, 0x0, 0x0, 0x0, 0xb, 0xff,
    0xff, 0x90, 0x0, 0x0, 0x0, 0x0, 0x0, 0x0,
    0x8f, 0xff, 0xfc, 0x0, 0x0, 0x0, 0x0, 0x0,
    0x0, 0x4, 0xff, 0xff, 0xe1, 0x0, 0x0, 0x0,
    0x0, 0x0, 0x0, 0x2f, 0xff, 0xff, 0x30, 0x0,
    0x0, 0x0, 0x0, 0x0, 0x0, 0xdf, 0xff, 0xf7,
    0x0, 0x0, 0x0, 0x0, 0x0, 0x0, 0xa, 0xff,
    0xff, 0xa0, 0x0, 0x0, 0x0, 0x0, 0x0, 0x0,
    0x6f, 0xff, 0xfd, 0x0, 0x0, 0x0, 0x0, 0x0,
    0x0, 0x3, 0xff, 0xff, 0xf2, 0x0, 0x0, 0x0,
    0x0, 0x0, 0x0, 0x1e, 0xff, 0xff, 0x50, 0x0,
    0x0, 0x0, 0x0, 0x0, 0x0, 0xbf, 0xff, 0xf8,
    0x0, 0x0, 0x0, 0x0, 0x0, 0x0, 0x8, 0xff,
    0xff, 0xb0, 0x0, 0x0, 0x0, 0x0, 0x0, 0x0,
    0x5f, 0xff, 0xfe, 0x21, 0x11, 0x11, 0x11, 0x11,
    0x11, 0x10, 0xaf, 0xff, 0xff, 0xff, 0xff, 0xff,
    0xff, 0xff, 0xff, 0xf2, 0xaf, 0xff, 0xff, 0xff,
    0xff, 0xff, 0xff, 0xff, 0xff, 0xf2, 0xaf, 0xff,
    0xff, 0xff, 0xff, 0xff, 0xff, 0xff, 0xff, 0xf2,
    0xaf, 0xff, 0xff, 0xff, 0xff, 0xff, 0xff, 0xff,
    0xff, 0xf2,

    /* U+005B "[" */
    0xf, 0xff, 0xff, 0xfe, 0xf, 0xff, 0xff, 0xfe,
    0xf, 0xff, 0xff, 0xfe, 0xf, 0xff, 0xf4, 0x32,
    0xf, 0xff, 0xf1, 0x0, 0xf, 0xff, 0xf1, 0x0,
    0xf, 0xff, 0xf1, 0x0, 0xf, 0xff, 0xf1, 0x0,
    0xf, 0xff, 0xf1, 0x0, 0xf, 0xff, 0xf1, 0x0,
    0xf, 0xff, 0xf1, 0x0, 0xf, 0xff, 0xf1, 0x0,
    0xf, 0xff, 0xf1, 0x0, 0xf, 0xff, 0xf1, 0x0,
    0xf, 0xff, 0xf1, 0x0, 0xf, 0xff, 0xf1, 0x0,
    0xf, 0xff, 0xf1, 0x0, 0xf, 0xff, 0xf1, 0x0,
    0xf, 0xff, 0xf1, 0x0, 0xf, 0xff, 0xf1, 0x0,
    0xf, 0xff, 0xf1, 0x0, 0xf, 0xff, 0xf1, 0x0,
    0xf, 0xff, 0xf1, 0x0, 0xf, 0xff, 0xf1, 0x0,
    0xf, 0xff, 0xf1, 0x0, 0xf, 0xff, 0xf1, 0x0,
    0xf, 0xff, 0xf1, 0x0, 0xf, 0xff, 0xf1, 0x0,
    0xf, 0xff, 0xf4, 0x32, 0xf, 0xff, 0xff, 0xfe,
    0xf, 0xff, 0xff, 0xfe, 0xf, 0xff, 0xff, 0xfe,

    /* U+005C "\\" */
    0x8f, 0xff, 0x40, 0x0, 0x0, 0x0, 0x0, 0x2,
    0xff, 0xfa, 0x0, 0x0, 0x0, 0x0, 0x0, 0xd,
    0xff, 0xe0, 0x0, 0x0, 0x0, 0x0, 0x0, 0x8f,
    0xff, 0x40, 0x0, 0x0, 0x0, 0x0, 0x3, 0xff,
    0xf9, 0x0, 0x0, 0x0, 0x0, 0x0, 0xe, 0xff,
    0xe0, 0x0, 0x0, 0x0, 0x0, 0x0, 0x8f, 0xff,
    0x40, 0x0, 0x0, 0x0, 0x0, 0x3, 0xff, 0xf9,
    0x0, 0x0, 0x0, 0x0, 0x0, 0xe, 0xff, 0xe0,
    0x0, 0x0, 0x0, 0x0, 0x0, 0x9f, 0xff, 0x30,
    0x0, 0x0, 0x0, 0x0, 0x4, 0xff, 0xf9, 0x0,
    0x0, 0x0, 0x0, 0x0, 0xe, 0xff, 0xe0, 0x0,
    0x0, 0x0, 0x0, 0x0, 0x9f, 0xff, 0x30, 0x0,
    0x0, 0x0, 0x0, 0x4, 0xff, 0xf8, 0x0, 0x0,
    0x0, 0x0, 0x0, 0xe, 0xff, 0xd0, 0x0, 0x0,
    0x0, 0x0, 0x0, 0x9f, 0xff, 0x30, 0x0, 0x0,
    0x0, 0x0, 0x4, 0xff, 0xf8, 0x0, 0x0, 0x0,
    0x0, 0x0, 0xf, 0xff, 0xd0, 0x0, 0x0, 0x0,
    0x0, 0x0, 0xaf, 0xff, 0x20, 0x0, 0x0, 0x0,
    0x0, 0x5, 0xff, 0xf7, 0x0, 0x0, 0x0, 0x0,
    0x0, 0xf, 0xff, 0xd0, 0x0, 0x0, 0x0, 0x0,
    0x0, 0xaf, 0xff, 0x20, 0x0, 0x0, 0x0, 0x0,
    0x5, 0xff, 0xf7, 0x0, 0x0, 0x0, 0x0, 0x0,
    0xf, 0xff, 0xc0, 0x0, 0x0, 0x0, 0x0, 0x0,
    0xaf, 0xff, 0x20, 0x0, 0x0, 0x0, 0x0, 0x5,
    0xff, 0xf7, 0x0, 0x0, 0x0, 0x0, 0x0, 0x1f,
    0xff, 0xc0, 0x0, 0x0, 0x0, 0x0, 0x0, 0xbf,
    0xff, 0x10, 0x0, 0x0, 0x0, 0x0, 0x6, 0xff,
    0xf6, 0x0, 0x0, 0x0, 0x0, 0x0, 0x1f, 0xff,
    0xc0, 0x0, 0x0, 0x0, 0x0, 0x0, 0xbf, 0xff,
    0x10, 0x0, 0x0, 0x0, 0x0, 0x3, 0x88, 0x82,

    /* U+005D "]" */
    0x1f, 0xff, 0xff, 0xfd, 0x1f, 0xff, 0xff, 0xfd,
    0x1f, 0xff, 0xff, 0xfd, 0x3, 0x36, 0xff, 0xfd,
    0x0, 0x4, 0xff, 0xfd, 0x0, 0x4, 0xff, 0xfd,
    0x0, 0x4, 0xff, 0xfd, 0x0, 0x4, 0xff, 0xfd,
    0x0, 0x4, 0xff, 0xfd, 0x0, 0x4, 0xff, 0xfd,
    0x0, 0x4, 0xff, 0xfd, 0x0, 0x4, 0xff, 0xfd,
    0x0, 0x4, 0xff, 0xfd, 0x0, 0x4, 0xff, 0xfd,
    0x0, 0x4, 0xff, 0xfd, 0x0, 0x4, 0xff, 0xfd,
    0x0, 0x4, 0xff, 0xfd, 0x0, 0x4, 0xff, 0xfd,
    0x0, 0x4, 0xff, 0xfd, 0x0, 0x4, 0xff, 0xfd,
    0x0, 0x4, 0xff, 0xfd, 0x0, 0x4, 0xff, 0xfd,
    0x0, 0x4, 0xff, 0xfd, 0x0, 0x4, 0xff, 0xfd,
    0x0, 0x4, 0xff, 0xfd, 0x0, 0x4, 0xff, 0xfd,
    0x0, 0x4, 0xff, 0xfd, 0x0, 0x4, 0xff, 0xfd,
    0x3, 0x36, 0xff, 0xfd, 0x1f, 0xff, 0xff, 0xfd,
    0x1f, 0xff, 0xff, 0xfd, 0x1f, 0xff, 0xff, 0xfd,

    /* U+005E "^" */
    0x0, 0x0, 0x0, 0x6, 0xff, 0xff, 0x10, 0x0,
    0x0, 0x0, 0x0, 0x0, 0x0, 0xe, 0xff, 0xff,
    0xa0, 0x0, 0x0, 0x0, 0x0, 0x0, 0x0, 0x8f,
    0xff, 0xff, 0xf3, 0x0, 0x0, 0x0, 0x0, 0x0,
    0x1, 0xff, 0xff, 0xff, 0xfb, 0x0, 0x0, 0x0,
    0x0, 0x0, 0x9, 0xff, 0xfe, 0xff, 0xff, 0x40,
    0x0, 0x0, 0x0, 0x0, 0x3f, 0xff, 0xf3, 0xbf,
    0xff, 0xd0, 0x0, 0x0, 0x0, 0x0, 0xbf, 0xff,
    0xa0, 0x2f, 0xff, 0xf6, 0x0, 0x0, 0x0, 0x4,
    0xff, 0xff, 0x10, 0x9, 0xff, 0xfe, 0x0, 0x0,
    0x0, 0xd, 0xff, 0xf8, 0x0, 0x1, 0xff, 0xff,
    0x80, 0x0, 0x0, 0x6f, 0xff, 0xe0, 0x0, 0x0,
    0x7f, 0xff, 0xf1, 0x0, 0x0, 0xef, 0xff, 0x60,
    0x0, 0x0, 0xe, 0xff, 0xf9, 0x0, 0x8, 0xff,
    0xfd, 0x0, 0x0, 0x0, 0x6, 0xff, 0xff, 0x20,
    0x1f, 0xff, 0xf4, 0x0, 0x0, 0x0, 0x0, 0xdf,
    0xff, 0xb0, 0x7, 0xef, 0xb0, 0x0, 0x0, 0x0,
    0x0, 0x4f, 0xfc, 0x40, 0x0, 0x7, 0x30, 0x0,
    0x0, 0x0, 0x0, 0x8, 0x30, 0x0,

    /* U+005F "_" */
    0xbc, 0xcc, 0xcc, 0xcc, 0xcc, 0xcc, 0xcc, 0xcc,
    0xcc, 0xe, 0xff, 0xff, 0xff, 0xff, 0xff, 0xff,
    0xff, 0xff, 0xf0, 0xef, 0xff, 0xff, 0xff, 0xff,
    0xff, 0xff, 0xff, 0xff, 0xe, 0xff, 0xff, 0xff,
    0xff, 0xff, 0xff, 0xff, 0xff, 0xf0,

    /* U+0060 "`" */
    0x0, 0x1, 0x60, 0x0, 0x0, 0x18, 0xff, 0x40,
    0x0, 0xd, 0xff, 0xfc, 0x0, 0x0, 0x4f, 0xff,
    0xf4, 0x0, 0x0, 0x8f, 0xff, 0xc0, 0x0, 0x0,
    0xcf, 0xff, 0x40, 0x0, 0x1, 0xef, 0xfc, 0x0,
    0x0, 0x4, 0xfc, 0x40, 0x0, 0x0, 0x2, 0x0,
    0x0,

    /* U+0061 "a" */
    0x0, 0x0, 0x5a, 0xdf, 0xff, 0xd9, 0x40, 0x0,
    0x0, 0x0, 0x2, 0xcf, 0xff, 0xff, 0xff, 0xff,
    0xb1, 0x0, 0x0, 0x2, 0xef, 0xff, 0xff, 0xff,
    0xff, 0xff, 0xc0, 0x0, 0x0, 0xaf, 0xff, 0xfc,
    0x99, 0xbf, 0xff, 0xff, 0x70, 0x0, 0x1, 0xbf,
    0xe3, 0x0, 0x0, 0x3f, 0xff, 0xfd, 0x0, 0x0,
    0x0, 0x81, 0x0, 0x0, 0x0, 0x9f, 0xff, 0xf0,
    0x0, 0x0, 0x0, 0x0, 0x0, 0x0, 0x6, 0xff,
    0xff, 0x10, 0x0, 0x0, 0x0, 0x0, 0x0, 0x0,
    0x6f, 0xff, 0xf1, 0x0, 0x0, 0x2, 0x8b, 0xef,
    0xff, 0xff, 0xff, 0xff, 0x10, 0x0, 0x9, 0xff,
    0xff, 0xff, 0xff, 0xff, 0xff, 0xf1, 0x0, 0xb,
    0xff, 0xff, 0xfc, 0xbb, 0xbd, 0xff, 0xff, 0x10,
    0x4, 0xff, 0xff, 0x90, 0x0, 0x0, 0x6f, 0xff,
    0xf1, 0x0, 0x9f, 0xff, 0xf0, 0x0, 0x0, 0x6,
    0xff, 0xff, 0x10, 0xa, 0xff, 0xff, 0x0, 0x0,
    0x0, 0x7f, 0xff, 0xf1, 0x0, 0x9f, 0xff, 0xf2,
    0x0, 0x0, 0x1d, 0xff, 0xff, 0x10, 0x6, 0xff,
    0xff, 0xe6, 0x44, 0x7e, 0xef, 0xff, 0xf9, 0x90,
    0xe, 0xff, 0xff, 0xff, 0xff, 0xf6, 0xcf, 0xff,
    0xff, 0x0, 0x2e, 0xff, 0xff, 0xff, 0xfa, 0x4,
    0xff, 0xff, 0xf0, 0x0, 0x18, 0xdf, 0xfe, 0xb5,
    0x0, 0x5, 0xdf, 0xff, 0x0,

    /* U+0062 "b" */
    0x5f, 0xff, 0xf3, 0x0, 0x0, 0x0, 0x0, 0x0,
    0x0, 0x5f, 0xff, 0xf3, 0x0, 0x0, 0x0, 0x0,
    0x0, 0x0, 0x5f, 0xff, 0xf3, 0x0, 0x0, 0x0,
    0x0, 0x0, 0x0, 0x5f, 0xff, 0xf3, 0x0, 0x0,
    0x0, 0x0, 0x0, 0x0, 0x5f, 0xff, 0xf3, 0x0,
    0x0, 0x0, 0x0, 0x0, 0x0, 0x5f, 0xff, 0xf3,
    0x0, 0x0, 0x0, 0x0, 0x0, 0x0, 0x5f, 0xff,
    0xf3, 0x0, 0x0, 0x0, 0x0, 0x0, 0x0, 0x5f,
    0xff, 0xf3, 0x3, 0xae, 0xff, 0xc7, 0x0, 0x0,
    0x5f, 0xff, 0xf3, 0x6f, 0xff, 0xff, 0xff, 0xe3,
    0x0, 0x5f, 0xff, 0xf6, 0xff, 0xff, 0xff, 0xff,
    0xfe, 0x10, 0x5f, 0xff, 0xfd, 0xfe, 0xbb, 0xef,
    0xff, 0xff, 0xa0, 0x5f, 0xff, 0xff, 0x60, 0x0,
    0x6, 0xff, 0xff, 0xf1, 0x5f, 0xff, 0xf7, 0x0,
    0x0, 0x0, 0x7f, 0xff, 0xf6, 0x5f, 0xff, 0xf3,
    0x0, 0x0, 0x0, 0xf, 0xff, 0xfa, 0x5f, 0xff,
    0xf3, 0x0, 0x0, 0x0, 0xd, 0xff, 0xfc, 0x5f,
    0xff, 0xf3, 0x0, 0x0, 0x0, 0xd, 0xff, 0xfd,
    0x5f, 0xff, 0xf3, 0x0, 0x0, 0x0, 0xd, 0xff,
    0xfe, 0x5f, 0xff, 0xf3, 0x0, 0x0, 0x0, 0xd,
    0xff, 0xfd, 0x5f, 0xff, 0xf3, 0x0, 0x0, 0x0,
    0xd, 0xff, 0xfc, 0x5f, 0xff, 0xf3, 0x0, 0x0,
    0x0, 0xf, 0xff, 0xfa, 0x5f, 0xff, 0xf7, 0x0,
    0x0, 0x0, 0x7f, 0xff, 0xf6, 0x5f, 0xff, 0xff,
    0x50, 0x0, 0x6, 0xff, 0xff, 0xf1, 0x5f, 0xff,
    0xfe, 0xfe, 0xbb, 0xef, 0xff, 0xff, 0xa0, 0x5f,
    0xff, 0xf6, 0xff, 0xff, 0xff, 0xff, 0xfe, 0x10,
    0x5f, 0xff, 0xf3, 0x5f, 0xff, 0xff, 0xff, 0xe3,
    0x0, 0x5f, 0xff, 0xf3, 0x2, 0xae, 0xff, 0xc7,
    0x0, 0x0,

    /* U+0063 "c" */
    0x0, 0x0, 0x6, 0xbe, 0xff, 0xeb, 0x60, 0x0,
    0x0, 0x0, 0x3d, 0xff, 0xff, 0xff, 0xff, 0xd3,
    0x0, 0x0, 0x4f, 0xff, 0xff, 0xff, 0xff, 0xff,
    0xf2, 0x0, 0x1e, 0xff, 0xff, 0xea, 0xad, 0xff,
    0xff, 0xd0, 0x8, 0xff, 0xff, 0x70, 0x0, 0x6,
    0xff, 0xff, 0x30, 0xff, 0xff, 0xb0, 0x0, 0x0,
    0x9, 0xe7, 0x10, 0x3f, 0xff, 0xf5, 0x0, 0x0,
    0x0, 0x0, 0x0, 0x6, 0xff, 0xff, 0x20, 0x0,
    0x0, 0x0, 0x0, 0x0, 0x8f, 0xff, 0xf2, 0x0,
    0x0, 0x0, 0x0, 0x0, 0x8, 0xff, 0xff, 0x20,
    0x0, 0x0, 0x0, 0x0, 0x0, 0x8f, 0xff, 0xf2,
    0x0, 0x0, 0x0, 0x0, 0x0, 0x6, 0xff, 0xff,
    0x20, 0x0, 0x0, 0x0, 0x0, 0x0, 0x3f, 0xff,
    0xf5, 0x0, 0x0, 0x0, 0x3, 0x0, 0x0, 0xff,
    0xff, 0xb0, 0x0, 0x0, 0x6, 0xfc, 0x50, 0x8,
    0xff, 0xff, 0x70, 0x0, 0x5, 0xff, 0xff, 0x60,
    0x1e, 0xff, 0xff, 0xea, 0xad, 0xff, 0xff, 0xd0,
    0x0, 0x4f, 0xff, 0xff, 0xff, 0xff, 0xff, 0xf3,
    0x0, 0x0, 0x3d, 0xff, 0xff, 0xff, 0xff, 0xd3,
    0x0, 0x0, 0x0, 0x6, 0xbe, 0xff, 0xeb, 0x60,
    0x0, 0x0,

    /* U+0064 "d" */
    0x0, 0x0, 0x0, 0x0, 0x0, 0x0, 0xa, 0xff,
    0xfd, 0x0, 0x0, 0x0, 0x0, 0x0, 0x0, 0xa,
    0xff, 0xfd, 0x0, 0x0, 0x0, 0x0, 0x0, 0x0,
    0xa, 0xff, 0xfd, 0x0, 0x0, 0x0, 0x0, 0x0,
    0x0, 0xa, 0xff, 0xfd, 0x0, 0x0, 0x0, 0x0,
    0x0, 0x0, 0xa, 0xff, 0xfd, 0x0, 0x0, 0x0,
    0x0, 0x0, 0x0, 0xa, 0xff, 0xfd, 0x0, 0x0,
    0x0, 0x0, 0x0, 0x0, 0xa, 0xff, 0xfd, 0x0,
    0x0, 0x39, 0xdf, 0xfd, 0x70, 0xa, 0xff, 0xfd,
    0x0, 0x7, 0xff, 0xff, 0xff, 0xfd, 0x1a, 0xff,
    0xfd, 0x0, 0x7f, 0xff, 0xff, 0xff, 0xff, 0xba,
    0xff, 0xfd, 0x2, 0xff, 0xff, 0xff, 0xcb, 0xcf,
    0xfd, 0xff, 0xfd, 0x9, 0xff, 0xff, 0xd2, 0x0,
    0x1, 0xbf, 0xff, 0xfd, 0xe, 0xff, 0xff, 0x10,
    0x0, 0x0, 0xe, 0xff, 0xfd, 0x1f, 0xff, 0xf9,
    0x0, 0x0, 0x0, 0xa, 0xff, 0xfd, 0x4f, 0xff,
    0xf6, 0x0, 0x0, 0x0, 0xa, 0xff, 0xfd, 0x5f,
    0xff, 0xf6, 0x0, 0x0, 0x0, 0xa, 0xff, 0xfd,
    0x5f, 0xff, 0xf6, 0x0, 0x0, 0x0, 0xa, 0xff,
    0xfd, 0x5f, 0xff, 0xf6, 0x0, 0x0, 0x0, 0xa,
    0xff, 0xfd, 0x4f, 0xff, 0xf6, 0x0, 0x0, 0x0,
    0xa, 0xff, 0xfd, 0x1f, 0xff, 0xf9, 0x0, 0x0,
    0x0, 0xa, 0xff, 0xfd, 0xe, 0xff, 0xff, 0x10,
    0x0, 0x0, 0xe, 0xff, 0xfd, 0x8, 0xff, 0xff,
    0xd2, 0x0, 0x1, 0xbf, 0xff, 0xfd, 0x2, 0xff,
    0xff, 0xff, 0xcb, 0xcf, 0xfd, 0xff, 0xfd, 0x0,
    0x7f, 0xff, 0xff, 0xff, 0xff, 0xba, 0xff, 0xfd,
    0x0, 0x8, 0xff, 0xff, 0xff, 0xfc, 0x1a, 0xff,
    0xfd, 0x0, 0x0, 0x39, 0xdf, 0xfd, 0x70, 0xa,
    0xff, 0xfd,

    /* U+0065 "e" */
    0x0, 0x0, 0x5, 0xae, 0xff, 0xec, 0x71, 0x0,
    0x0, 0x0, 0x2, 0xdf, 0xff, 0xff, 0xff, 0xff,
    0x60, 0x0, 0x0, 0x3f, 0xff, 0xff, 0xff, 0xff,
    0xff, 0xf7, 0x0, 0x0, 0xef, 0xff, 0xfa, 0x66,
    0x8e, 0xff, 0xff, 0x40, 0x8, 0xff, 0xff, 0x30,
    0x0, 0x1, 0xdf, 0xff, 0xc0, 0xe, 0xff, 0xf7,
    0x0, 0x0, 0x0, 0x4f, 0xff, 0xf2, 0x3f, 0xff,
    0xf2, 0x0, 0x0, 0x0, 0x1f, 0xff, 0xf6, 0x6f,
    0xff, 0xfe, 0xee, 0xee, 0xee, 0xef, 0xff, 0xf9,
    0x8f, 0xff, 0xff, 0xff, 0xff, 0xff, 0xff, 0xff,
    0xfa, 0x9f, 0xff, 0xff, 0xff, 0xff, 0xff, 0xff,
    0xff, 0xfa, 0x8f, 0xff, 0xf2, 0x0, 0x0, 0x0,
    0x0, 0x0, 0x0, 0x6f, 0xff, 0xf3, 0x0, 0x0,
    0x0, 0x0, 0x0, 0x0, 0x3f, 0xff, 0xf6, 0x0,
    0x0, 0x0, 0x0, 0x10, 0x0, 0xe, 0xff, 0xfd,
    0x0, 0x0, 0x0, 0x3, 0xe4, 0x0, 0x8, 0xff,
    0xff, 0xb1, 0x0, 0x0, 0x5f, 0xfe, 0x20, 0x0,
    0xef, 0xff, 0xff, 0xb9, 0xad, 0xff, 0xff, 0xc0,
    0x0, 0x3f, 0xff, 0xff, 0xff, 0xff, 0xff, 0xfe,
    0x30, 0x0, 0x2, 0xcf, 0xff, 0xff, 0xff, 0xff,
    0xb1, 0x0, 0x0, 0x0, 0x5, 0xad, 0xff, 0xec,
    0x83, 0x0, 0x0,

    /* U+0066 "f" */
    0x0, 0x0, 0x3, 0xae, 0xff, 0xff, 0x0, 0x0,
    0x5f, 0xff, 0xff, 0xff, 0x0, 0x0, 0xef, 0xff,
    0xff, 0xff, 0x0, 0x4, 0xff, 0xff, 0xa9, 0x98,
    0x0, 0x5, 0xff, 0xff, 0x20, 0x0, 0x0, 0x5,
    0xff, 0xff, 0x20, 0x0, 0x0, 0x5, 0xff, 0xff,
    0x20, 0x0, 0x2f, 0xff, 0xff, 0xff, 0xff, 0xff,
    0x2f, 0xff, 0xff, 0xff, 0xff, 0xff, 0x2f, 0xff,
    0xff, 0xff, 0xff, 0xff, 0x19, 0x9b, 0xff, 0xff,
    0xa9, 0x98, 0x0, 0x5, 0xff, 0xff, 0x20, 0x0,
    0x0, 0x5, 0xff, 0xff, 0x20, 0x0, 0x0, 0x5,
    0xff, 0xff, 0x20, 0x0, 0x0, 0x5, 0xff, 0xff,
    0x20, 0x0, 0x0, 0x5, 0xff, 0xff, 0x20, 0x0,
    0x0, 0x5, 0xff, 0xff, 0x20, 0x0, 0x0, 0x5,
    0xff, 0xff, 0x20, 0x0, 0x0, 0x5, 0xff, 0xff,
    0x20, 0x0, 0x0, 0x5, 0xff, 0xff, 0x20, 0x0,
    0x0, 0x5, 0xff, 0xff, 0x20, 0x0, 0x0, 0x5,
    0xff, 0xff, 0x20, 0x0, 0x0, 0x5, 0xff, 0xff,
    0x20, 0x0, 0x0, 0x5, 0xff, 0xff, 0x20, 0x0,
    0x0, 0x5, 0xff, 0xff, 0x20, 0x0, 0x0, 0x5,
    0xff, 0xff, 0x20, 0x0,

    /* U+0067 "g" */
    0x0, 0x0, 0x0, 0x0, 0x0, 0x0, 0x3, 0x77,
    0x74, 0x0, 0x0, 0x0, 0x0, 0x0, 0x0, 0x6,
    0xff, 0xff, 0x90, 0x0, 0x0, 0x0, 0x0, 0x0,
    0x0, 0xdf, 0xff, 0xf9, 0x0, 0x0, 0x0, 0x0,
    0x0, 0x0, 0xf, 0xff, 0xff, 0x90, 0x0, 0x0,
    0x39, 0xdf, 0xff, 0xff, 0xfb, 0x0, 0x0, 0x0,
    0x1, 0xbf, 0xff, 0xff, 0xff, 0xff, 0xfb, 0x0,
    0x0, 0x0, 0xcf, 0xff, 0xff, 0xff, 0xff, 0xff,
    0xf9, 0x0, 0x0, 0x7f, 0xff, 0xf9, 0x31, 0x25,
    0xef, 0xff, 0xf1, 0x0, 0xc, 0xff, 0xfa, 0x0,
    0x0, 0x2, 0xff, 0xff, 0x50, 0x0, 0xff, 0xff,
    0x50, 0x0, 0x0, 0xd, 0xff, 0xf7, 0x0, 0xf,
    0xff, 0xf5, 0x0, 0x0, 0x0, 0xdf, 0xff, 0x70,
    0x0, 0xcf, 0xff, 0xa0, 0x0, 0x0, 0x2f, 0xff,
    0xf4, 0x0, 0x6, 0xff, 0xff, 0x93, 0x11, 0x5e,
    0xff, 0xfd, 0x0, 0x0, 0xc, 0xff, 0xff, 0xff,
    0xff, 0xff, 0xff, 0x40, 0x0, 0x0, 0x1a, 0xff,
    0xff, 0xff, 0xff, 0xfe, 0x40, 0x0, 0x0, 0x0,
    0x5d, 0xec, 0xef, 0xfe, 0xb6, 0x0, 0x0, 0x0,
    0x2, 0xdf, 0xd1, 0x0, 0x0, 0x0, 0x0, 0x0,
    0x0, 0x0, 0xbf, 0xf9, 0x0, 0x0, 0x0, 0x0,
    0x0, 0x0, 0x0, 0xf, 0xff, 0xd2, 0x0, 0x0,
    0x0, 0x0, 0x0, 0x0, 0x0, 0xef, 0xff, 0xfe,
    0xee, 0xee, 0xee, 0xca, 0x50, 0x0, 0x8, 0xff,
    0xff, 0xff, 0xff, 0xff, 0xff, 0xff, 0xd2, 0x0,
    0x9, 0xff, 0xff, 0xff, 0xff, 0xff, 0xff, 0xff,
    0xd0, 0x0, 0x6d, 0xff, 0xff, 0xff, 0xff, 0xff,
    0xff, 0xff, 0x42, 0xef, 0xf3, 0x0, 0x0, 0x0,
    0x1, 0x6f, 0xff, 0xf7, 0xbf, 0xfb, 0x0, 0x0,
    0x0, 0x0, 0x0, 0xbf, 0xff, 0x8e, 0xff, 0xd0,
    0x0, 0x0, 0x0, 0x0, 0xd, 0xff, 0xf6, 0xdf,
    0xff, 0xc5, 0x21, 0x11, 0x12, 0x5c, 0xff, 0xff,
    0x17, 0xff, 0xff, 0xff, 0xff, 0xff, 0xff, 0xff,
    0xff, 0x70, 0x8, 0xff, 0xff, 0xff, 0xff, 0xff,
    0xff, 0xfe, 0x60, 0x0, 0x1, 0x7a, 0xde, 0xff,
    0xff, 0xec, 0x95, 0x0, 0x0,

    /* U+0068 "h" */
    0x5f, 0xff, 0xf3, 0x0, 0x0, 0x0, 0x0, 0x0,
    0x5, 0xff, 0xff, 0x30, 0x0, 0x0, 0x0, 0x0,
    0x0, 0x5f, 0xff, 0xf3, 0x0, 0x0, 0x0, 0x0,
    0x0, 0x5, 0xff, 0xff, 0x30, 0x0, 0x0, 0x0,
    0x0, 0x0, 0x5f, 0xff, 0xf3, 0x0, 0x0, 0x0,
    0x0, 0x0, 0x5, 0xff, 0xff, 0x30, 0x0, 0x0,
    0x0, 0x0, 0x0, 0x5f, 0xff, 0xf3, 0x0, 0x0,
    0x0, 0x0, 0x0, 0x5, 0xff, 0xff, 0x30, 0x3a,
    0xef, 0xfc, 0x50, 0x0, 0x5f, 0xff, 0xf3, 0x5f,
    0xff, 0xff, 0xff, 0xa0, 0x5, 0xff, 0xff, 0x5f,
    0xff, 0xff, 0xff, 0xff, 0x70, 0x5f, 0xff, 0xfd,
    0xfe, 0xbc, 0xff, 0xff, 0xff, 0x5, 0xff, 0xff,
    0xf5, 0x0, 0x1, 0xcf, 0xff, 0xf5, 0x5f, 0xff,
    0xf7, 0x0, 0x0, 0x3, 0xff, 0xff, 0x85, 0xff,
    0xff, 0x30, 0x0, 0x0, 0xf, 0xff, 0xf9, 0x5f,
    0xff, 0xf3, 0x0, 0x0, 0x0, 0xdf, 0xff, 0xa5,
    0xff, 0xff, 0x30, 0x0, 0x0, 0xd, 0xff, 0xfa,
    0x5f, 0xff, 0xf3, 0x0, 0x0, 0x0, 0xdf, 0xff,
    0xa5, 0xff, 0xff, 0x30, 0x0, 0x0, 0xd, 0xff,
    0xfa, 0x5f, 0xff, 0xf3, 0x0, 0x0, 0x0, 0xdf,
    0xff, 0xa5, 0xff, 0xff, 0x30, 0x0, 0x0, 0xd,
    0xff, 0xfa, 0x5f, 0xff, 0xf3, 0x0, 0x0, 0x0,
    0xdf, 0xff, 0xa5, 0xff, 0xff, 0x30, 0x0, 0x0,
    0xd, 0xff, 0xfa, 0x5f, 0xff, 0xf3, 0x0, 0x0,
    0x0, 0xdf, 0xff, 0xa5, 0xff, 0xff, 0x30, 0x0,
    0x0, 0xd, 0xff, 0xfa, 0x5f, 0xff, 0xf3, 0x0,
    0x0, 0x0, 0xdf, 0xff, 0xa5, 0xff, 0xff, 0x30,
    0x0, 0x0, 0xd, 0xff, 0xfa,

    /* U+0069 "i" */
    0x1b, 0xff, 0xa0, 0x9f, 0xff, 0xf7, 0xbf, 0xff,
    0xf9, 0xaf, 0xff, 0xf8, 0x2e, 0xff, 0xd1, 0x0,
    0x22, 0x0, 0x0, 0x0, 0x0, 0x5f, 0xff, 0xf3,
    0x5f, 0xff, 0xf3, 0x5f, 0xff, 0xf3, 0x5f, 0xff,
    0xf3, 0x5f, 0xff, 0xf3, 0x5f, 0xff, 0xf3, 0x5f,
    0xff, 0xf3, 0x5f, 0xff, 0xf3, 0x5f, 0xff, 0xf3,
    0x5f, 0xff, 0xf3, 0x5f, 0xff, 0xf3, 0x5f, 0xff,
    0xf3, 0x5f, 0xff, 0xf3, 0x5f, 0xff, 0xf3, 0x5f,
    0xff, 0xf3, 0x5f, 0xff, 0xf3, 0x5f, 0xff, 0xf3,
    0x5f, 0xff, 0xf3, 0x5f, 0xff, 0xf3,

    /* U+006A "j" */
    0x0, 0x1, 0xbf, 0xfa, 0x0, 0x0, 0x9f, 0xff,
    0xf7, 0x0, 0xb, 0xff, 0xff, 0x90, 0x0, 0xaf,
    0xff, 0xf8, 0x0, 0x2, 0xef, 0xfd, 0x10, 0x0,
    0x0, 0x22, 0x0, 0x0, 0x0, 0x0, 0x0, 0x0,
    0x0, 0x5f, 0xff, 0xf3, 0x0, 0x5, 0xff, 0xff,
    0x30, 0x0, 0x5f, 0xff, 0xf3, 0x0, 0x5, 0xff,
    0xff, 0x30, 0x0, 0x5f, 0xff, 0xf3, 0x0, 0x5,
    0xff, 0xff, 0x30, 0x0, 0x5f, 0xff, 0xf3, 0x0,
    0x5, 0xff, 0xff, 0x30, 0x0, 0x5f, 0xff, 0xf3,
    0x0, 0x5, 0xff, 0xff, 0x30, 0x0, 0x5f, 0xff,
    0xf3, 0x0, 0x5, 0xff, 0xff, 0x30, 0x0, 0x5f,
    0xff, 0xf3, 0x0, 0x5, 0xff, 0xff, 0x30, 0x0,
    0x5f, 0xff, 0xf3, 0x0, 0x5, 0xff, 0xff, 0x30,
    0x0, 0x5f, 0xff, 0xf3, 0x0, 0x5, 0xff, 0xff,
    0x30, 0x0, 0x5f, 0xff, 0xf3, 0x0, 0x5, 0xff,
    0xff, 0x30, 0x0, 0x5f, 0xff, 0xf3, 0x0, 0x5,
    0xff, 0xff, 0x22, 0x99, 0xbf, 0xff, 0xf1, 0x3f,
    0xff, 0xff, 0xfc, 0x3, 0xff, 0xff, 0xff, 0x30,
    0x3f, 0xff, 0xea, 0x20, 0x0,

    /* U+006B "k" */
    0x5f, 0xff, 0xf3, 0x0, 0x0, 0x0, 0x0, 0x0,
    0x0, 0x5f, 0xff, 0xf3, 0x0, 0x0, 0x0, 0x0,
    0x0, 0x0, 0x5f, 0xff, 0xf3, 0x0, 0x0, 0x0,
    0x0, 0x0, 0x0, 0x5f, 0xff, 0xf3, 0x0, 0x0,
    0x0, 0x0, 0x0, 0x0, 0x5f, 0xff, 0xf3, 0x0,
    0x0, 0x0, 0x0, 0x0, 0x0, 0x5f, 0xff, 0xf3,
    0x0, 0x0, 0x0, 0x0, 0x0, 0x0, 0x5f, 0xff,
    0xf3, 0x0, 0x0, 0x0, 0x0, 0x0, 0x0, 0x5f,
    0xff, 0xf3, 0x0, 0x0, 0x4, 0xff, 0xff, 0xc0,
    0x5f, 0xff, 0xf3, 0x0, 0x0, 0x3f, 0xff, 0xfd,
    0x10, 0x5f, 0xff, 0xf3, 0x0, 0x1, 0xef, 0xff,
    0xe2, 0x0, 0x5f, 0xff, 0xf3, 0x0, 0xc, 0xff,
    0xff, 0x30, 0x0, 0x5f, 0xff, 0xf3, 0x0, 0xbf,
    0xff, 0xf4, 0x0, 0x0, 0x5f, 0xff, 0xf3, 0x7,
    0xff, 0xff, 0x60, 0x0, 0x0, 0x5f, 0xff, 0xf3,
    0x3f, 0xff, 0xf8, 0x0, 0x0, 0x0, 0x5f, 0xff,
    0xf4, 0xef, 0xff, 0xe0, 0x0, 0x0, 0x0, 0x5f,
    0xff, 0xfe, 0xff, 0xff, 0xf7, 0x0, 0x0, 0x0,
    0x5f, 0xff, 0xff, 0xff, 0xff, 0xff, 0x20, 0x0,
    0x0, 0x5f, 0xff, 0xff, 0xfb, 0xff, 0xff, 0xb0,
    0x0, 0x0, 0x5f, 0xff, 0xff, 0xb0, 0xbf, 0xff,
    0xf5, 0x0, 0x0, 0x5f, 0xff, 0xfc, 0x0, 0x2f,
    0xff, 0xfe, 0x0, 0x0, 0x5f, 0xff, 0xf3, 0x0,
    0x8, 0xff, 0xff, 0x90, 0x0, 0x5f, 0xff, 0xf3,
    0x0, 0x1, 0xef, 0xff, 0xf3, 0x0, 0x5f, 0xff,
    0xf3, 0x0, 0x0, 0x6f, 0xff, 0xfc, 0x0, 0x5f,
    0xff, 0xf3, 0x0, 0x0, 0xd, 0xff, 0xff, 0x70,
    0x5f, 0xff, 0xf3, 0x0, 0x0, 0x4, 0xff, 0xff,
    0xf1, 0x5f, 0xff, 0xf3, 0x0, 0x0, 0x0, 0xbf,
    0xff, 0xfa,

    /* U+006C "l" */
    0x5f, 0xff, 0xf3, 0x0, 0x5f, 0xff, 0xf3, 0x0,
    0x5f, 0xff, 0xf3, 0x0, 0x5f, 0xff, 0xf3, 0x0,
    0x5f, 0xff, 0xf3, 0x0, 0x5f, 0xff, 0xf3, 0x0,
    0x5f, 0xff, 0xf3, 0x0, 0x5f, 0xff, 0xf3, 0x0,
    0x5f, 0xff, 0xf3, 0x0, 0x5f, 0xff, 0xf3, 0x0,
    0x5f, 0xff, 0xf3, 0x0, 0x5f, 0xff, 0xf3, 0x0,
    0x5f, 0xff, 0xf3, 0x0, 0x5f, 0xff, 0xf3, 0x0,
    0x5f, 0xff, 0xf3, 0x0, 0x5f, 0xff, 0xf3, 0x0,
    0x5f, 0xff, 0xf3, 0x0, 0x5f, 0xff, 0xf3, 0x0,
    0x5f, 0xff, 0xf3, 0x0, 0x5f, 0xff, 0xf3, 0x0,
    0x5f, 0xff, 0xf3, 0x0, 0x5f, 0xff, 0xf3, 0x0,
    0x4f, 0xff, 0xfa, 0x96, 0x1f, 0xff, 0xff, 0xfb,
    0x8, 0xff, 0xff, 0xfb, 0x0, 0x6c, 0xff, 0xfb,

    /* U+006D "m" */
    0x5f, 0xff, 0xf3, 0x3, 0xbe, 0xfe, 0xa3, 0x0,
    0x0, 0x3a, 0xef, 0xfb, 0x50, 0x0, 0x5f, 0xff,
    0xf3, 0x5f, 0xff, 0xff, 0xff, 0x70, 0x7, 0xff,
    0xff, 0xff, 0xf9, 0x0, 0x5f, 0xff, 0xf5, 0xff,
    0xff, 0xff, 0xff, 0xf4, 0x6f, 0xff, 0xff, 0xff,
    0xff, 0x50, 0x5f, 0xff, 0xfd, 0xfe, 0xbc, 0xff,
    0xff, 0xfc, 0xef, 0xeb, 0xcf, 0xff, 0xff, 0xd0,
    0x5f, 0xff, 0xff, 0x50, 0x0, 0x3f, 0xff, 0xff,
    0xf6, 0x0, 0x2, 0xef, 0xff, 0xf2, 0x5f, 0xff,
    0xf7, 0x0, 0x0, 0x8, 0xff, 0xff, 0x90, 0x0,
    0x0, 0x6f, 0xff, 0xf5, 0x5f, 0xff, 0xf3, 0x0,
    0x0, 0x4, 0xff, 0xff, 0x50, 0x0, 0x0, 0x2f,
    0xff, 0xf6, 0x5f, 0xff, 0xf3, 0x0, 0x0, 0x2,
    0xff, 0xff, 0x50, 0x0, 0x0, 0xf, 0xff, 0xf7,
    0x5f, 0xff, 0xf3, 0x0, 0x0, 0x2, 0xff, 0xff,
    0x50, 0x0, 0x0, 0xf, 0xff, 0xf7, 0x5f, 0xff,
    0xf3, 0x0, 0x0, 0x2, 0xff, 0xff, 0x50, 0x0,
    0x0, 0xf, 0xff, 0xf7, 0x5f, 0xff, 0xf3, 0x0,
    0x0, 0x2, 0xff, 0xff, 0x50, 0x0, 0x0, 0xf,
    0xff, 0xf7, 0x5f, 0xff, 0xf3, 0x0, 0x0, 0x2,
    0xff, 0xff, 0x50, 0x0, 0x0, 0xf, 0xff, 0xf7,
    0x5f, 0xff, 0xf3, 0x0, 0x0, 0x2, 0xff, 0xff,
    0x50, 0x0, 0x0, 0xf, 0xff, 0xf7, 0x5f, 0xff,
    0xf3, 0x0, 0x0, 0x2, 0xff, 0xff, 0x50, 0x0,
    0x0, 0xf, 0xff, 0xf7, 0x5f, 0xff, 0xf3, 0x0,
    0x0, 0x2, 0xff, 0xff, 0x50, 0x0, 0x0, 0xf,
    0xff, 0xf7, 0x5f, 0xff, 0xf3, 0x0, 0x0, 0x2,
    0xff, 0xff, 0x50, 0x0, 0x0, 0xf, 0xff, 0xf7,
    0x5f, 0xff, 0xf3, 0x0, 0x0, 0x2, 0xff, 0xff,
    0x50, 0x0, 0x0, 0xf, 0xff, 0xf7, 0x5f, 0xff,
    0xf3, 0x0, 0x0, 0x2, 0xff, 0xff, 0x50, 0x0,
    0x0, 0xf, 0xff, 0xf7, 0x5f, 0xff, 0xf3, 0x0,
    0x0, 0x2, 0xff, 0xff, 0x50, 0x0, 0x0, 0xf,
    0xff, 0xf7,

    /* U+006E "n" */
    0x5f, 0xff, 0xf3, 0x3, 0xae, 0xff, 0xc5, 0x0,
    0x5, 0xff, 0xff, 0x35, 0xff, 0xff, 0xff, 0xfa,
    0x0, 0x5f, 0xff, 0xf5, 0xff, 0xff, 0xff, 0xff,
    0xf7, 0x5, 0xff, 0xff, 0xdf, 0xeb, 0xcf, 0xff,
    0xff, 0xf0, 0x5f, 0xff, 0xff, 0x50, 0x0, 0x1c,
    0xff, 0xff, 0x55, 0xff, 0xff, 0x70, 0x0, 0x0,
    0x3f, 0xff, 0xf8, 0x5f, 0xff, 0xf3, 0x0, 0x0,
    0x0, 0xff, 0xff, 0x95, 0xff, 0xff, 0x30, 0x0,
    0x0, 0xd, 0xff, 0xfa, 0x5f, 0xff, 0xf3, 0x0,
    0x0, 0x0, 0xdf, 0xff, 0xa5, 0xff, 0xff, 0x30,
    0x0, 0x0, 0xd, 0xff, 0xfa, 0x5f, 0xff, 0xf3,
    0x0, 0x0, 0x0, 0xdf, 0xff, 0xa5, 0xff, 0xff,
    0x30, 0x0, 0x0, 0xd, 0xff, 0xfa, 0x5f, 0xff,
    0xf3, 0x0, 0x0, 0x0, 0xdf, 0xff, 0xa5, 0xff,
    0xff, 0x30, 0x0, 0x0, 0xd, 0xff, 0xfa, 0x5f,
    0xff, 0xf3, 0x0, 0x0, 0x0, 0xdf, 0xff, 0xa5,
    0xff, 0xff, 0x30, 0x0, 0x0, 0xd, 0xff, 0xfa,
    0x5f, 0xff, 0xf3, 0x0, 0x0, 0x0, 0xdf, 0xff,
    0xa5, 0xff, 0xff, 0x30, 0x0, 0x0, 0xd, 0xff,
    0xfa, 0x5f, 0xff, 0xf3, 0x0, 0x0, 0x0, 0xdf,
    0xff, 0xa0,

    /* U+006F "o" */
    0x0, 0x0, 0x5, 0xae, 0xff, 0xeb, 0x60, 0x0,
    0x0, 0x0, 0x2, 0xcf, 0xff, 0xff, 0xff, 0xfe,
    0x50, 0x0, 0x0, 0x3e, 0xff, 0xff, 0xff, 0xff,
    0xff, 0xf6, 0x0, 0x0, 0xef, 0xff, 0xfe, 0xaa,
    0xdf, 0xff, 0xff, 0x30, 0x8, 0xff, 0xff, 0x70,
    0x0, 0x4, 0xff, 0xff, 0xc0, 0xe, 0xff, 0xfa,
    0x0, 0x0, 0x0, 0x6f, 0xff, 0xf3, 0x3f, 0xff,
    0xf4, 0x0, 0x0, 0x0, 0xf, 0xff, 0xf7, 0x6f,
    0xff, 0xf2, 0x0, 0x0, 0x0, 0xe, 0xff, 0xfa,
    0x8f, 0xff, 0xf2, 0x0, 0x0, 0x0, 0xe, 0xff,
    0xfc, 0x9f, 0xff, 0xf2, 0x0, 0x0, 0x0, 0xe,
    0xff, 0xfd, 0x8f, 0xff, 0xf2, 0x0, 0x0, 0x0,
    0xe, 0xff, 0xfc, 0x6f, 0xff, 0xf2, 0x0, 0x0,
    0x0, 0xe, 0xff, 0xfa, 0x3f, 0xff, 0xf4, 0x0,
    0x0, 0x0, 0xf, 0xff, 0xf7, 0xe, 0xff, 0xfa,
    0x0, 0x0, 0x0, 0x6f, 0xff, 0xf3, 0x8, 0xff,
    0xff, 0x70, 0x0, 0x4, 0xff, 0xff, 0xc0, 0x0,
    0xdf, 0xff, 0xfe, 0xaa, 0xdf, 0xff, 0xff, 0x30,
    0x0, 0x3e, 0xff, 0xff, 0xff, 0xff, 0xff, 0xf6,
    0x0, 0x0, 0x2, 0xcf, 0xff, 0xff, 0xff, 0xfe,
    0x50, 0x0, 0x0, 0x0, 0x5, 0xae, 0xff, 0xeb,
    0x60, 0x0, 0x0,

    /* U+0070 "p" */
    0x5f, 0xff, 0xf3, 0x3, 0xae, 0xff, 0xc7, 0x0,
    0x0, 0x5f, 0xff, 0xf3, 0x6f, 0xff, 0xff, 0xff,
    0xe3, 0x0, 0x5f, 0xff, 0xf6, 0xff, 0xff, 0xff,
    0xff, 0xfe, 0x10, 0x5f, 0xff, 0xfe, 0xfe, 0xbb,
    0xef, 0xff, 0xff, 0xa0, 0x5f, 0xff, 0xff, 0x60,
    0x0, 0x6, 0xff, 0xff, 0xf1, 0x5f, 0xff, 0xf7,
    0x0, 0x0, 0x0, 0x7f, 0xff, 0xf6, 0x5f, 0xff,
    0xf3, 0x0, 0x0, 0x0, 0xf, 0xff, 0xfa, 0x5f,
    0xff, 0xf3, 0x0, 0x0, 0x0, 0xd, 0xff, 0xfc,
    0x5f, 0xff, 0xf3, 0x0, 0x0, 0x0, 0xd, 0xff,
    0xfd, 0x5f, 0xff, 0xf3, 0x0, 0x0, 0x0, 0xd,
    0xff, 0xfe, 0x5f, 0xff, 0xf3, 0x0, 0x0, 0x0,
    0xd, 0xff, 0xfd, 0x5f, 0xff, 0xf3, 0x0, 0x0,
    0x0, 0xd, 0xff, 0xfc, 0x5f, 0xff, 0xf3, 0x0,
    0x0, 0x0, 0xf, 0xff, 0xfa, 0x5f, 0xff, 0xf7,
    0x0, 0x0, 0x0, 0x7f, 0xff, 0xf6, 0x5f, 0xff,
    0xff, 0x50, 0x0, 0x6, 0xff, 0xff, 0xf1, 0x5f,
    0xff, 0xfd, 0xfe, 0xbb, 0xef, 0xff, 0xff, 0xa0,
    0x5f, 0xff, 0xf6, 0xff, 0xff, 0xff, 0xff, 0xfe,
    0x10, 0x5f, 0xff, 0xf3, 0x5f, 0xff, 0xff, 0xff,
    0xe3, 0x0, 0x5f, 0xff, 0xf3, 0x2, 0xae, 0xff,
    0xc7, 0x0, 0x0, 0x5f, 0xff, 0xf3, 0x0, 0x0,
    0x0, 0x0, 0x0, 0x0, 0x5f, 0xff, 0xf3, 0x0,
    0x0, 0x0, 0x0, 0x0, 0x0, 0x5f, 0xff, 0xf3,
    0x0, 0x0, 0x0, 0x0, 0x0, 0x0, 0x5f, 0xff,
    0xf3, 0x0, 0x0, 0x0, 0x0, 0x0, 0x0, 0x5f,
    0xff, 0xf3, 0x0, 0x0, 0x0, 0x0, 0x0, 0x0,
    0x5f, 0xff, 0xf3, 0x0, 0x0, 0x0, 0x0, 0x0,
    0x0, 0x5f, 0xff, 0xf3, 0x0, 0x0, 0x0, 0x0,
    0x0, 0x0,

    /* U+0071 "q" */
    0x0, 0x0, 0x39, 0xdf, 0xfd, 0x70, 0xa, 0xff,
    0xfd, 0x0, 0x7, 0xff, 0xff, 0xff, 0xfd, 0x1a,
    0xff, 0xfd, 0x0, 0x7f, 0xff, 0xff, 0xff, 0xff,
    0xba, 0xff, 0xfd, 0x2, 0xff, 0xff, 0xff, 0xcb,
    0xcf, 0xfd, 0xff, 0xfd, 0x9, 0xff, 0xff, 0xd2,
    0x0, 0x1, 0xbf, 0xff, 0xfd, 0xe, 0xff, 0xff,
    0x10, 0x0, 0x0, 0xe, 0xff, 0xfd, 0x1f, 0xff,
    0xf9, 0x0, 0x0, 0x0, 0xa, 0xff, 0xfd, 0x4f,
    0xff, 0xf6, 0x0, 0x0, 0x0, 0xa, 0xff, 0xfd,
    0x5f, 0xff, 0xf6, 0x0, 0x0, 0x0, 0xa, 0xff,
    0xfd, 0x5f, 0xff, 0xf6, 0x0, 0x0, 0x0, 0xa,
    0xff, 0xfd, 0x5f, 0xff, 0xf6, 0x0, 0x0, 0x0,
    0xa, 0xff, 0xfd, 0x4f, 0xff, 0xf6, 0x0, 0x0,
    0x0, 0xa, 0xff, 0xfd, 0x1f, 0xff, 0xf9, 0x0,
    0x0, 0x0, 0xa, 0xff, 0xfd, 0xe, 0xff, 0xff,
    0x10, 0x0, 0x0, 0xe, 0xff, 0xfd, 0x8, 0xff,
    0xff, 0xd2, 0x0, 0x1, 0xbf, 0xff, 0xfd, 0x2,
    0xff, 0xff, 0xff, 0xcb, 0xcf, 0xfd, 0xff, 0xfd,
    0x0, 0x7f, 0xff, 0xff, 0xff, 0xff, 0xaa, 0xff,
    0xfd, 0x0, 0x8, 0xff, 0xff, 0xff, 0xfc, 0x1a,
    0xff, 0xfd, 0x0, 0x0, 0x39, 0xdf, 0xfc, 0x70,
    0xa, 0xff, 0xfd, 0x0, 0x0, 0x0, 0x0, 0x0,
    0x0, 0xa, 0xff, 0xfd, 0x0, 0x0, 0x0, 0x0,
    0x0, 0x0, 0xa, 0xff, 0xfd, 0x0, 0x0, 0x0,
    0x0, 0x0, 0x0, 0xa, 0xff, 0xfd, 0x0, 0x0,
    0x0, 0x0, 0x0, 0x0, 0xa, 0xff, 0xfd, 0x0,
    0x0, 0x0, 0x0, 0x0, 0x0, 0xa, 0xff, 0xfd,
    0x0, 0x0, 0x0, 0x0, 0x0, 0x0, 0xa, 0xff,
    0xfd, 0x0, 0x0, 0x0, 0x0, 0x0, 0x0, 0xa,
    0xff, 0xfd,

    /* U+0072 "r" */
    0x5f, 0xff, 0xf3, 0x3, 0xbe, 0xf5, 0x5f, 0xff,
    0xf3, 0x5f, 0xff, 0xf5, 0x5f, 0xff, 0xf5, 0xff,
    0xff, 0xf5, 0x5f, 0xff, 0xfb, 0xff, 0xff, 0xf5,
    0x5f, 0xff, 0xff, 0xd8, 0x54, 0x31, 0x5f, 0xff,
    0xfc, 0x0, 0x0, 0x0, 0x5f, 0xff, 0xf4, 0x0,
    0x0, 0x0, 0x5f, 0xff, 0xf3, 0x0, 0x0, 0x0,
    0x5f, 0xff, 0xf3, 0x0, 0x0, 0x0, 0x5f, 0xff,
    0xf3, 0x0, 0x0, 0x0, 0x5f, 0xff, 0xf3, 0x0,
    0x0, 0x0, 0x5f, 0xff, 0xf3, 0x0, 0x0, 0x0,
    0x5f, 0xff, 0xf3, 0x0, 0x0, 0x0, 0x5f, 0xff,
    0xf3, 0x0, 0x0, 0x0, 0x5f, 0xff, 0xf3, 0x0,
    0x0, 0x0, 0x5f, 0xff, 0xf3, 0x0, 0x0, 0x0,
    0x5f, 0xff, 0xf3, 0x0, 0x0, 0x0, 0x5f, 0xff,
    0xf3, 0x0, 0x0, 0x0, 0x5f, 0xff, 0xf3, 0x0,
    0x0, 0x0,

    /* U+0073 "s" */
    0x0, 0x1, 0x7c, 0xef, 0xfe, 0xc7, 0x10, 0x0,
    0x0, 0x5f, 0xff, 0xff, 0xff, 0xff, 0xf7, 0x0,
    0x4, 0xff, 0xff, 0xff, 0xff, 0xff, 0xff, 0xa0,
    0xd, 0xff, 0xff, 0xb8, 0x8b, 0xff, 0xff, 0x80,
    0x2f, 0xff, 0xf6, 0x0, 0x0, 0x1b, 0xf7, 0x0,
    0x4f, 0xff, 0xf1, 0x0, 0x0, 0x0, 0x30, 0x0,
    0x3f, 0xff, 0xf5, 0x0, 0x0, 0x0, 0x0, 0x0,
    0xf, 0xff, 0xff, 0xb7, 0x53, 0x0, 0x0, 0x0,
    0x7, 0xff, 0xff, 0xff, 0xff, 0xfc, 0x60, 0x0,
    0x0, 0x9f, 0xff, 0xff, 0xff, 0xff, 0xfd, 0x10,
    0x0, 0x3, 0x9e, 0xff, 0xff, 0xff, 0xff, 0xc0,
    0x0, 0x0, 0x0, 0x13, 0x58, 0xef, 0xff, 0xf4,
    0x0, 0x0, 0x0, 0x0, 0x0, 0x1f, 0xff, 0xf7,
    0x0, 0xa5, 0x0, 0x0, 0x0, 0xd, 0xff, 0xf7,
    0xb, 0xff, 0x80, 0x0, 0x0, 0x3f, 0xff, 0xf4,
    0xaf, 0xff, 0xff, 0xb8, 0x8b, 0xff, 0xff, 0xe0,
    0x2e, 0xff, 0xff, 0xff, 0xff, 0xff, 0xff, 0x40,
    0x1, 0xaf, 0xff, 0xff, 0xff, 0xff, 0xe4, 0x0,
    0x0, 0x2, 0x8c, 0xef, 0xfe, 0xb6, 0x0, 0x0,

    /* U+0074 "t" */
    0x0, 0x0, 0x68, 0x88, 0x10, 0x0, 0x0, 0x0,
    0xd, 0xff, 0xf3, 0x0, 0x0, 0x0, 0x0, 0xdf,
    0xff, 0x30, 0x0, 0x0, 0x0, 0xe, 0xff, 0xf3,
    0x0, 0x0, 0x0, 0x4, 0xff, 0xff, 0x30, 0x0,
    0x1, 0xff, 0xff, 0xff, 0xff, 0xff, 0xf1, 0x1f,
    0xff, 0xff, 0xff, 0xff, 0xff, 0x11, 0xff, 0xff,
    0xff, 0xff, 0xff, 0xf1, 0x9, 0x9b, 0xff, 0xff,
    0xa9, 0x99, 0x0, 0x0, 0x4f, 0xff, 0xf3, 0x0,
    0x0, 0x0, 0x4, 0xff, 0xff, 0x30, 0x0, 0x0,
    0x0, 0x4f, 0xff, 0xf3, 0x0, 0x0, 0x0, 0x4,
    0xff, 0xff, 0x30, 0x0, 0x0, 0x0, 0x4f, 0xff,
    0xf3, 0x0, 0x0, 0x0, 0x4, 0xff, 0xff, 0x30,
    0x0, 0x0, 0x0, 0x4f, 0xff, 0xf3, 0x0, 0x0,
    0x0, 0x4, 0xff, 0xff, 0x30, 0x0, 0x0, 0x0,
    0x4f, 0xff, 0xf3, 0x0, 0x0, 0x0, 0x4, 0xff,
    0xff, 0x30, 0x0, 0x0, 0x0, 0x4f, 0xff, 0xf3,
    0x0, 0x0, 0x0, 0x2, 0xff, 0xff, 0xa9, 0x96,
    0x0, 0x0, 0xe, 0xff, 0xff, 0xff, 0xc0, 0x0,
    0x0, 0x4f, 0xff, 0xff, 0xfc, 0x0, 0x0, 0x0,
    0x3b, 0xef, 0xff, 0xc0,

    /* U+0075 "u" */
    0x8f, 0xff, 0xf0, 0x0, 0x0, 0x1, 0xff, 0xff,
    0x78, 0xff, 0xff, 0x0, 0x0, 0x0, 0x1f, 0xff,
    0xf7, 0x8f, 0xff, 0xf0, 0x0, 0x0, 0x1, 0xff,
    0xff, 0x78, 0xff, 0xff, 0x0, 0x0, 0x0, 0x1f,
    0xff, 0xf7, 0x8f, 0xff, 0xf0, 0x0, 0x0, 0x1,
    0xff, 0xff, 0x78, 0xff, 0xff, 0x0, 0x0, 0x0,
    0x1f, 0xff, 0xf7, 0x8f, 0xff, 0xf0, 0x0, 0x0,
    0x1, 0xff, 0xff, 0x78, 0xff, 0xff, 0x0, 0x0,
    0x0, 0x1f, 0xff, 0xf7, 0x8f, 0xff, 0xf0, 0x0,
    0x0, 0x1, 0xff, 0xff, 0x78, 0xff, 0xff, 0x0,
    0x0, 0x0, 0x1f, 0xff, 0xf7, 0x8f, 0xff, 0xf0,
    0x0, 0x0, 0x1, 0xff, 0xff, 0x78, 0xff, 0xff,
    0x0, 0x0, 0x0, 0x1f, 0xff, 0xf7, 0x8f, 0xff,
    0xf0, 0x0, 0x0, 0x2, 0xff, 0xff, 0x76, 0xff,
    0xff, 0x50, 0x0, 0x0, 0x6f, 0xff, 0xf7, 0x3f,
    0xff, 0xfe, 0x20, 0x0, 0x4f, 0xff, 0xff, 0x70,
    0xef, 0xff, 0xff, 0xcb, 0xef, 0xdf, 0xff, 0xf7,
    0x6, 0xff, 0xff, 0xff, 0xff, 0xf5, 0xff, 0xff,
    0x70, 0x9, 0xff, 0xff, 0xff, 0xf7, 0x1f, 0xff,
    0xf7, 0x0, 0x4, 0xbe, 0xfe, 0xb4, 0x1, 0xff,
    0xff, 0x70,

    /* U+0076 "v" */
    0x6f, 0xff, 0xf1, 0x0, 0x0, 0x0, 0x1, 0xff,
    0xff, 0x31, 0xff, 0xff, 0x50, 0x0, 0x0, 0x0,
    0x5f, 0xff, 0xe0, 0xb, 0xff, 0xfb, 0x0, 0x0,
    0x0, 0xa, 0xff, 0xf8, 0x0, 0x6f, 0xff, 0xf0,
    0x0, 0x0, 0x0, 0xff, 0xff, 0x30, 0x1, 0xff,
    0xff, 0x50, 0x0, 0x0, 0x5f, 0xff, 0xe0, 0x0,
    0xb, 0xff, 0xfa, 0x0, 0x0, 0xa, 0xff, 0xf8,
    0x0, 0x0, 0x6f, 0xff, 0xf0, 0x0, 0x0, 0xff,
    0xff, 0x30, 0x0, 0x1, 0xff, 0xff, 0x40, 0x0,
    0x4f, 0xff, 0xe0, 0x0, 0x0, 0xb, 0xff, 0xf9,
    0x0, 0x9, 0xff, 0xf8, 0x0, 0x0, 0x0, 0x6f,
    0xff, 0xd0, 0x0, 0xdf, 0xff, 0x30, 0x0, 0x0,
    0x1, 0xff, 0xff, 0x20, 0x2f, 0xff, 0xe0, 0x0,
    0x0, 0x0, 0xc, 0xff, 0xf6, 0x6, 0xff, 0xf9,
    0x0, 0x0, 0x0, 0x0, 0x6f, 0xff, 0xb0, 0xaf,
    0xff, 0x30, 0x0, 0x0, 0x0, 0x1, 0xff, 0xff,
    0xf, 0xff, 0xe0, 0x0, 0x0, 0x0, 0x0, 0xc,
    0xff, 0xf7, 0xff, 0xf9, 0x0, 0x0, 0x0, 0x0,
    0x0, 0x6f, 0xff, 0xff, 0xff, 0x30, 0x0, 0x0,
    0x0, 0x0, 0x1, 0xff, 0xff, 0xff, 0xe0, 0x0,
    0x0, 0x0, 0x0, 0x0, 0xc, 0xff, 0xff, 0xf9,
    0x0, 0x0, 0x0, 0x0, 0x0, 0x0, 0x6f, 0xff,
    0xff, 0x30, 0x0, 0x0, 0x0,

    /* U+0077 "w" */
    0xf, 0xff, 0xf5, 0x0, 0x0, 0x0, 0x7f, 0xff,
    0xf0, 0x0, 0x0, 0x0, 0xbf, 0xff, 0x70, 0xcf,
    0xff, 0x80, 0x0, 0x0, 0xb, 0xff, 0xff, 0x30,
    0x0, 0x0, 0xf, 0xff, 0xf2, 0x7, 0xff, 0xfc,
    0x0, 0x0, 0x0, 0xff, 0xff, 0xf8, 0x0, 0x0,
    0x3, 0xff, 0xfe, 0x0, 0x3f, 0xff, 0xf0, 0x0,
    0x0, 0x4f, 0xff, 0xff, 0xd0, 0x0, 0x0, 0x7f,
    0xff, 0xa0, 0x0, 0xef, 0xff, 0x40, 0x0, 0x9,
    0xff, 0xff, 0xff, 0x10, 0x0, 0xb, 0xff, 0xf5,
    0x0, 0xa, 0xff, 0xf8, 0x0, 0x0, 0xdf, 0xfd,
    0xff, 0xf6, 0x0, 0x0, 0xef, 0xff, 0x10, 0x0,
    0x6f, 0xff, 0xc0, 0x0, 0x2f, 0xff, 0x5f, 0xff,
    0xb0, 0x0, 0x2f, 0xff, 0xd0, 0x0, 0x1, 0xff,
    0xff, 0x0, 0x6, 0xff, 0xf0, 0xbf, 0xff, 0x0,
    0x6, 0xff, 0xf8, 0x0, 0x0, 0xd, 0xff, 0xf3,
    0x0, 0xbf, 0xfc, 0x7, 0xff, 0xf4, 0x0, 0xaf,
    0xff, 0x40, 0x0, 0x0, 0x9f, 0xff, 0x70, 0xf,
    0xff, 0x80, 0x2f, 0xff, 0x80, 0xe, 0xff, 0xf0,
    0x0, 0x0, 0x4, 0xff, 0xfb, 0x3, 0xff, 0xf3,
    0x0, 0xef, 0xfc, 0x1, 0xff, 0xfb, 0x0, 0x0,
    0x0, 0xf, 0xff, 0xe0, 0x7f, 0xff, 0x0, 0x9,
    0xff, 0xf1, 0x5f, 0xff, 0x70, 0x0, 0x0, 0x0,
    0xcf, 0xff, 0x2c, 0xff, 0xa0, 0x0, 0x5f, 0xff,
    0x58, 0xff, 0xf3, 0x0, 0x0, 0x0, 0x7, 0xff,
    0xf6, 0xff, 0xf6, 0x0, 0x0, 0xff, 0xf9, 0xcf,
    0xfe, 0x0, 0x0, 0x0, 0x0, 0x3f, 0xff, 0xef,
    0xff, 0x10, 0x0, 0xc, 0xff, 0xef, 0xff, 0xa0,
    0x0, 0x0, 0x0, 0x0, 0xef, 0xff, 0xff, 0xd0,
    0x0, 0x0, 0x7f, 0xff, 0xff, 0xf6, 0x0, 0x0,
    0x0, 0x0, 0xa, 0xff, 0xff, 0xf8, 0x0, 0x0,
    0x2, 0xff, 0xff, 0xff, 0x10, 0x0, 0x0, 0x0,
    0x0, 0x6f, 0xff, 0xff, 0x40, 0x0, 0x0, 0xe,
    0xff, 0xff, 0xd0, 0x0, 0x0, 0x0, 0x0, 0x1,
    0xff, 0xff, 0xf0, 0x0, 0x0, 0x0, 0x9f, 0xff,
    0xf9, 0x0, 0x0, 0x0,

    /* U+0078 "x" */
    0xd, 0xff, 0xff, 0x40, 0x0, 0x0, 0x5, 0xff,
    0xff, 0x60, 0x3f, 0xff, 0xfd, 0x0, 0x0, 0x0,
    0xef, 0xff, 0xb0, 0x0, 0x7f, 0xff, 0xf8, 0x0,
    0x0, 0x9f, 0xff, 0xf2, 0x0, 0x0, 0xcf, 0xff,
    0xf2, 0x0, 0x3f, 0xff, 0xf6, 0x0, 0x0, 0x2,
    0xff, 0xff, 0xc0, 0xc, 0xff, 0xfb, 0x0, 0x0,
    0x0, 0x7, 0xff, 0xff, 0x67, 0xff, 0xff, 0x10,
    0x0, 0x0, 0x0, 0xc, 0xff, 0xff, 0xff, 0xff,
    0x60, 0x0, 0x0, 0x0, 0x0, 0x2f, 0xff, 0xff,
    0xff, 0xb0, 0x0, 0x0, 0x0, 0x0, 0x0, 0x7f,
    0xff, 0xff, 0xf1, 0x0, 0x0, 0x0, 0x0, 0x0,
    0x1, 0xff, 0xff, 0xf9, 0x0, 0x0, 0x0, 0x0,
    0x0, 0x0, 0xaf, 0xff, 0xff, 0xf2, 0x0, 0x0,
    0x0, 0x0, 0x0, 0x5f, 0xff, 0xff, 0xff, 0xc0,
    0x0, 0x0, 0x0, 0x0, 0x1e, 0xff, 0xfb, 0xff,
    0xff, 0x70, 0x0, 0x0, 0x0, 0xa, 0xff, 0xfd,
    0xb, 0xff, 0xff, 0x20, 0x0, 0x0, 0x5, 0xff,
    0xff, 0x30, 0x1f, 0xff, 0xfc, 0x0, 0x0, 0x1,
    0xef, 0xff, 0x90, 0x0, 0x7f, 0xff, 0xf7, 0x0,
    0x0, 0xaf, 0xff, 0xe1, 0x0, 0x0, 0xdf, 0xff,
    0xf2, 0x0, 0x5f, 0xff, 0xf5, 0x0, 0x0, 0x3,
    0xff, 0xff, 0xc0, 0x1e, 0xff, 0xfb, 0x0, 0x0,
    0x0, 0x9, 0xff, 0xff, 0x70,

    /* U+0079 "y" */
    0x7f, 0xff, 0xf0, 0x0, 0x0, 0x0, 0x0, 0xff,
    0xff, 0x42, 0xff, 0xff, 0x50, 0x0, 0x0, 0x0,
    0x4f, 0xff, 0xe0, 0xc, 0xff, 0xfa, 0x0, 0x0,
    0x0, 0xa, 0xff, 0xf9, 0x0, 0x7f, 0xff, 0xf0,
    0x0, 0x0, 0x0, 0xff, 0xff, 0x40, 0x1, 0xff,
    0xff, 0x50, 0x0, 0x0, 0x4f, 0xff, 0xe0, 0x0,
    0xc, 0xff, 0xfa, 0x0, 0x0, 0xa, 0xff, 0xf9,
    0x0, 0x0, 0x6f, 0xff, 0xf0, 0x0, 0x0, 0xff,
    0xff, 0x30, 0x0, 0x1, 0xff, 0xff, 0x40, 0x0,
    0x4f, 0xff, 0xe0, 0x0, 0x0, 0xb, 0xff, 0xfa,
    0x0, 0xa, 0xff, 0xf8, 0x0, 0x0, 0x0, 0x6f,
    0xff, 0xf0, 0x0, 0xef, 0xff, 0x30, 0x0, 0x0,
    0x1, 0xff, 0xff, 0x40, 0x4f, 0xff, 0xd0, 0x0,
    0x0, 0x0, 0xb, 0xff, 0xf8, 0x8, 0xff, 0xf8,
    0x0, 0x0, 0x0, 0x0, 0x6f, 0xff, 0xc0, 0xcf,
    0xff, 0x20, 0x0, 0x0, 0x0, 0x0, 0xff, 0xff,
    0x2f, 0xff, 0xd0, 0x0, 0x0, 0x0, 0x0, 0xb,
    0xff, 0xfa, 0xff, 0xf7, 0x0, 0x0, 0x0, 0x0,
    0x0, 0x5f, 0xff, 0xff, 0xff, 0x20, 0x0, 0x0,
    0x0, 0x0, 0x0, 0xff, 0xff, 0xff, 0xc0, 0x0,
    0x0, 0x0, 0x0, 0x0, 0xa, 0xff, 0xff, 0xf7,
    0x0, 0x0, 0x0, 0x0, 0x0, 0x0, 0x5f, 0xff,
    0xff, 0x10, 0x0, 0x0, 0x0, 0x0, 0x0, 0x0,
    0xff, 0xff, 0xc0, 0x0, 0x0, 0x0, 0x0, 0x0,
    0x0, 0x2f, 0xff, 0xf6, 0x0, 0x0, 0x0, 0x0,
    0x0, 0x0, 0x8, 0xff, 0xff, 0x10, 0x0, 0x0,
    0x0, 0x0, 0x19, 0x99, 0xef, 0xff, 0xb0, 0x0,
    0x0, 0x0, 0x0, 0x2, 0xff, 0xff, 0xff, 0xf4,
    0x0, 0x0, 0x0, 0x0, 0x0, 0x2f, 0xff, 0xff,
    0xf9, 0x0, 0x0, 0x0, 0x0, 0x0, 0x2, 0xff,
    0xff, 0xc5, 0x0, 0x0, 0x0, 0x0, 0x0,

    /* U+007A "z" */
    0x5f, 0xff, 0xff, 0xff, 0xff, 0xff, 0xff, 0xf6,
    0x5f, 0xff, 0xff, 0xff, 0xff, 0xff, 0xff, 0xf6,
    0x5f, 0xff, 0xff, 0xff, 0xff, 0xff, 0xff, 0xf6,
    0x39, 0x99, 0x99, 0x99, 0x99, 0xff, 0xff, 0xf4,
    0x0, 0x0, 0x0, 0x0, 0xa, 0xff, 0xff, 0x80,
    0x0, 0x0, 0x0, 0x0, 0x7f, 0xff, 0xfb, 0x0,
    0x0, 0x0, 0x0, 0x4, 0xff, 0xff, 0xd1, 0x0,
    0x0, 0x0, 0x0, 0x2f, 0xff, 0xfe, 0x20, 0x0,
    0x0, 0x0, 0x1, 0xdf, 0xff, 0xf4, 0x0, 0x0,
    0x0, 0x0, 0xc, 0xff, 0xff, 0x60, 0x0, 0x0,
    0x0, 0x0, 0x9f, 0xff, 0xf9, 0x0, 0x0, 0x0,
    0x0, 0x6, 0xff, 0xff, 0xc0, 0x0, 0x0, 0x0,
    0x0, 0x4f, 0xff, 0xfd, 0x10, 0x0, 0x0, 0x0,
    0x2, 0xef, 0xff, 0xf2, 0x0, 0x0, 0x0, 0x0,
    0x1d, 0xff, 0xff, 0x40, 0x0, 0x0, 0x0, 0x0,
    0x9f, 0xff, 0xfd, 0x99, 0x99, 0x99, 0x99, 0x96,
    0xaf, 0xff, 0xff, 0xff, 0xff, 0xff, 0xff, 0xfa,
    0xaf, 0xff, 0xff, 0xff, 0xff, 0xff, 0xff, 0xfa,
    0xaf, 0xff, 0xff, 0xff, 0xff, 0xff, 0xff, 0xfa,

    /* U+007B "{" */
    0x0, 0x0, 0x5, 0xdf, 0xff, 0xf2, 0x0, 0x0,
    0x4f, 0xff, 0xff, 0xf2, 0x0, 0x0, 0xaf, 0xff,
    0xff, 0xf2, 0x0, 0x0, 0xcf, 0xff, 0x73, 0x30,
    0x0, 0x0, 0xcf, 0xff, 0x50, 0x0, 0x0, 0x0,
    0xcf, 0xff, 0x50, 0x0, 0x0, 0x0, 0xcf, 0xff,
    0x50, 0x0, 0x0, 0x0, 0xcf, 0xff, 0x50, 0x0,
    0x0, 0x0, 0xcf, 0xff, 0x50, 0x0, 0x0, 0x0,
    0xcf, 0xff, 0x50, 0x0, 0x0, 0x0, 0xcf, 0xff,
    0x50, 0x0, 0x0, 0x0, 0xcf, 0xff, 0x40, 0x0,
    0x0, 0x1, 0xff, 0xff, 0x30, 0x0, 0x0, 0xb,
    0xff, 0xfd, 0x0, 0x0, 0x2b, 0xff, 0xff, 0xf3,
    0x0, 0x0, 0x4f, 0xff, 0xfc, 0x30, 0x0, 0x0,
    0x4f, 0xff, 0xe6, 0x0, 0x0, 0x0, 0x4f, 0xff,
    0xff, 0xc1, 0x0, 0x0, 0x1, 0x6e, 0xff, 0xfa,
    0x0, 0x0, 0x0, 0x3, 0xff, 0xff, 0x10, 0x0,
    0x0, 0x0, 0xdf, 0xff, 0x40, 0x0, 0x0, 0x0,
    0xcf, 0xff, 0x50, 0x0, 0x0, 0x0, 0xcf, 0xff,
    0x50, 0x0, 0x0, 0x0, 0xcf, 0xff, 0x50, 0x0,
    0x0, 0x0, 0xcf, 0xff, 0x50, 0x0, 0x0, 0x0,
    0xcf, 0xff, 0x50, 0x0, 0x0, 0x0, 0xcf, 0xff,
    0x50, 0x0, 0x0, 0x0, 0xcf, 0xff, 0x50, 0x0,
    0x0, 0x0, 0xcf, 0xff, 0x73, 0x30, 0x0, 0x0,
    0xaf, 0xff, 0xff, 0xf2, 0x0, 0x0, 0x4f, 0xff,
    0xff, 0xf2, 0x0, 0x0, 0x6, 0xdf, 0xff, 0xf2,

    /* U+007C "|" */
    0x3f, 0xff, 0x93, 0xff, 0xfa, 0x3f, 0xff, 0xa3,
    0xff, 0xfa, 0x3f, 0xff, 0xa3, 0xff, 0xfa, 0x3f,
    0xff, 0xa3, 0xff, 0xfa, 0x3f, 0xff, 0xa3, 0xff,
    0xfa, 0x3f, 0xff, 0xa3, 0xff, 0xfa, 0x3f, 0xff,
    0xa3, 0xff, 0xfa, 0x3f, 0xff, 0xa3, 0xff, 0xfa,
    0x3f, 0xff, 0xa3, 0xff, 0xfa, 0x3f, 0xff, 0xa3,
    0xff, 0xfa, 0x3f, 0xff, 0xa3, 0xff, 0xfa, 0x3f,
    0xff, 0xa3, 0xff, 0xfa, 0x3f, 0xff, 0xa3, 0xff,
    0xfa, 0x3f, 0xff, 0xa3, 0xff, 0xfa, 0x3f, 0xff,
    0xa3, 0xff, 0xfa, 0x3f, 0xff, 0xa3, 0xff, 0xfa,

    /* U+007D "}" */
    0x1f, 0xff, 0xfd, 0x60, 0x0, 0x0, 0x1f, 0xff,
    0xff, 0xf5, 0x0, 0x0, 0x1f, 0xff, 0xff, 0xfb,
    0x0, 0x0, 0x3, 0x36, 0xff, 0xfc, 0x0, 0x0,
    0x0, 0x4, 0xff, 0xfd, 0x0, 0x0, 0x0, 0x4,
    0xff, 0xfd, 0x0, 0x0, 0x0, 0x4, 0xff, 0xfd,
    0x0, 0x0, 0x0, 0x4, 0xff, 0xfd, 0x0, 0x0,
    0x0, 0x4, 0xff, 0xfd, 0x0, 0x0, 0x0, 0x4,
    0xff, 0xfd, 0x0, 0x0, 0x0, 0x4, 0xff, 0xfd,
    0x0, 0x0, 0x0, 0x4, 0xff, 0xfd, 0x0, 0x0,
    0x0, 0x2, 0xff, 0xff, 0x10, 0x0, 0x0, 0x0,
    0xdf, 0xff, 0xb1, 0x0, 0x0, 0x0, 0x3f, 0xff,
    0xff, 0xb3, 0x0, 0x0, 0x3, 0xcf, 0xff, 0xf5,
    0x0, 0x0, 0x0, 0x6d, 0xff, 0xf5, 0x0, 0x0,
    0xc, 0xff, 0xff, 0xf5, 0x0, 0x0, 0xaf, 0xff,
    0xe6, 0x10, 0x0, 0x1, 0xff, 0xff, 0x30, 0x0,
    0x0, 0x4, 0xff, 0xfe, 0x0, 0x0, 0x0, 0x4,
    0xff, 0xfd, 0x0, 0x0, 0x0, 0x4, 0xff, 0xfd,
    0x0, 0x0, 0x0, 0x4, 0xff, 0xfd, 0x0, 0x0,
    0x0, 0x4, 0xff, 0xfd, 0x0, 0x0, 0x0, 0x4,
    0xff, 0xfd, 0x0, 0x0, 0x0, 0x4, 0xff, 0xfd,
    0x0, 0x0, 0x0, 0x4, 0xff, 0xfd, 0x0, 0x0,
    0x3, 0x36, 0xff, 0xfc, 0x0, 0x0, 0x1f, 0xff,
    0xff, 0xfb, 0x0, 0x0, 0x1f, 0xff, 0xff, 0xf5,
    0x0, 0x0, 0x1f, 0xff, 0xfd, 0x60, 0x0, 0x0,

    /* U+007E "~" */
    0x4, 0xbe, 0xff, 0xc7, 0x10, 0x0, 0x0, 0x0,
    0x0, 0x7f, 0xff, 0xff, 0xff, 0xf9, 0x30, 0x0,
    0x4, 0x20, 0xbf, 0xff, 0xff, 0xff, 0xff, 0xfd,
    0xaa, 0xdf, 0xb0, 0x2f, 0xfb, 0x9b, 0xef, 0xff,
    0xff, 0xff, 0xff, 0xf4, 0x4, 0x10, 0x0, 0x5,
    0xcf, 0xff, 0xff, 0xff, 0xe2, 0x0, 0x0, 0x0,
    0x0, 0x3, 0x9d, 0xff, 0xd8, 0x10,

    /* U+00B0 "°" */
    0x0, 0x0, 0x5b, 0xef, 0xea, 0x40, 0x0, 0x0,
    0xa, 0xff, 0xff, 0xff, 0xf9, 0x0, 0x0, 0xaf,
    0xff, 0xff, 0xff, 0xff, 0x90, 0x5, 0xff, 0xfa,
    0x20, 0x3b, 0xff, 0xf3, 0xb, 0xff, 0xc0, 0x0,
    0x0, 0xdf, 0xf9, 0xe, 0xff, 0x60, 0x0, 0x0,
    0x8f, 0xfd, 0xf, 0xff, 0x40, 0x0, 0x0, 0x6f,
    0xfe, 0xf, 0xff, 0x60, 0x0, 0x0, 0x8f, 0xfd,
    0xb, 0xff, 0xc0, 0x0, 0x0, 0xdf, 0xf9, 0x5,
    0xff, 0xfa, 0x20, 0x2b, 0xff, 0xf3, 0x0, 0xbf,
    0xff, 0xff, 0xff, 0xff, 0x90, 0x0, 0xb, 0xff,
    0xff, 0xff, 0xfa, 0x0, 0x0, 0x0, 0x5b, 0xef,
    0xeb, 0x40, 0x0,

    /* U+00B7 "·" */
    0x5, 0xbc, 0x91, 0x4, 0xff, 0xff, 0xc0, 0x8f,
    0xff, 0xff, 0x19, 0xff, 0xff, 0xf1, 0x5f, 0xff,
    0xfd, 0x0, 0x8e, 0xfc, 0x30,

    /* U+0E01 "ก" */
    0x0, 0x0, 0x17, 0xbe, 0xff, 0xec, 0x83, 0x0,
    0x0, 0x0, 0x8, 0xff, 0xff, 0xff, 0xff, 0xff,
    0xa1, 0x0, 0x0, 0xaf, 0xff, 0xff, 0xff, 0xff,
    0xff, 0xfd, 0x0, 0x7, 0xff, 0xff, 0xfe, 0xcc,
    0xff, 0xff, 0xff, 0x90, 0x1f, 0xff, 0xfe, 0x40,
    0x0, 0x6, 0xff, 0xff, 0xf2, 0x6f, 0xff, 0xf2,
    0x0, 0x0, 0x0, 0x7f, 0xff, 0xf7, 0xaf, 0xff,
    0xc0, 0x0, 0x0, 0x0, 0xf, 0xff, 0xfb, 0xcf,
    0xff, 0xff, 0xff, 0xc0, 0x0, 0xc, 0xff, 0xfd,
    0xcf, 0xff, 0xff, 0xff, 0xc0, 0x0, 0xb, 0xff,
    0xfd, 0xcf, 0xff, 0xff, 0xff, 0xc0, 0x0, 0xb,
    0xff, 0xfe, 0x22, 0x27, 0xdf, 0xe6, 0x20, 0x0,
    0xb, 0xff, 0xfe, 0x0, 0xaf, 0xff, 0x20, 0x0,
    0x0, 0xb, 0xff, 0xfe, 0x7, 0xff, 0xfb, 0x0,
    0x0, 0x0, 0xb, 0xff, 0xfe, 0xe, 0xff, 0xf8,
    0x0, 0x0, 0x0, 0xb, 0xff, 0xfe, 0x1f, 0xff,
    0xf6, 0x0, 0x0, 0x0, 0xb, 0xff, 0xfe, 0x2f,
    0xff, 0xf6, 0x0, 0x0, 0x0, 0xb, 0xff, 0xfe,
    0x3f, 0xff, 0xf6, 0x0, 0x0, 0x0, 0xb, 0xff,
    0xfe, 0x3f, 0xff, 0xf6, 0x0, 0x0, 0x0, 0xb,
    0xff, 0xfe, 0x3f, 0xff, 0xf6, 0x0, 0x0, 0x0,
    0xb, 0xff, 0xfe, 0x3f, 0xff, 0xf6, 0x0, 0x0,
    0x0, 0xb, 0xff, 0xfe, 0x3f, 0xff, 0xf6, 0x0,
    0x0, 0x0, 0xb, 0xff, 0xfe,

    /* U+0E02 "ข" */
    0xf, 0xff, 0xff, 0xd7, 0x0, 0x0, 0x6f, 0xff,
    0xf2, 0xf, 0xff, 0xff, 0xff, 0x80, 0x0, 0x6f,
    0xff, 0xf2, 0xf, 0xff, 0xff, 0xff, 0xf0, 0x0,
    0x6f, 0xff, 0xf2, 0x9, 0x99, 0xaf, 0xff, 0xf1,
    0x0, 0x6f, 0xff, 0xf2, 0x0, 0x0, 0x3f, 0xff,
    0xf1, 0x0, 0x6f, 0xff, 0xf2, 0x0, 0x0, 0x5f,
    0xff, 0xf0, 0x0, 0x6f, 0xff, 0xf2, 0x0, 0x0,
    0xcf, 0xff, 0xa0, 0x0, 0x6f, 0xff, 0xf2, 0x0,
    0x7, 0xff, 0xff, 0x30, 0x0, 0x6f, 0xff, 0xf2,
    0x0, 0x4f, 0xff, 0xf9, 0x0, 0x0, 0x6f, 0xff,
    0xf2, 0x0, 0xef, 0xff, 0xe1, 0x0, 0x0, 0x6f,
    0xff, 0xf2, 0x5, 0xff, 0xff, 0x70, 0x0, 0x0,
    0x6f, 0xff, 0xf2, 0x9, 0xff, 0xff, 0x10, 0x0,
    0x0, 0x6f, 0xff, 0xf2, 0xb, 0xff, 0xfe, 0x0,
    0x0, 0x0, 0x6f, 0xff, 0xf2, 0xb, 0xff, 0xfe,
    0x0, 0x0, 0x0, 0x7f, 0xff, 0xf1, 0xb, 0xff,
    0xff, 0x0, 0x0, 0x0, 0x8f, 0xff, 0xf0, 0x8,
    0xff, 0xff, 0x40, 0x0, 0x0, 0xdf, 0xff, 0xe0,
    0x4, 0xff, 0xff, 0xe3, 0x0, 0x1a, 0xff, 0xff,
    0x90, 0x0, 0xdf, 0xff, 0xff, 0xfe, 0xff, 0xff,
    0xff, 0x30, 0x0, 0x3f, 0xff, 0xff, 0xff, 0xff,
    0xff, 0xfa, 0x0, 0x0, 0x4, 0xef, 0xff, 0xff,
    0xff, 0xff, 0x90, 0x0, 0x0, 0x0, 0x6, 0xbe,
    0xff, 0xfc, 0x93, 0x0, 0x0,

    /* U+0E03 "ฃ" */
    0xbf, 0xff, 0x0, 0xaf, 0xff, 0x60, 0xd, 0xff,
    0xfc, 0xbf, 0xff, 0x0, 0xdf, 0xff, 0x60, 0xd,
    0xff, 0xfc, 0xbf, 0xff, 0x2a, 0xef, 0xff, 0x60,
    0xd, 0xff, 0xfc, 0x9f, 0xff, 0xff, 0xaf, 0xff,
    0x60, 0xd, 0xff, 0xfc, 0x4f, 0xff, 0xfb, 0x7f,
    0xff, 0x60, 0xd, 0xff, 0xfc, 0x5, 0xcd, 0x90,
    0xbf, 0xff, 0x30, 0xd, 0xff, 0xfc, 0x0, 0x0,
    0x6, 0xff, 0xfe, 0x0, 0xd, 0xff, 0xfc, 0x0,
    0x0, 0x4f, 0xff, 0xf5, 0x0, 0xd, 0xff, 0xfc,
    0x0, 0x4, 0xff, 0xff, 0xa0, 0x0, 0xd, 0xff,
    0xfc, 0x0, 0x1e, 0xff, 0xfc, 0x0, 0x0, 0xd,
    0xff, 0xfc, 0x0, 0x8f, 0xff, 0xf2, 0x0, 0x0,
    0xd, 0xff, 0xfc, 0x0, 0xef, 0xff, 0xb0, 0x0,
    0x0, 0xd, 0xff, 0xfc, 0x1, 0xff, 0xff, 0x80,
    0x0, 0x0, 0xd, 0xff, 0xfc, 0x1, 0xff, 0xff,
    0x70, 0x0, 0x0, 0xe, 0xff, 0xfb, 0x1, 0xff,
    0xff, 0x90, 0x0, 0x0, 0xf, 0xff, 0xfa, 0x0,
    0xff, 0xff, 0xd0, 0x0, 0x0, 0x5f, 0xff, 0xf7,
    0x0, 0xaf, 0xff, 0xfa, 0x10, 0x4, 0xef, 0xff,
    0xf3, 0x0, 0x4f, 0xff, 0xff, 0xfe, 0xff, 0xff,
    0xff, 0xd0, 0x0, 0x9, 0xff, 0xff, 0xff, 0xff,
    0xff, 0xff, 0x30, 0x0, 0x0, 0x8f, 0xff, 0xff,
    0xff, 0xff, 0xe4, 0x0, 0x0, 0x0, 0x2, 0x8c,
    0xff, 0xfe, 0xb7, 0x10, 0x0,

    /* U+0E04 "ค" */
    0x0, 0x0, 0x6, 0xbd, 0xff, 0xfd, 0xa4, 0x0,
    0x0, 0x0, 0x0, 0x5e, 0xff, 0xff, 0xff, 0xff,
    0xfd, 0x20, 0x0, 0x0, 0x6f, 0xff, 0xff, 0xff,
    0xff, 0xff, 0xff, 0x30, 0x0, 0x2f, 0xff, 0xff,
    0xff, 0xef, 0xff, 0xff, 0xfd, 0x0, 0xb, 0xff,
    0xff, 0xc3, 0x0, 0x5, 0xef, 0xff, 0xf6, 0x1,
    0xff, 0xff, 0xd0, 0x0, 0x0, 0x2, 0xff, 0xff,
    0xc0, 0x4f, 0xff, 0xf6, 0x0, 0x0, 0x0, 0xa,
    0xff, 0xff, 0x6, 0xff, 0xff, 0x30, 0x0, 0x0,
    0x0, 0x7f, 0xff, 0xf1, 0x6f, 0xff, 0xf2, 0x0,
    0x0, 0x0, 0x6, 0xff, 0xff, 0x27, 0xff, 0xff,
    0x20, 0x8e, 0xfe, 0x0, 0x6f, 0xff, 0xf2, 0x7f,
    0xff, 0xf2, 0xbf, 0xff, 0xe0, 0x6, 0xff, 0xff,
    0x27, 0xff, 0xff, 0x7f, 0xff, 0xfe, 0x0, 0x6f,
    0xff, 0xf2, 0x7f, 0xff, 0xfe, 0xff, 0xff, 0xe0,
    0x6, 0xff, 0xff, 0x27, 0xff, 0xff, 0xf9, 0x20,
    0x0, 0x0, 0x6f, 0xff, 0xf2, 0x7f, 0xff, 0xf8,
    0x0, 0x0, 0x0, 0x6, 0xff, 0xff, 0x27, 0xff,
    0xff, 0x30, 0x0, 0x0, 0x0, 0x6f, 0xff, 0xf2,
    0x7f, 0xff, 0xf2, 0x0, 0x0, 0x0, 0x6, 0xff,
    0xff, 0x27, 0xff, 0xff, 0x20, 0x0, 0x0, 0x0,
    0x6f, 0xff, 0xf2, 0x7f, 0xff, 0xf2, 0x0, 0x0,
    0x0, 0x6, 0xff, 0xff, 0x27, 0xff, 0xff, 0x20,
    0x0, 0x0, 0x0, 0x6f, 0xff, 0xf2, 0x7f, 0xff,
    0xf2, 0x0, 0x0, 0x0, 0x6, 0xff, 0xff, 0x20,

    /* U+0E05 "ฅ" */
    0x0, 0x1, 0x8d, 0xfc, 0x0, 0xc, 0xfd, 0x81,
    0x0, 0x0, 0x4, 0xff, 0xff, 0xfc, 0x1b, 0xff,
    0xff, 0xf4, 0x0, 0x2, 0xff, 0xff, 0xff, 0xff,
    0xff, 0xff, 0xff, 0xf3, 0x0, 0xbf, 0xff, 0xff,
    0xff, 0xff, 0xff, 0xff, 0xff, 0xb0, 0x1f, 0xff,
    0xfc, 0x17, 0xff, 0xf7, 0xc, 0xff, 0xff, 0x14,
    0xff, 0xff, 0x50, 0x6, 0xf7, 0x0, 0x5f, 0xff,
    0xf4, 0x5f, 0xff, 0xf3, 0x0, 0x3, 0x0, 0x3,
    0xff, 0xff, 0x66, 0xff, 0xff, 0x30, 0x0, 0x0,
    0x0, 0x2f, 0xff, 0xf6, 0x6f, 0xff, 0xf3, 0x0,
    0x0, 0x0, 0x2, 0xff, 0xff, 0x66, 0xff, 0xff,
    0x30, 0x6c, 0xef, 0x0, 0x2f, 0xff, 0xf6, 0x6f,
    0xff, 0xf3, 0x9f, 0xff, 0xf0, 0x2, 0xff, 0xff,
    0x66, 0xff, 0xff, 0x7f, 0xff, 0xff, 0x0, 0x2f,
    0xff, 0xf6, 0x6f, 0xff, 0xfd, 0xff, 0xff, 0xf0,
    0x2, 0xff, 0xff, 0x66, 0xff, 0xff, 0xfa, 0x30,
    0x0, 0x0, 0x2f, 0xff, 0xf6, 0x6f, 0xff, 0xfa,
    0x0, 0x0, 0x0, 0x2, 0xff, 0xff, 0x66, 0xff,
    0xff, 0x40, 0x0, 0x0, 0x0, 0x2f, 0xff, 0xf6,
    0x6f, 0xff, 0xf3, 0x0, 0x0, 0x0, 0x2, 0xff,
    0xff, 0x66, 0xff, 0xff, 0x30, 0x0, 0x0, 0x0,
    0x2f, 0xff, 0xf6, 0x6f, 0xff, 0xf3, 0x0, 0x0,
    0x0, 0x2, 0xff, 0xff, 0x66, 0xff, 0xff, 0x30,
    0x0, 0x0, 0x0, 0x2f, 0xff, 0xf6, 0x6f, 0xff,
    0xf3, 0x0, 0x0, 0x0, 0x2, 0xff, 0xff, 0x60,

    /* U+0E06 "ฆ" */
    0x9f, 0xff, 0x20, 0x4f, 0xff, 0xc0, 0x0, 0x4f,
    0xff, 0xf4, 0x9f, 0xff, 0x20, 0x8f, 0xff, 0xc0,
    0x0, 0x4f, 0xff, 0xf4, 0x8f, 0xff, 0x36, 0xef,
    0xff, 0xc0, 0x0, 0x4f, 0xff, 0xf4, 0x7f, 0xff,
    0xff, 0xaf, 0xff, 0xc0, 0x0, 0x4f, 0xff, 0xf4,
    0x2f, 0xff, 0xfe, 0x3f, 0xff, 0xc0, 0x0, 0x4f,
    0xff, 0xf4, 0x4, 0xbd, 0xa2, 0x5f, 0xff, 0xa0,
    0x0, 0x4f, 0xff, 0xf4, 0x0, 0x0, 0x1, 0xef,
    0xff, 0x60, 0x0, 0x4f, 0xff, 0xf4, 0x0, 0x0,
    0xc, 0xff, 0xfe, 0x0, 0x0, 0x4f, 0xff, 0xf4,
    0x0, 0x0, 0xbf, 0xff, 0xf4, 0x0, 0x0, 0x4f,
    0xff, 0xf4, 0x0, 0x8, 0xff, 0xff, 0x70, 0x0,
    0x0, 0x4f, 0xff, 0xf4, 0x0, 0x1f, 0xff, 0xfb,
    0x0, 0x0, 0x0, 0x4f, 0xff, 0xf4, 0x0, 0x5f,
    0xff, 0xf3, 0x0, 0x0, 0x0, 0x4f, 0xff, 0xf4,
    0x0, 0x8f, 0xff, 0xf0, 0x0, 0x0, 0x0, 0x4f,
    0xff, 0xf4, 0x0, 0x9f, 0xff, 0xf0, 0x0, 0x0,
    0x0, 0x5f, 0xff, 0xf4, 0x0, 0x9f, 0xff, 0xf2,
    0x0, 0x0, 0x0, 0x8f, 0xff, 0xf4, 0x0, 0x9f,
    0xff, 0xfa, 0x0, 0x0, 0x0, 0xdf, 0xff, 0xf2,
    0x0, 0x9f, 0xff, 0xff, 0xc4, 0x0, 0x2b, 0xff,
    0xff, 0xe0, 0x0, 0x9f, 0xff, 0xfc, 0xff, 0xff,
    0xff, 0xff, 0xff, 0x90, 0x0, 0x9f, 0xff, 0xf3,
    0xff, 0xff, 0xff, 0xff, 0xff, 0x10, 0x0, 0x9f,
    0xff, 0xf0, 0x6f, 0xff, 0xff, 0xff, 0xf4, 0x0,
    0x0, 0x9f, 0xff, 0xf0, 0x3, 0xae, 0xff, 0xd8,
    0x10, 0x0,

    /* U+0E07 "ง" */
    0xe, 0xff, 0xf9, 0x0, 0x0, 0xcf, 0xff, 0xfb,
    0x20, 0x0, 0xaf, 0xff, 0xd0, 0x0, 0xc, 0xff,
    0xff, 0xff, 0x20, 0x5, 0xff, 0xff, 0x10, 0x0,
    0xcf, 0xff, 0xff, 0xfa, 0x0, 0x1f, 0xff, 0xf5,
    0x0, 0x9, 0xcc, 0xef, 0xff, 0xf0, 0x0, 0xcf,
    0xff, 0xa0, 0x0, 0x0, 0x6, 0xff, 0xff, 0x10,
    0x8, 0xff, 0xfe, 0x0, 0x0, 0x0, 0x6f, 0xff,
    0xf2, 0x0, 0x4f, 0xff, 0xf2, 0x0, 0x0, 0x6,
    0xff, 0xff, 0x20, 0x0, 0xff, 0xff, 0x60, 0x0,
    0x0, 0x6f, 0xff, 0xf2, 0x0, 0xb, 0xff, 0xfa,
    0x0, 0x0, 0x6, 0xff, 0xff, 0x20, 0x0, 0x6f,
    0xff, 0xe0, 0x0, 0x0, 0x6f, 0xff, 0xf2, 0x0,
    0x2, 0xff, 0xff, 0x20, 0x0, 0x6, 0xff, 0xff,
    0x20, 0x0, 0xd, 0xff, 0xf6, 0x0, 0x0, 0x6f,
    0xff, 0xf2, 0x0, 0x0, 0x9f, 0xff, 0xa0, 0x0,
    0x6, 0xff, 0xff, 0x10, 0x0, 0x4, 0xff, 0xfe,
    0x0, 0x0, 0x7f, 0xff, 0xf0, 0x0, 0x0, 0xf,
    0xff, 0xf3, 0x0, 0xa, 0xff, 0xfd, 0x0, 0x0,
    0x0, 0xbf, 0xff, 0x70, 0x0, 0xef, 0xff, 0x90,
    0x0, 0x0, 0x7, 0xff, 0xfb, 0x0, 0x9f, 0xff,
    0xf4, 0x0, 0x0, 0x0, 0x2f, 0xff, 0xfb, 0xef,
    0xff, 0xfd, 0x0, 0x0, 0x0, 0x0, 0xef, 0xff,
    0xff, 0xff, 0xff, 0x30, 0x0, 0x0, 0x0, 0x9,
    0xff, 0xff, 0xff, 0xff, 0x40, 0x0, 0x0, 0x0,
    0x0, 0x5f, 0xff, 0xff, 0xc7, 0x10, 0x0, 0x0,

    /* U+0E08 "จ" */
    0x0, 0x0, 0x6a, 0xdf, 0xff, 0xd9, 0x40, 0x0,
    0x0, 0x0, 0x5e, 0xff, 0xff, 0xff, 0xff, 0xfc,
    0x20, 0x0, 0x7, 0xff, 0xff, 0xff, 0xff, 0xff,
    0xff, 0xe2, 0x0, 0x4f, 0xff, 0xff, 0xff, 0xef,
    0xff, 0xff, 0xfc, 0x0, 0xb, 0xff, 0xf8, 0x20,
    0x0, 0x4d, 0xff, 0xff, 0x50, 0x0, 0xaf, 0x40,
    0x0, 0x0, 0x1, 0xef, 0xff, 0xb0, 0x0, 0x3,
    0x0, 0x0, 0x0, 0x0, 0x8f, 0xff, 0xf0, 0x0,
    0x0, 0x0, 0x0, 0x0, 0x0, 0x5f, 0xff, 0xf2,
    0x0, 0x0, 0x0, 0x0, 0x0, 0x0, 0x4f, 0xff,
    0xf4, 0xa, 0xff, 0xfe, 0x70, 0x0, 0x0, 0x4f,
    0xff, 0xf5, 0xa, 0xff, 0xff, 0xf4, 0x0, 0x0,
    0x4f, 0xff, 0xf5, 0xa, 0xff, 0xff, 0xfa, 0x0,
    0x0, 0x4f, 0xff, 0xf5, 0x8, 0xdd, 0xff, 0xfe,
    0x0, 0x0, 0x4f, 0xff, 0xf4, 0x0, 0x0, 0xcf,
    0xff, 0x20, 0x0, 0x5f, 0xff, 0xf2, 0x0, 0x0,
    0x8f, 0xff, 0x60, 0x0, 0x8f, 0xff, 0xf0, 0x0,
    0x0, 0x5f, 0xff, 0xa0, 0x0, 0xdf, 0xff, 0xc0,
    0x0, 0x0, 0x1f, 0xff, 0xe0, 0x9, 0xff, 0xff,
    0x60, 0x0, 0x0, 0xd, 0xff, 0xfb, 0xef, 0xff,
    0xfe, 0x0, 0x0, 0x0, 0x9, 0xff, 0xff, 0xff,
    0xff, 0xf4, 0x0, 0x0, 0x0, 0x5, 0xff, 0xff,
    0xff, 0xfe, 0x40, 0x0, 0x0, 0x0, 0x1, 0xff,
    0xff, 0xeb, 0x61, 0x0, 0x0,

    /* U+0E09 "ฉ" */
    0x0, 0x0, 0x28, 0xce, 0xff, 0xfd, 0xa5, 0x0,
    0x0, 0x0, 0x0, 0x1, 0xaf, 0xff, 0xff, 0xff,
    0xff, 0xfd, 0x40, 0x0, 0x0, 0x2, 0xdf, 0xff,
    0xff, 0xff, 0xff, 0xff, 0xff, 0x40, 0x0, 0x0,
    0xdf, 0xff, 0xff, 0xff, 0xff, 0xff, 0xff, 0xfe,
    0x10, 0x0, 0x1d, 0xff, 0xfd, 0x61, 0x0, 0x17,
    0xff, 0xff, 0xf8, 0x0, 0x0, 0x1c, 0xfa, 0x0,
    0x0, 0x0, 0x3, 0xff, 0xff, 0xd0, 0x0, 0x0,
    0x7, 0x0, 0x0, 0x0, 0x0, 0xb, 0xff, 0xff,
    0x0, 0x0, 0x0, 0x0, 0x0, 0x0, 0x0, 0x0,
    0x7f, 0xff, 0xf2, 0x0, 0x0, 0x0, 0x0, 0x0,
    0x0, 0x0, 0x6, 0xff, 0xff, 0x20, 0x0, 0xff,
    0xff, 0xc4, 0x0, 0x0, 0x0, 0x6f, 0xff, 0xf2,
    0x0, 0xf, 0xff, 0xff, 0xf1, 0x0, 0x0, 0x6,
    0xff, 0xff, 0x20, 0x0, 0xff, 0xff, 0xff, 0x40,
    0x0, 0x0, 0x6f, 0xff, 0xf2, 0x0, 0xa, 0xae,
    0xff, 0xf6, 0x0, 0x0, 0x6, 0xff, 0xff, 0x20,
    0x0, 0x0, 0xcf, 0xff, 0x60, 0x0, 0x0, 0x6f,
    0xff, 0xf2, 0x0, 0x0, 0xc, 0xff, 0xf6, 0x0,
    0x0, 0x7, 0xff, 0xff, 0x20, 0x0, 0x0, 0xcf,
    0xff, 0x70, 0x0, 0x0, 0xcf, 0xff, 0xf2, 0x0,
    0x0, 0xb, 0xff, 0xfc, 0x0, 0x0, 0xaf, 0xff,
    0xff, 0x20, 0x0, 0x0, 0x8f, 0xff, 0xfc, 0x9a,
    0xef, 0xcf, 0xff, 0xf9, 0x81, 0x0, 0x2, 0xff,
    0xff, 0xff, 0xff, 0xf3, 0xbf, 0xff, 0xff, 0x30,
    0x0, 0x8, 0xff, 0xff, 0xff, 0xf6, 0x4, 0xff,
    0xff, 0xf3, 0x0, 0x0, 0x5, 0xcf, 0xfe, 0xb3,
    0x0, 0x5, 0xdf, 0xff, 0x30,

    /* U+0E0A "ช" */
    0x3f, 0xff, 0xfe, 0xa2, 0x0, 0x0, 0x9f, 0xff,
    0xf0, 0x3f, 0xff, 0xff, 0xfe, 0x10, 0x0, 0x9f,
    0xff, 0xf0, 0x3f, 0xff, 0xff, 0xff, 0x60, 0x0,
    0xaf, 0xff, 0xc0, 0x29, 0x99, 0xef, 0xff, 0x80,
    0x0, 0xcf, 0xff, 0x50, 0x0, 0x0, 0xbf, 0xff,
    0x80, 0x3, 0xff, 0xf8, 0x0, 0x0, 0x0, 0xdf,
    0xff, 0x63, 0x8f, 0xfd, 0x30, 0x0, 0x0, 0x3,
    0xff, 0xff, 0x29, 0xff, 0xff, 0xe4, 0x0, 0x0,
    0xc, 0xff, 0xfc, 0x9, 0xff, 0xff, 0xff, 0x20,
    0x0, 0x7f, 0xff, 0xf3, 0x9, 0xff, 0xff, 0xff,
    0x90, 0x1, 0xff, 0xff, 0xb0, 0x0, 0x6, 0xff,
    0xff, 0xe0, 0x6, 0xff, 0xff, 0x30, 0x0, 0x0,
    0xaf, 0xff, 0xf0, 0x9, 0xff, 0xfe, 0x0, 0x0,
    0x0, 0x7f, 0xff, 0xf1, 0xb, 0xff, 0xfc, 0x0,
    0x0, 0x0, 0x6f, 0xff, 0xf2, 0xc, 0xff, 0xfc,
    0x0, 0x0, 0x0, 0x6f, 0xff, 0xf2, 0xb, 0xff,
    0xfe, 0x0, 0x0, 0x0, 0x8f, 0xff, 0xf1, 0x9,
    0xff, 0xff, 0x30, 0x0, 0x0, 0xdf, 0xff, 0xe0,
    0x4, 0xff, 0xff, 0xe3, 0x0, 0x1a, 0xff, 0xff,
    0xa0, 0x0, 0xdf, 0xff, 0xff, 0xfe, 0xff, 0xff,
    0xff, 0x40, 0x0, 0x4f, 0xff, 0xff, 0xff, 0xff,
    0xff, 0xfa, 0x0, 0x0, 0x4, 0xef, 0xff, 0xff,
    0xff, 0xff, 0x90, 0x0, 0x0, 0x0, 0x6, 0xbe,
    0xff, 0xfc, 0x93, 0x0, 0x0,

    /* U+0E0B "ซ" */
    0xef, 0xfc, 0x0, 0xef, 0xff, 0x20, 0x8, 0xff,
    0xff, 0x1e, 0xff, 0xc0, 0x1f, 0xff, 0xf2, 0x0,
    0x8f, 0xff, 0xf0, 0xef, 0xfc, 0x3c, 0xef, 0xff,
    0x20, 0x9, 0xff, 0xfd, 0xd, 0xff, 0xff, 0xfb,
    0xff, 0xf2, 0x0, 0xbf, 0xff, 0x70, 0x7f, 0xff,
    0xf7, 0xbf, 0xff, 0x20, 0x2f, 0xff, 0xa0, 0x0,
    0x7d, 0xd7, 0xe, 0xff, 0xf2, 0x7e, 0xfe, 0x40,
    0x0, 0x0, 0x0, 0x8, 0xff, 0xfa, 0x4f, 0xff,
    0xfd, 0x30, 0x0, 0x0, 0x5, 0xff, 0xff, 0x34,
    0xff, 0xff, 0xfe, 0x10, 0x0, 0x3, 0xff, 0xff,
    0x80, 0x4f, 0xff, 0xff, 0xf8, 0x0, 0x0, 0xdf,
    0xff, 0xc0, 0x0, 0x5, 0xff, 0xff, 0xc0, 0x0,
    0x5f, 0xff, 0xf3, 0x0, 0x0, 0xb, 0xff, 0xff,
    0x0, 0xa, 0xff, 0xfd, 0x0, 0x0, 0x0, 0x8f,
    0xff, 0xf0, 0x0, 0xcf, 0xff, 0xb0, 0x0, 0x0,
    0x7, 0xff, 0xff, 0x0, 0xd, 0xff, 0xfa, 0x0,
    0x0, 0x0, 0x8f, 0xff, 0xf0, 0x0, 0xcf, 0xff,
    0xc0, 0x0, 0x0, 0x9, 0xff, 0xff, 0x0, 0xa,
    0xff, 0xff, 0x20, 0x0, 0x0, 0xef, 0xff, 0xc0,
    0x0, 0x5f, 0xff, 0xfd, 0x30, 0x1, 0xbf, 0xff,
    0xf8, 0x0, 0x0, 0xef, 0xff, 0xff, 0xfe, 0xff,
    0xff, 0xff, 0x20, 0x0, 0x5, 0xff, 0xff, 0xff,
    0xff, 0xff, 0xff, 0x80, 0x0, 0x0, 0x5, 0xef,
    0xff, 0xff, 0xff, 0xff, 0x80, 0x0, 0x0, 0x0,
    0x1, 0x7b, 0xef, 0xfe, 0xc8, 0x20, 0x0, 0x0,

    /* U+0E0C "ฌ" */
    0x0, 0x0, 0x39, 0xce, 0xff, 0xeb, 0x71, 0x0,
    0x0, 0x0, 0x0, 0x0, 0xcf, 0xff, 0xd0, 0x1,
    0xaf, 0xff, 0xff, 0xff, 0xff, 0xf6, 0x0, 0x0,
    0x0, 0x0, 0xc, 0xff, 0xfd, 0x1, 0xdf, 0xff,
    0xff, 0xff, 0xff, 0xff, 0xf8, 0x0, 0x0, 0x0,
    0x0, 0xcf, 0xff, 0xd0, 0xaf, 0xff, 0xff, 0xec,
    0xdf, 0xff, 0xff, 0xf3, 0x0, 0x0, 0x0, 0xc,
    0xff, 0xfd, 0x2f, 0xff, 0xfc, 0x30, 0x0, 0x19,
    0xff, 0xff, 0xc0, 0x0, 0x0, 0x0, 0xcf, 0xff,
    0xd8, 0xff, 0xfe, 0x10, 0x0, 0x0, 0xa, 0xff,
    0xff, 0x10, 0x0, 0x0, 0xc, 0xff, 0xfd, 0xbf,
    0xff, 0xb3, 0x33, 0x20, 0x0, 0x3f, 0xff, 0xf4,
    0x0, 0x0, 0x0, 0xcf, 0xff, 0xdd, 0xff, 0xff,
    0xff, 0xfb, 0x0, 0x0, 0xff, 0xff, 0x60, 0x0,
    0x0, 0xc, 0xff, 0xfd, 0xef, 0xff, 0xff, 0xff,
    0xb0, 0x0, 0xf, 0xff, 0xf7, 0x0, 0x0, 0x0,
    0xcf, 0xff, 0xde, 0xff, 0xff, 0xff, 0xfb, 0x0,
    0x0, 0xff, 0xff, 0x70, 0x0, 0x0, 0xc, 0xff,
    0xfd, 0x0, 0x2a, 0xff, 0x92, 0x0, 0x0, 0xf,
    0xff, 0xf7, 0x0, 0x0, 0x0, 0xcf, 0xff, 0xd0,
    0x4f, 0xff, 0xa0, 0x0, 0x0, 0x0, 0xff, 0xff,
    0x70, 0x0, 0x0, 0xc, 0xff, 0xfd, 0xe, 0xff,
    0xf4, 0x0, 0x0, 0x0, 0xf, 0xff, 0xf7, 0x0,
    0x0, 0x0, 0xcf, 0xff, 0xd5, 0xff, 0xff, 0x10,
    0x0, 0x0, 0x0, 0xff, 0xff, 0x70, 0x0, 0x0,
    0xc, 0xff, 0xfd, 0x7f, 0xff, 0xf0, 0x0, 0x0,
    0x0, 0xf, 0xff, 0xf7, 0x0, 0x0, 0x0, 0xdf,
    0xff, 0xc8, 0xff, 0xff, 0x0, 0x0, 0x0, 0x0,
    0xff, 0xff, 0xc0, 0x0, 0x0, 0x1f, 0xff, 0xfb,
    0x8f, 0xff, 0xf0, 0x0, 0x0, 0x0, 0xf, 0xff,
    0xff, 0x90, 0x0, 0xa, 0xff, 0xff, 0x86, 0xff,
    0xff, 0xbb, 0xb3, 0x0, 0x0, 0xff, 0xff, 0xef,
    0xfc, 0xbe, 0xff, 0xff, 0xf3, 0x1f, 0xff, 0xff,
    0xff, 0x40, 0x0, 0xf, 0xff, 0xf8, 0xef, 0xff,
    0xff, 0xff, 0xfb, 0x0, 0x7f, 0xff, 0xff, 0xf4,
    0x0, 0x0, 0xff, 0xff, 0x73, 0xef, 0xff, 0xff,
    0xfd, 0x10, 0x0, 0x5c, 0xff, 0xff, 0x40, 0x0,
    0xf, 0xff, 0xf7, 0x1, 0x9d, 0xff, 0xd7, 0x0,
    0x0,

    /* U+0E0D "ญ" */
    0x0, 0x0, 0x28, 0xce, 0xff, 0xeb, 0x60, 0x0,
    0x0, 0x0, 0x0, 0x0, 0xcf, 0xff, 0xc0, 0x0,
    0x9f, 0xff, 0xff, 0xff, 0xff, 0xe5, 0x0, 0x0,
    0x0, 0x0, 0xc, 0xff, 0xfc, 0x0, 0xcf, 0xff,
    0xff, 0xff, 0xff, 0xff, 0xf6, 0x0, 0x0, 0x0,
    0x0, 0xcf, 0xff, 0xc0, 0x9f, 0xff, 0xff, 0xec,
    0xdf, 0xff, 0xff, 0xf2, 0x0, 0x0, 0x0, 0xc,
    0xff, 0xfc, 0x2f, 0xff, 0xfd, 0x30, 0x0, 0x19,
    0xff, 0xff, 0xa0, 0x0, 0x0, 0x0, 0xcf, 0xff,
    0xc7, 0xff, 0xff, 0x10, 0x0, 0x0, 0xb, 0xff,
    0xff, 0x0, 0x0, 0x0, 0xc, 0xff, 0xfc, 0xbf,
    0xff, 0x90, 0x0, 0x0, 0x0, 0x4f, 0xff, 0xf4,
    0x0, 0x0, 0x0, 0xcf, 0xff, 0xcd, 0xff, 0xff,
    0xff, 0xfb, 0x0, 0x0, 0xff, 0xff, 0x60, 0x0,
    0x0, 0xc, 0xff, 0xfc, 0xdf, 0xff, 0xff, 0xff,
    0xb0, 0x0, 0xf, 0xff, 0xf7, 0x0, 0x0, 0x0,
    0xcf, 0xff, 0xce, 0xff, 0xff, 0xff, 0xfb, 0x0,
    0x0, 0xff, 0xff, 0x70, 0x0, 0x0, 0xc, 0xff,
    0xfc, 0x33, 0x4a, 0xff, 0xc6, 0x20, 0x0, 0xf,
    0xff, 0xf7, 0x0, 0x0, 0x0, 0xcf, 0xff, 0xc0,
    0x2d, 0xff, 0xc0, 0x0, 0x0, 0x0, 0xff, 0xff,
    0x70, 0x0, 0x0, 0xc, 0xff, 0xfc, 0xd, 0xff,
    0xf5, 0x0, 0x0, 0x0, 0xf, 0xff, 0xf7, 0x0,
    0x0, 0x0, 0xcf, 0xff, 0xc4, 0xff, 0xff, 0x10,
    0x0, 0x0, 0x0, 0xff, 0xff, 0x70, 0x0, 0x0,
    0xc, 0xff, 0xfc, 0x7f, 0xff, 0xf0, 0x0, 0x0,
    0x0, 0xf, 0xff, 0xf9, 0x0, 0x0, 0x0, 0xdf,
    0xff, 0xc8, 0xff, 0xff, 0x0, 0x0, 0x0, 0x0,
    0xef, 0xff, 0xc0, 0x0, 0x0, 0x2f, 0xff, 0xfc,
    0x8f, 0xff, 0xf0, 0x0, 0x0, 0x0, 0xb, 0xff,
    0xff, 0x70, 0x0, 0x3d, 0xff, 0xff, 0xc6, 0xff,
    0xff, 0xbb, 0xb3, 0x0, 0x0, 0x7f, 0xff, 0xff,
    0xec, 0xdf, 0xed, 0xff, 0xfc, 0x2f, 0xff, 0xff,
    0xff, 0x40, 0x0, 0x0, 0xef, 0xff, 0xff, 0xff,
    0xf7, 0xcf, 0xff, 0xc0, 0x7f, 0xff, 0xff, 0xf4,
    0x0, 0x0, 0x4, 0xff, 0xff, 0xff, 0xfa, 0xc,
    0xff, 0xfc, 0x0, 0x5c, 0xff, 0xff, 0x40, 0x0,
    0x0, 0x2, 0x9e, 0xff, 0xc5, 0x0, 0xcf, 0xff,
    0xc0, 0x0, 0x0, 0x0, 0x0, 0x0, 0x0, 0x0,
    0x30, 0x0, 0x0, 0x0, 0xe, 0xff, 0xfb, 0x0,
    0x0, 0x0, 0x0, 0x0, 0x0, 0x0, 0x7f, 0x70,
    0x0, 0x0, 0x4, 0xff, 0xff, 0x80, 0x0, 0x0,
    0x0, 0x0, 0x0, 0x0, 0x9f, 0xff, 0xa3, 0x0,
    0x5, 0xef, 0xff, 0xf4, 0x0, 0x0, 0x0, 0x0,
    0x0, 0x0, 0x1e, 0xff, 0xff, 0xff, 0xef, 0xff,
    0xff, 0xfd, 0x0, 0x0, 0x0, 0x0, 0x0, 0x0,
    0x0, 0x3f, 0xff, 0xff, 0xff, 0xff, 0xff, 0xff,
    0x30, 0x0, 0x0, 0x0, 0x0, 0x0, 0x0, 0x0,
    0x2c, 0xff, 0xff, 0xff, 0xff, 0xfd, 0x30, 0x0,
    0x0, 0x0, 0x0, 0x0, 0x0, 0x0, 0x0, 0x4,
    0x9d, 0xff, 0xfd, 0xa5, 0x0, 0x0,

    /* U+0E0E "ฎ" */
    0x0, 0x0, 0x1, 0x7b, 0xef, 0xff, 0xd9, 0x40,
    0x0, 0x0, 0x0, 0x0, 0x7f, 0xff, 0xff, 0xff,
    0xff, 0xfd, 0x30, 0x0, 0x0, 0x9, 0xff, 0xff,
    0xff, 0xff, 0xff, 0xff, 0xf3, 0x0, 0x0, 0x6f,
    0xff, 0xff, 0xec, 0xce, 0xff, 0xff, 0xfe, 0x0,
    0x0, 0xef, 0xff, 0xe5, 0x0, 0x0, 0x4e, 0xff,
    0xff, 0x70, 0x4, 0xff, 0xff, 0x30, 0x0, 0x0,
    0x2, 0xff, 0xff, 0xc0, 0x8, 0xff, 0xfd, 0x0,
    0x0, 0x0, 0x0, 0xaf, 0xff, 0xf0, 0xa, 0xff,
    0xff, 0xff, 0xff, 0x0, 0x0, 0x6f, 0xff, 0xf2,
    0xb, 0xff, 0xff, 0xff, 0xff, 0x0, 0x0, 0x6f,
    0xff, 0xf3, 0xb, 0xff, 0xff, 0xff, 0xff, 0x0,
    0x0, 0x6f, 0xff, 0xf3, 0x0, 0x0, 0x1a, 0xff,
    0x81, 0x0, 0x0, 0x6f, 0xff, 0xf3, 0x0, 0x0,
    0xdf, 0xfc, 0x0, 0x0, 0x0, 0x6f, 0xff, 0xf3,
    0x0, 0x7, 0xff, 0xf8, 0x0, 0x0, 0x0, 0x6f,
    0xff, 0xf3, 0x0, 0xc, 0xff, 0xf6, 0x0, 0x0,
    0x0, 0x6f, 0xff, 0xf3, 0x0, 0xe, 0xff, 0xf6,
    0x0, 0x0, 0x0, 0x6f, 0xff, 0xf3, 0x0, 0xf,
    0xff, 0xf6, 0x0, 0x0, 0x0, 0x6f, 0xff, 0xf3,
    0x0, 0xf, 0xff, 0xf6, 0x0, 0x0, 0x0, 0x6f,
    0xff, 0xf3, 0x5a, 0xaf, 0xff, 0xf5, 0x0, 0x0,
    0x0, 0x6f, 0xff, 0xf3, 0x8f, 0xff, 0xff, 0xf2,
    0x0, 0x0, 0x0, 0x6f, 0xff, 0xf3, 0x8f, 0xff,
    0xff, 0xc0, 0x0, 0x0, 0x0, 0x6f, 0xff, 0xf3,
    0x8f, 0xff, 0xe9, 0x10, 0x0, 0x0, 0x0, 0x6f,
    0xff, 0xf3, 0x0, 0x0, 0x0, 0x0, 0x0, 0x0,
    0x0, 0x6f, 0xff, 0xf3, 0x0, 0x0, 0x0, 0x0,
    0x0, 0x0, 0x0, 0x6f, 0xff, 0xf3, 0x0, 0x0,
    0x18, 0xcf, 0xfe, 0xa3, 0x0, 0x6f, 0xff, 0xf3,
    0x0, 0x6, 0xff, 0xff, 0xff, 0xff, 0x80, 0x6f,
    0xff, 0xf3, 0x0, 0x8f, 0xff, 0xff, 0xff, 0xff,
    0xf8, 0x6f, 0xff, 0xf3, 0x4, 0xff, 0xff, 0xff,
    0xcb, 0xdf, 0xff, 0xaf, 0xff, 0xf3, 0x0, 0xaf,
    0xff, 0x70, 0x0, 0x1, 0x7e, 0xff, 0xff, 0xf3,
    0x0, 0x8, 0xf3, 0x0, 0x0, 0x0, 0x1, 0xdf,
    0xff, 0xf3, 0x0, 0x0, 0x20, 0x0, 0x0, 0x0,
    0x0, 0x0, 0x0, 0x0,

    /* U+0E0F "ฏ" */
    0x0, 0x0, 0x1, 0x7b, 0xef, 0xff, 0xd9, 0x40,
    0x0, 0x0, 0x0, 0x0, 0x7f, 0xff, 0xff, 0xff,
    0xff, 0xfd, 0x30, 0x0, 0x0, 0x9, 0xff, 0xff,
    0xff, 0xff, 0xff, 0xff, 0xf3, 0x0, 0x0, 0x6f,
    0xff, 0xff, 0xec, 0xce, 0xff, 0xff, 0xfe, 0x0,
    0x0, 0xef, 0xff, 0xe5, 0x0, 0x0, 0x4e, 0xff,
    0xff, 0x70, 0x4, 0xff, 0xff, 0x30, 0x0, 0x0,
    0x2, 0xff, 0xff, 0xc0, 0x8, 0xff, 0xfd, 0x0,
    0x0, 0x0, 0x0, 0xaf, 0xff, 0xf0, 0xa, 0xff,
    0xff, 0xff, 0xff, 0x0, 0x0, 0x6f, 0xff, 0xf2,
    0xb, 0xff, 0xff, 0xff, 0xff, 0x0, 0x0, 0x6f,
    0xff, 0xf3, 0xb, 0xff, 0xff, 0xff, 0xff, 0x0,
    0x0, 0x6f, 0xff, 0xf3, 0x0, 0x0, 0x1a, 0xff,
    0x81, 0x0, 0x0, 0x6f, 0xff, 0xf3, 0x0, 0x0,
    0xdf, 0xfc, 0x0, 0x0, 0x0, 0x6f, 0xff, 0xf3,
    0x0, 0x7, 0xff, 0xf8, 0x0, 0x0, 0x0, 0x6f,
    0xff, 0xf3, 0x0, 0xc, 0xff, 0xf6, 0x0, 0x0,
    0x0, 0x6f, 0xff, 0xf3, 0x0, 0xe, 0xff, 0xf6,
    0x0, 0x0, 0x0, 0x6f, 0xff, 0xf3, 0x0, 0xf,
    0xff, 0xf6, 0x0, 0x0, 0x0, 0x6f, 0xff, 0xf3,
    0x0, 0xf, 0xff, 0xf6, 0x0, 0x0, 0x0, 0x6f,
    0xff, 0xf3, 0x5a, 0xaf, 0xff, 0xf5, 0x0, 0x0,
    0x0, 0x6f, 0xff, 0xf3, 0x8f, 0xff, 0xff, 0xf2,
    0x0, 0x0, 0x0, 0x6f, 0xff, 0xf3, 0x8f, 0xff,
    0xff, 0xc0, 0x0, 0x0, 0x0, 0x6f, 0xff, 0xf3,
    0x8f, 0xff, 0xe9, 0x10, 0x0, 0x0, 0x0, 0x6f,
    0xff, 0xf3, 0x0, 0x0, 0x0, 0x0, 0x0, 0x0,
    0x0, 0x6f, 0xff, 0xf3, 0x0, 0x0, 0x0, 0x0,
    0x1, 0x10, 0x0, 0x6f, 0xff, 0xf3, 0x0, 0x2,
    0x60, 0x0, 0x9, 0xd2, 0x0, 0x7f, 0xff, 0xf2,
    0x0, 0x5f, 0xf2, 0x0, 0x5f, 0xff, 0x42, 0xdf,
    0xff, 0xf0, 0x6, 0xff, 0xff, 0xbc, 0xff, 0xff,
    0xff, 0xff, 0xff, 0xc0, 0x2, 0xff, 0xff, 0xff,
    0xfd, 0xef, 0xff, 0xff, 0xff, 0x50, 0x0, 0x6f,
    0xff, 0xff, 0xf4, 0x2e, 0xff, 0xff, 0xf8, 0x0,
    0x0, 0x3, 0xbf, 0xfc, 0x40, 0x1, 0xdf, 0xda,
    0x30, 0x0,

    /* U+0E10 "ฐ" */
    0x0, 0x0, 0x0, 0x0, 0x0, 0x0, 0x0, 0x7e,
    0xff, 0xf3, 0x0, 0x0, 0x6a, 0xdf, 0xff, 0xc9,
    0x32, 0xff, 0xff, 0xf3, 0x0, 0x5e, 0xff, 0xff,
    0xff, 0xff, 0xfc, 0xff, 0xff, 0xf3, 0x7, 0xff,
    0xff, 0xff, 0xff, 0xff, 0xff, 0xfc, 0x77, 0x71,
    0x4f, 0xff, 0xff, 0xfe, 0xef, 0xff, 0xff, 0xfb,
    0x0, 0x0, 0xa, 0xff, 0xe7, 0x10, 0x0, 0x5e,
    0xff, 0xff, 0x40, 0x0, 0x0, 0x7d, 0x10, 0x0,
    0x0, 0x2, 0xff, 0xff, 0xa0, 0x0, 0x0, 0x0,
    0x0, 0x0, 0x0, 0x0, 0x9f, 0xff, 0xf0, 0x0,
    0x0, 0x0, 0x0, 0x0, 0x0, 0x0, 0x6f, 0xff,
    0xf2, 0x0, 0x8, 0xdd, 0xdb, 0x40, 0x0, 0x0,
    0x4f, 0xff, 0xf4, 0x0, 0xa, 0xff, 0xff, 0xf2,
    0x0, 0x0, 0x4f, 0xff, 0xf5, 0x0, 0xa, 0xff,
    0xff, 0xf8, 0x0, 0x0, 0x4f, 0xff, 0xf5, 0x0,
    0xa, 0xff, 0xff, 0xfc, 0x0, 0x0, 0x4f, 0xff,
    0xf5, 0x0, 0x0, 0x0, 0xef, 0xff, 0x0, 0x0,
    0x4f, 0xff, 0xf4, 0x0, 0x0, 0x0, 0xaf, 0xff,
    0x40, 0x0, 0x5f, 0xff, 0xf2, 0x0, 0x0, 0x0,
    0x7f, 0xff, 0x70, 0x0, 0x8f, 0xff, 0xf0, 0x0,
    0x0, 0x0, 0x3f, 0xff, 0xb0, 0x0, 0xef, 0xff,
    0xb0, 0x0, 0x0, 0x0, 0xf, 0xff, 0xf0, 0x9,
    0xff, 0xff, 0x50, 0x0, 0x0, 0x0, 0xc, 0xff,
    0xfc, 0xef, 0xff, 0xfc, 0x0, 0x0, 0x0, 0x0,
    0x8, 0xff, 0xff, 0xff, 0xff, 0xe2, 0x0, 0x0,
    0x0, 0x0, 0x5, 0xff, 0xff, 0xff, 0xfd, 0x20,
    0x0, 0x0, 0x0, 0x0, 0x1, 0xff, 0xff, 0xea,
    0x50, 0x0, 0x0, 0x0, 0x0, 0x0, 0x0, 0x0,
    0x0, 0x0, 0x0, 0x0, 0x0, 0x0, 0x0, 0x0,
    0x0, 0x22, 0x21, 0x0, 0x1, 0x22, 0x20, 0x0,
    0x0, 0x0, 0x5, 0xff, 0xf8, 0x0, 0xa, 0xff,
    0xf4, 0x0, 0x0, 0x0, 0xa, 0xff, 0xfe, 0x0,
    0xc, 0xff, 0xf4, 0x0, 0x6, 0xaa, 0xaf, 0xff,
    0xde, 0xd7, 0xaf, 0xff, 0xf3, 0x0, 0xa, 0xff,
    0xff, 0xff, 0x89, 0xff, 0xff, 0xff, 0xf1, 0x0,
    0xa, 0xff, 0xff, 0xff, 0x21, 0xdf, 0xff, 0xff,
    0x90, 0x0, 0xa, 0xff, 0xff, 0xc4, 0x0, 0x19,
    0xef, 0xe7, 0x0, 0x0,

    /* U+0E11 "ฑ" */
    0xf, 0xff, 0xb0, 0xf, 0xff, 0xf0, 0x2, 0xae,
    0xfd, 0x50, 0x0, 0xff, 0xfb, 0x2, 0xff, 0xff,
    0x2, 0xef, 0xff, 0xff, 0x50, 0xf, 0xff, 0xb0,
    0xaf, 0xff, 0xf1, 0xdf, 0xff, 0xff, 0xfe, 0x0,
    0xff, 0xfe, 0xde, 0xcf, 0xff, 0x8f, 0xff, 0xff,
    0xff, 0xf2, 0x9, 0xff, 0xff, 0x7d, 0xff, 0xff,
    0xb1, 0xb, 0xff, 0xff, 0x50, 0x8, 0xdc, 0x72,
    0xff, 0xff, 0xc0, 0x0, 0x4f, 0xff, 0xf5, 0x0,
    0x0, 0x0, 0x9f, 0xff, 0xf2, 0x0, 0x3, 0xff,
    0xff, 0x60, 0x0, 0x0, 0x3f, 0xff, 0xf7, 0x0,
    0x0, 0x3f, 0xff, 0xf6, 0x0, 0x0, 0xd, 0xff,
    0xfd, 0x0, 0x0, 0x3, 0xff, 0xff, 0x60, 0x0,
    0x8, 0xff, 0xff, 0x30, 0x0, 0x0, 0x3f, 0xff,
    0xf6, 0x0, 0x1, 0xff, 0xff, 0xb0, 0x0, 0x0,
    0x3, 0xff, 0xff, 0x60, 0x0, 0x7f, 0xff, 0xf4,
    0x0, 0x0, 0x0, 0x3f, 0xff, 0xf6, 0x0, 0xa,
    0xff, 0xff, 0x0, 0x0, 0x0, 0x3, 0xff, 0xff,
    0x60, 0x0, 0xbf, 0xff, 0xd0, 0x0, 0x0, 0x0,
    0x3f, 0xff, 0xf6, 0x0, 0xb, 0xff, 0xfd, 0x0,
    0x0, 0x0, 0x3, 0xff, 0xff, 0x60, 0x0, 0xbf,
    0xff, 0xd0, 0x0, 0x0, 0x0, 0x3f, 0xff, 0xf6,
    0x0, 0xb, 0xff, 0xfd, 0x0, 0x0, 0x0, 0x3,
    0xff, 0xff, 0x60, 0x0, 0xbf, 0xff, 0xd0, 0x0,
    0x0, 0x0, 0x3f, 0xff, 0xf6, 0x0, 0xb, 0xff,
    0xfd, 0x0, 0x0, 0x0, 0x3, 0xff, 0xff, 0x60,
    0x0, 0xbf, 0xff, 0xd0, 0x0, 0x0, 0x0, 0x3f,
    0xff, 0xf6, 0x0, 0xb, 0xff, 0xfd, 0x0, 0x0,
    0x0, 0x3, 0xff, 0xff, 0x60,

    /* U+0E12 "ฒ" */
    0x0, 0x0, 0x5b, 0xee, 0x10, 0x9, 0xfd, 0x81,
    0x0, 0x0, 0x0, 0x0, 0x4f, 0xff, 0xf5, 0x0,
    0xb, 0xff, 0xff, 0xc0, 0x6f, 0xff, 0xff, 0x40,
    0x0, 0x0, 0x0, 0x4f, 0xff, 0xf5, 0x0, 0x9f,
    0xff, 0xff, 0xfc, 0xff, 0xff, 0xff, 0xf1, 0x0,
    0x0, 0x0, 0x4f, 0xff, 0xf5, 0x2, 0xff, 0xff,
    0xff, 0xff, 0xff, 0xff, 0xff, 0xf8, 0x0, 0x0,
    0x0, 0x4f, 0xff, 0xf5, 0x8, 0xff, 0xff, 0x84,
    0xff, 0xf9, 0x5f, 0xff, 0xfd, 0x0, 0x0, 0x0,
    0x4f, 0xff, 0xf5, 0xc, 0xff, 0xfc, 0x0, 0x4f,
    0xb0, 0xa, 0xff, 0xff, 0x0, 0x0, 0x0, 0x4f,
    0xff, 0xf5, 0xf, 0xff, 0xf7, 0x0, 0x4, 0x0,
    0x7, 0xff, 0xff, 0x0, 0x0, 0x0, 0x4f, 0xff,
    0xf5, 0x2f, 0xff, 0xf5, 0x0, 0x0, 0x0, 0x7,
    0xff, 0xff, 0x0, 0x0, 0x0, 0x4f, 0xff, 0xf5,
    0x3f, 0xff, 0xf4, 0x0, 0x0, 0x0, 0x7, 0xff,
    0xff, 0x0, 0x0, 0x0, 0x4f, 0xff, 0xf5, 0x3f,
    0xff, 0xf4, 0x0, 0x0, 0x0, 0x7, 0xff, 0xff,
    0x0, 0x0, 0x0, 0x4f, 0xff, 0xf5, 0x4f, 0xff,
    0xf4, 0x0, 0x0, 0x0, 0x7, 0xff, 0xff, 0x0,
    0x0, 0x0, 0x4f, 0xff, 0xf5, 0x3f, 0xff, 0xf4,
    0x0, 0x0, 0x0, 0x7, 0xff, 0xff, 0x0, 0x0,
    0x0, 0x4f, 0xff, 0xf5, 0x3f, 0xff, 0xf4, 0x0,
    0x0, 0x0, 0x7, 0xff, 0xff, 0x0, 0x0, 0x0,
    0x4f, 0xff, 0xf5, 0x1f, 0xff, 0xf5, 0x0, 0x0,
    0x0, 0x7, 0xff, 0xff, 0x0, 0x0, 0x0, 0x4f,
    0xff, 0xf5, 0xf, 0xff, 0xf8, 0x0, 0x0, 0x0,
    0x7, 0xff, 0xff, 0x0, 0x0, 0x0, 0x6f, 0xff,
    0xf4, 0xc, 0xff, 0xfd, 0x0, 0x0, 0x0, 0x7,
    0xff, 0xff, 0x70, 0x0, 0x0, 0xaf, 0xff, 0xf3,
    0x8, 0xff, 0xff, 0xa1, 0x0, 0x0, 0x7, 0xff,
    0xff, 0xf8, 0x20, 0x18, 0xff, 0xff, 0xf0, 0x2,
    0xff, 0xff, 0xff, 0xed, 0x10, 0x7, 0xff, 0xff,
    0xcf, 0xff, 0xff, 0xff, 0xff, 0xb0, 0x0, 0x8f,
    0xff, 0xff, 0xff, 0x10, 0x7, 0xff, 0xff, 0x4f,
    0xff, 0xff, 0xff, 0xff, 0x30, 0x0, 0x9, 0xff,
    0xff, 0xff, 0x10, 0x7, 0xff, 0xff, 0x7, 0xff,
    0xff, 0xff, 0xf6, 0x0, 0x0, 0x0, 0x39, 0xdf,
    0xff, 0x10, 0x7, 0xff, 0xff, 0x0, 0x4b, 0xef,
    0xea, 0x30, 0x0,

    /* U+0E13 "ณ" */
    0x0, 0x0, 0x39, 0xce, 0xff, 0xeb, 0x71, 0x0,
    0x0, 0x0, 0x0, 0x0, 0xcf, 0xff, 0xc0, 0x1,
    0xaf, 0xff, 0xff, 0xff, 0xff, 0xf7, 0x0, 0x0,
    0x0, 0x0, 0xc, 0xff, 0xfc, 0x1, 0xdf, 0xff,
    0xff, 0xff, 0xff, 0xff, 0xf8, 0x0, 0x0, 0x0,
    0x0, 0xcf, 0xff, 0xc0, 0xaf, 0xff, 0xff, 0xec,
    0xdf, 0xff, 0xff, 0xf4, 0x0, 0x0, 0x0, 0xc,
    0xff, 0xfc, 0x2f, 0xff, 0xfc, 0x20, 0x0, 0x19,
    0xff, 0xff, 0xc0, 0x0, 0x0, 0x0, 0xcf, 0xff,
    0xc8, 0xff, 0xfe, 0x10, 0x0, 0x0, 0xa, 0xff,
    0xff, 0x10, 0x0, 0x0, 0xc, 0xff, 0xfc, 0xbf,
    0xff, 0xb3, 0x33, 0x20, 0x0, 0x3f, 0xff, 0xf5,
    0x0, 0x0, 0x0, 0xcf, 0xff, 0xcd, 0xff, 0xff,
    0xff, 0xfb, 0x0, 0x0, 0xff, 0xff, 0x60, 0x0,
    0x0, 0xc, 0xff, 0xfc, 0xef, 0xff, 0xff, 0xff,
    0xb0, 0x0, 0xf, 0xff, 0xf7, 0x0, 0x0, 0x0,
    0xcf, 0xff, 0xce, 0xff, 0xff, 0xff, 0xfb, 0x0,
    0x0, 0xff, 0xff, 0x70, 0x0, 0x0, 0xc, 0xff,
    0xfc, 0x0, 0x2a, 0xff, 0x92, 0x0, 0x0, 0xf,
    0xff, 0xf7, 0x0, 0x0, 0x0, 0xcf, 0xff, 0xc0,
    0x4f, 0xff, 0xa0, 0x0, 0x0, 0x0, 0xff, 0xff,
    0x70, 0x0, 0x0, 0xc, 0xff, 0xfc, 0xe, 0xff,
    0xf4, 0x0, 0x0, 0x0, 0xf, 0xff, 0xf7, 0x0,
    0x0, 0x0, 0xcf, 0xff, 0xc5, 0xff, 0xff, 0x10,
    0x0, 0x0, 0x0, 0xff, 0xff, 0x70, 0x0, 0x0,
    0xc, 0xff, 0xfc, 0x7f, 0xff, 0xf0, 0x0, 0x0,
    0x0, 0xf, 0xff, 0xf8, 0x0, 0x0, 0x0, 0xdf,
    0xff, 0xc8, 0xff, 0xff, 0x0, 0x0, 0x0, 0x0,
    0xef, 0xff, 0xc0, 0x0, 0x0, 0x1f, 0xff, 0xfc,
    0x8f, 0xff, 0xf0, 0x0, 0x0, 0x0, 0xb, 0xff,
    0xff, 0x60, 0x0, 0x2d, 0xff, 0xff, 0xc6, 0xff,
    0xff, 0xbb, 0xb3, 0x0, 0x0, 0x6f, 0xff, 0xff,
    0xdb, 0xdf, 0xfe, 0xff, 0xfc, 0x1f, 0xff, 0xff,
    0xff, 0x40, 0x0, 0x0, 0xef, 0xff, 0xff, 0xff,
    0xfa, 0xcf, 0xff, 0xc0, 0x7f, 0xff, 0xff, 0xf4,
    0x0, 0x0, 0x3, 0xff, 0xff, 0xff, 0xfc, 0x1c,
    0xff, 0xfc, 0x0, 0x5c, 0xff, 0xff, 0x40, 0x0,
    0x0, 0x1, 0x9e, 0xff, 0xc7, 0x0, 0xcf, 0xff,
    0xc0,

    /* U+0E14 "ด" */
    0x0, 0x0, 0x2, 0x8c, 0xef, 0xfe, 0xb6, 0x0,
    0x0, 0x0, 0x0, 0x9, 0xff, 0xff, 0xff, 0xff,
    0xfe, 0x50, 0x0, 0x0, 0xc, 0xff, 0xff, 0xff,
    0xff, 0xff, 0xff, 0x50, 0x0, 0x8, 0xff, 0xff,
    0xff, 0xff, 0xff, 0xff, 0xff, 0x20, 0x1, 0xff,
    0xff, 0xf6, 0x10, 0x4, 0xdf, 0xff, 0xf9, 0x0,
    0x8f, 0xff, 0xf4, 0x0, 0x0, 0x1, 0xff, 0xff,
    0xe0, 0xc, 0xff, 0xfc, 0x0, 0x0, 0x0, 0x9,
    0xff, 0xff, 0x20, 0xff, 0xff, 0x80, 0x0, 0x0,
    0x0, 0x5f, 0xff, 0xf4, 0x2f, 0xff, 0xf6, 0x0,
    0x0, 0x0, 0x4, 0xff, 0xff, 0x44, 0xff, 0xff,
    0x60, 0x0, 0x0, 0x0, 0x4f, 0xff, 0xf4, 0x4f,
    0xff, 0xf6, 0x0, 0x0, 0x0, 0x4, 0xff, 0xff,
    0x44, 0xff, 0xff, 0x60, 0x0, 0x0, 0x0, 0x4f,
    0xff, 0xf4, 0x4f, 0xff, 0xf6, 0x0, 0x0, 0x0,
    0x4, 0xff, 0xff, 0x42, 0xff, 0xff, 0x70, 0x0,
    0x0, 0x0, 0x4f, 0xff, 0xf4, 0xf, 0xff, 0xfb,
    0x0, 0x0, 0x0, 0x4, 0xff, 0xff, 0x40, 0xdf,
    0xff, 0xf2, 0x0, 0x0, 0x0, 0x4f, 0xff, 0xf4,
    0x8, 0xff, 0xff, 0xd4, 0x0, 0x0, 0x4, 0xff,
    0xff, 0x40, 0x2f, 0xff, 0xff, 0xff, 0xf4, 0x0,
    0x4f, 0xff, 0xf4, 0x0, 0x7f, 0xff, 0xff, 0xff,
    0x40, 0x4, 0xff, 0xff, 0x40, 0x0, 0x7f, 0xff,
    0xff, 0xf4, 0x0, 0x4f, 0xff, 0xf4, 0x0, 0x0,
    0x28, 0xce, 0xff, 0x40, 0x4, 0xff, 0xff, 0x40,

    /* U+0E15 "ต" */
    0x0, 0x0, 0x3a, 0xef, 0x30, 0x1, 0xee, 0xb5,
    0x0, 0x0, 0x0, 0x7f, 0xff, 0xfe, 0x10, 0xcf,
    0xff, 0xfb, 0x0, 0x0, 0x6f, 0xff, 0xff, 0xfc,
    0xaf, 0xff, 0xff, 0xfa, 0x0, 0x1f, 0xff, 0xff,
    0xff, 0xff, 0xff, 0xff, 0xff, 0xf3, 0x6, 0xff,
    0xff, 0xb3, 0xdf, 0xfe, 0x4a, 0xff, 0xff, 0x80,
    0xbf, 0xff, 0xe0, 0x1, 0xef, 0x30, 0x1f, 0xff,
    0xfa, 0xf, 0xff, 0xfa, 0x0, 0x3, 0x50, 0x0,
    0xef, 0xff, 0xb1, 0xff, 0xff, 0x70, 0x0, 0x0,
    0x0, 0xe, 0xff, 0xfb, 0x3f, 0xff, 0xf6, 0x0,
    0x0, 0x0, 0x0, 0xef, 0xff, 0xb3, 0xff, 0xff,
    0x60, 0x0, 0x0, 0x0, 0xe, 0xff, 0xfb, 0x4f,
    0xff, 0xf6, 0x0, 0x0, 0x0, 0x0, 0xef, 0xff,
    0xb3, 0xff, 0xff, 0x60, 0x0, 0x0, 0x0, 0xe,
    0xff, 0xfb, 0x3f, 0xff, 0xf6, 0x0, 0x0, 0x0,
    0x0, 0xef, 0xff, 0xb1, 0xff, 0xff, 0x60, 0x0,
    0x0, 0x0, 0xe, 0xff, 0xfb, 0xf, 0xff, 0xf9,
    0x0, 0x0, 0x0, 0x0, 0xef, 0xff, 0xb0, 0xcf,
    0xff, 0xe0, 0x0, 0x0, 0x0, 0xe, 0xff, 0xfb,
    0x8, 0xff, 0xff, 0xb1, 0x0, 0x0, 0x0, 0xef,
    0xff, 0xb0, 0x2f, 0xff, 0xff, 0xfe, 0xd9, 0x0,
    0xe, 0xff, 0xfb, 0x0, 0x8f, 0xff, 0xff, 0xff,
    0xb0, 0x0, 0xef, 0xff, 0xb0, 0x0, 0x9f, 0xff,
    0xff, 0xfb, 0x0, 0xe, 0xff, 0xfb, 0x0, 0x0,
    0x39, 0xdf, 0xff, 0xb0, 0x0, 0xef, 0xff, 0xb0,

    /* U+0E16 "ถ" */
    0x0, 0x0, 0x28, 0xce, 0xff, 0xec, 0x82, 0x0,
    0x0, 0x0, 0x9, 0xff, 0xff, 0xff, 0xff, 0xff,
    0xa0, 0x0, 0x0, 0xcf, 0xff, 0xff, 0xff, 0xff,
    0xff, 0xfc, 0x0, 0x9, 0xff, 0xff, 0xfe, 0xcc,
    0xff, 0xff, 0xff, 0x90, 0x2f, 0xff, 0xfd, 0x30,
    0x0, 0x6, 0xff, 0xff, 0xf1, 0x7f, 0xff, 0xf2,
    0x0, 0x0, 0x0, 0x6f, 0xff, 0xf7, 0xbf, 0xff,
    0xa0, 0x0, 0x0, 0x0, 0xf, 0xff, 0xfa, 0xdf,
    0xff, 0xff, 0xff, 0xb0, 0x0, 0xc, 0xff, 0xfc,
    0xdf, 0xff, 0xff, 0xff, 0xb0, 0x0, 0xb, 0xff,
    0xfd, 0xef, 0xff, 0xff, 0xff, 0xb0, 0x0, 0xb,
    0xff, 0xfd, 0x22, 0x3a, 0xff, 0xb4, 0x20, 0x0,
    0xb, 0xff, 0xfd, 0x2, 0xef, 0xfb, 0x0, 0x0,
    0x0, 0xb, 0xff, 0xfd, 0xd, 0xff, 0xf4, 0x0,
    0x0, 0x0, 0xb, 0xff, 0xfd, 0x4f, 0xff, 0xf1,
    0x0, 0x0, 0x0, 0xb, 0xff, 0xfd, 0x7f, 0xff,
    0xf0, 0x0, 0x0, 0x0, 0xb, 0xff, 0xfd, 0x8f,
    0xff, 0xf0, 0x0, 0x0, 0x0, 0xb, 0xff, 0xfd,
    0x8f, 0xff, 0xf0, 0x0, 0x0, 0x0, 0xb, 0xff,
    0xfd, 0x6f, 0xff, 0xfb, 0xbb, 0x30, 0x0, 0xb,
    0xff, 0xfd, 0x1f, 0xff, 0xff, 0xff, 0x50, 0x0,
    0xb, 0xff, 0xfd, 0x7, 0xff, 0xff, 0xff, 0x50,
    0x0, 0xb, 0xff, 0xfd, 0x0, 0x5b, 0xff, 0xff,
    0x50, 0x0, 0xb, 0xff, 0xfd,

    /* U+0E17 "ท" */
    0x2f, 0xff, 0xf6, 0x0, 0x6c, 0xff, 0xeb, 0x50,
    0x0, 0x2f, 0xff, 0xf6, 0x1c, 0xff, 0xff, 0xff,
    0xfa, 0x0, 0x2f, 0xff, 0xf6, 0xbf, 0xff, 0xff,
    0xff, 0xff, 0x80, 0x2f, 0xff, 0xfb, 0xff, 0xff,
    0xff, 0xff, 0xff, 0xf2, 0x2f, 0xff, 0xff, 0xf7,
    0x20, 0x5, 0xef, 0xff, 0xf7, 0x2f, 0xff, 0xff,
    0x20, 0x0, 0x0, 0x4f, 0xff, 0xfb, 0x2f, 0xff,
    0xf8, 0x0, 0x0, 0x0, 0xd, 0xff, 0xfd, 0x2f,
    0xff, 0xf6, 0x0, 0x0, 0x0, 0xa, 0xff, 0xfe,
    0x2f, 0xff, 0xf6, 0x0, 0x0, 0x0, 0xa, 0xff,
    0xff, 0x2f, 0xff, 0xf6, 0x0, 0x0, 0x0, 0xa,
    0xff, 0xff, 0x2f, 0xff, 0xf6, 0x0, 0x0, 0x0,
    0xa, 0xff, 0xff, 0x2f, 0xff, 0xf6, 0x0, 0x0,
    0x0, 0xa, 0xff, 0xff, 0x2f, 0xff, 0xf6, 0x0,
    0x0, 0x0, 0xa, 0xff, 0xff, 0x2f, 0xff, 0xf6,
    0x0, 0x0, 0x0, 0xa, 0xff, 0xff, 0x2f, 0xff,
    0xf6, 0x0, 0x0, 0x0, 0xa, 0xff, 0xff, 0x2f,
    0xff, 0xf6, 0x0, 0x0, 0x0, 0xa, 0xff, 0xff,
    0x2f, 0xff, 0xf6, 0x0, 0x0, 0x0, 0xa, 0xff,
    0xff, 0x2f, 0xff, 0xf6, 0x0, 0x0, 0x0, 0xa,
    0xff, 0xff, 0x2f, 0xff, 0xf6, 0x0, 0x0, 0x0,
    0xa, 0xff, 0xff, 0x2f, 0xff, 0xf6, 0x0, 0x0,
    0x0, 0xa, 0xff, 0xff, 0x2f, 0xff, 0xf6, 0x0,
    0x0, 0x0, 0xa, 0xff, 0xff,

    /* U+0E18 "ธ" */
    0x0, 0x2, 0x8c, 0xef, 0xfe, 0xc9, 0x40, 0x0,
    0x0, 0x9, 0xff, 0xff, 0xff, 0xff, 0xff, 0xc3,
    0x0, 0xa, 0xff, 0xff, 0xff, 0xff, 0xff, 0xff,
    0xf4, 0x5, 0xff, 0xff, 0xff, 0xdd, 0xff, 0xff,
    0xff, 0xb0, 0xbf, 0xff, 0xf5, 0x0, 0x0, 0x3b,
    0xff, 0xa0, 0xd, 0xff, 0xf8, 0x0, 0x0, 0x0,
    0x7, 0x80, 0x0, 0xdf, 0xff, 0x60, 0x0, 0x0,
    0x0, 0x0, 0x0, 0xb, 0xff, 0xff, 0xec, 0xa8,
    0x63, 0x0, 0x0, 0x0, 0x3f, 0xff, 0xff, 0xff,
    0xff, 0xff, 0xa3, 0x0, 0x0, 0x4d, 0xff, 0xff,
    0xff, 0xff, 0xff, 0xf7, 0x0, 0x0, 0x3, 0x79,
    0xac, 0xef, 0xff, 0xff, 0xf5, 0x0, 0x0, 0x0,
    0x0, 0x0, 0x16, 0xff, 0xff, 0xd0, 0x5f, 0xff,
    0xb0, 0x0, 0x0, 0x5, 0xff, 0xff, 0x16, 0xff,
    0xfb, 0x0, 0x0, 0x0, 0x1f, 0xff, 0xf3, 0x6f,
    0xff, 0xb0, 0x0, 0x0, 0x1, 0xff, 0xff, 0x36,
    0xff, 0xfb, 0x0, 0x0, 0x0, 0x5f, 0xff, 0xf1,
    0x6f, 0xff, 0xd4, 0x0, 0x0, 0x4e, 0xff, 0xfe,
    0x6, 0xff, 0xff, 0xff, 0xed, 0xff, 0xff, 0xff,
    0x80, 0x5f, 0xff, 0xff, 0xff, 0xff, 0xff, 0xff,
    0xd0, 0x0, 0x6e, 0xff, 0xff, 0xff, 0xff, 0xff,
    0xb1, 0x0, 0x0, 0x4, 0x9c, 0xef, 0xff, 0xd9,
    0x40, 0x0, 0x0,

    /* U+0E19 "น" */
    0x6f, 0xff, 0xf3, 0x0, 0x0, 0x0, 0xe, 0xff,
    0xfa, 0x6f, 0xff, 0xf3, 0x0, 0x0, 0x0, 0xe,
    0xff, 0xfa, 0x6f, 0xff, 0xf3, 0x0, 0x0, 0x0,
    0xe, 0xff, 0xfa, 0x6f, 0xff, 0xf3, 0x0, 0x0,
    0x0, 0xe, 0xff, 0xfa, 0x6f, 0xff, 0xf3, 0x0,
    0x0, 0x0, 0xe, 0xff, 0xfa, 0x6f, 0xff, 0xf3,
    0x0, 0x0, 0x0, 0xe, 0xff, 0xfa, 0x6f, 0xff,
    0xf3, 0x0, 0x0, 0x0, 0xe, 0xff, 0xfa, 0x6f,
    0xff, 0xf3, 0x0, 0x0, 0x0, 0xe, 0xff, 0xfa,
    0x6f, 0xff, 0xf3, 0x0, 0x0, 0x0, 0xe, 0xff,
    0xfa, 0x6f, 0xff, 0xf3, 0x0, 0x0, 0x0, 0xe,
    0xff, 0xfa, 0x6f, 0xff, 0xf3, 0x0, 0x0, 0x0,
    0xe, 0xff, 0xfa, 0x6f, 0xff, 0xf3, 0x0, 0x0,
    0x0, 0xe, 0xff, 0xfa, 0x6f, 0xff, 0xf3, 0x0,
    0x0, 0x0, 0xe, 0xff, 0xfa, 0x5f, 0xff, 0xf4,
    0x0, 0x0, 0x0, 0xe, 0xff, 0xfa, 0x4f, 0xff,
    0xf7, 0x0, 0x0, 0x0, 0x1f, 0xff, 0xfa, 0x2f,
    0xff, 0xfd, 0x0, 0x0, 0x0, 0x9f, 0xff, 0xfa,
    0xe, 0xff, 0xff, 0xb2, 0x0, 0x4b, 0xff, 0xff,
    0xfa, 0x8, 0xff, 0xff, 0xff, 0xff, 0xff, 0xce,
    0xff, 0xfa, 0x1, 0xef, 0xff, 0xff, 0xff, 0xff,
    0x3e, 0xff, 0xfa, 0x0, 0x2e, 0xff, 0xff, 0xff,
    0xf6, 0xe, 0xff, 0xfa, 0x0, 0x1, 0x7c, 0xff,
    0xea, 0x20, 0xe, 0xff, 0xfa,

    /* U+0E1A "บ" */
    0x6f, 0xff, 0xf3, 0x0, 0x0, 0x0, 0xf, 0xff,
    0xf9, 0x6f, 0xff, 0xf3, 0x0, 0x0, 0x0, 0xf,
    0xff, 0xf9, 0x6f, 0xff, 0xf3, 0x0, 0x0, 0x0,
    0xf, 0xff, 0xf9, 0x6f, 0xff, 0xf3, 0x0, 0x0,
    0x0, 0xf, 0xff, 0xf9, 0x6f, 0xff, 0xf3, 0x0,
    0x0, 0x0, 0xf, 0xff, 0xf9, 0x6f, 0xff, 0xf3,
    0x0, 0x0, 0x0, 0xf, 0xff, 0xf9, 0x6f, 0xff,
    0xf3, 0x0, 0x0, 0x0, 0xf, 0xff, 0xf9, 0x6f,
    0xff, 0xf3, 0x0, 0x0, 0x0, 0xf, 0xff, 0xf9,
    0x6f, 0xff, 0xf3, 0x0, 0x0, 0x0, 0xf, 0xff,
    0xf9, 0x6f, 0xff, 0xf3, 0x0, 0x0, 0x0, 0xf,
    0xff, 0xf9, 0x6f, 0xff, 0xf3, 0x0, 0x0, 0x0,
    0xf, 0xff, 0xf9, 0x6f, 0xff, 0xf3, 0x0, 0x0,
    0x0, 0xf, 0xff, 0xf9, 0x5f, 0xff, 0xf3, 0x0,
    0x0, 0x0, 0xf, 0xff, 0xf9, 0x5f, 0xff, 0xf4,
    0x0, 0x0, 0x0, 0xf, 0xff, 0xf8, 0x3f, 0xff,
    0xf7, 0x0, 0x0, 0x0, 0x3f, 0xff, 0xf6, 0xf,
    0xff, 0xfd, 0x0, 0x0, 0x0, 0x9f, 0xff, 0xf3,
    0xb, 0xff, 0xff, 0xb2, 0x0, 0x18, 0xff, 0xff,
    0xe0, 0x4, 0xff, 0xff, 0xff, 0xfe, 0xff, 0xff,
    0xff, 0x80, 0x0, 0x9f, 0xff, 0xff, 0xff, 0xff,
    0xff, 0xfd, 0x0, 0x0, 0x8, 0xff, 0xff, 0xff,
    0xff, 0xff, 0xb1, 0x0, 0x0, 0x0, 0x28, 0xce,
    0xff, 0xfd, 0x94, 0x0, 0x0,

    /* U+0E1B "ป" */
    0x0, 0x0, 0x0, 0x0, 0x0, 0x0, 0xf, 0xff,
    0xf9, 0x0, 0x0, 0x0, 0x0, 0x0, 0x0, 0xf,
    0xff, 0xf9, 0x0, 0x0, 0x0, 0x0, 0x0, 0x0,
    0xf, 0xff, 0xf9, 0x0, 0x0, 0x0, 0x0, 0x0,
    0x0, 0xf, 0xff, 0xf9, 0x0, 0x0, 0x0, 0x0,
    0x0, 0x0, 0xf, 0xff, 0xf9, 0x0, 0x0, 0x0,
    0x0, 0x0, 0x0, 0xf, 0xff, 0xf9, 0x0, 0x0,
    0x0, 0x0, 0x0, 0x0, 0xf, 0xff, 0xf9, 0x6f,
    0xff, 0xf3, 0x0, 0x0, 0x0, 0xf, 0xff, 0xf9,
    0x6f, 0xff, 0xf3, 0x0, 0x0, 0x0, 0xf, 0xff,
    0xf9, 0x6f, 0xff, 0xf3, 0x0, 0x0, 0x0, 0xf,
    0xff, 0xf9, 0x6f, 0xff, 0xf3, 0x0, 0x0, 0x0,
    0xf, 0xff, 0xf9, 0x6f, 0xff, 0xf3, 0x0, 0x0,
    0x0, 0xf, 0xff, 0xf9, 0x6f, 0xff, 0xf3, 0x0,
    0x0, 0x0, 0xf, 0xff, 0xf9, 0x6f, 0xff, 0xf3,
    0x0, 0x0, 0x0, 0xf, 0xff, 0xf9, 0x6f, 0xff,
    0xf3, 0x0, 0x0, 0x0, 0xf, 0xff, 0xf9, 0x6f,
    0xff, 0xf3, 0x0, 0x0, 0x0, 0xf, 0xff, 0xf9,
    0x6f, 0xff, 0xf3, 0x0, 0x0, 0x0, 0xf, 0xff,
    0xf9, 0x6f, 0xff, 0xf3, 0x0, 0x0, 0x0, 0xf,
    0xff, 0xf9, 0x6f, 0xff, 0xf3, 0x0, 0x0, 0x0,
    0xf, 0xff, 0xf9, 0x5f, 0xff, 0xf3, 0x0, 0x0,
    0x0, 0xf, 0xff, 0xf9, 0x5f, 0xff, 0xf4, 0x0,
    0x0, 0x0, 0xf, 0xff, 0xf8, 0x3f, 0xff, 0xf7,
    0x0, 0x0, 0x0, 0x3f, 0xff, 0xf6, 0xf, 0xff,
    0xfd, 0x0, 0x0, 0x0, 0x9f, 0xff, 0xf3, 0xb,
    0xff, 0xff, 0xb2, 0x0, 0x18, 0xff, 0xff, 0xe0,
    0x4, 0xff, 0xff, 0xff, 0xfe, 0xff, 0xff, 0xff,
    0x80, 0x0, 0x9f, 0xff, 0xff, 0xff, 0xff, 0xff,
    0xfd, 0x0, 0x0, 0x8, 0xff, 0xff, 0xff, 0xff,
    0xff, 0xb1, 0x0, 0x0, 0x0, 0x28, 0xce, 0xff,
    0xfd, 0x94, 0x0, 0x0,

    /* U+0E1C "ผ" */
    0x0, 0x6c, 0xff, 0xff, 0xb0, 0x0, 0x0, 0xef,
    0xff, 0xa0, 0x7f, 0xff, 0xff, 0xfb, 0x0, 0x0,
    0xe, 0xff, 0xfa, 0xe, 0xff, 0xff, 0xff, 0xb0,
    0x0, 0x0, 0xef, 0xff, 0xa2, 0xff, 0xff, 0xcb,
    0xb7, 0x0, 0x0, 0xe, 0xff, 0xfa, 0x4f, 0xff,
    0xf3, 0x0, 0x0, 0x0, 0x0, 0xef, 0xff, 0xa4,
    0xff, 0xff, 0x30, 0x0, 0x0, 0x0, 0xe, 0xff,
    0xfa, 0x4f, 0xff, 0xf3, 0x0, 0x0, 0x0, 0x0,
    0xef, 0xff, 0xa4, 0xff, 0xff, 0x30, 0x0, 0x0,
    0x0, 0xe, 0xff, 0xfa, 0x4f, 0xff, 0xf3, 0x0,
    0x0, 0x0, 0x0, 0xef, 0xff, 0xa4, 0xff, 0xff,
    0x30, 0x0, 0x40, 0x0, 0xe, 0xff, 0xfa, 0x4f,
    0xff, 0xf3, 0x0, 0x2f, 0x60, 0x0, 0xef, 0xff,
    0xa4, 0xff, 0xff, 0x30, 0xb, 0xff, 0x10, 0xe,
    0xff, 0xfa, 0x4f, 0xff, 0xf3, 0x6, 0xff, 0xfb,
    0x0, 0xef, 0xff, 0xa4, 0xff, 0xff, 0x31, 0xff,
    0xff, 0xf5, 0xe, 0xff, 0xfa, 0x4f, 0xff, 0xf3,
    0xaf, 0xfb, 0xff, 0xe1, 0xef, 0xff, 0xa4, 0xff,
    0xff, 0x9f, 0xfd, 0x9, 0xff, 0xae, 0xff, 0xfa,
    0x4f, 0xff, 0xff, 0xff, 0x40, 0xe, 0xff, 0xff,
    0xff, 0xa4, 0xff, 0xff, 0xff, 0xa0, 0x0, 0x5f,
    0xff, 0xff, 0xfa, 0x4f, 0xff, 0xff, 0xe1, 0x0,
    0x0, 0xaf, 0xff, 0xff, 0xa4, 0xff, 0xff, 0xf6,
    0x0, 0x0, 0x1, 0xff, 0xff, 0xfa, 0x4f, 0xff,
    0xfb, 0x0, 0x0, 0x0, 0x6, 0xff, 0xff, 0xa0,

    /* U+0E1D "ฝ" */
    0x0, 0x0, 0x0, 0x0, 0x0, 0x0, 0x0, 0xff,
    0xff, 0xa0, 0x0, 0x0, 0x0, 0x0, 0x0, 0x0,
    0xf, 0xff, 0xfa, 0x0, 0x0, 0x0, 0x0, 0x0,
    0x0, 0x0, 0xff, 0xff, 0xa0, 0x0, 0x0, 0x0,
    0x0, 0x0, 0x0, 0xf, 0xff, 0xfa, 0x0, 0x0,
    0x0, 0x0, 0x0, 0x0, 0x0, 0xff, 0xff, 0xa0,
    0x0, 0x0, 0x0, 0x0, 0x0, 0x0, 0xf, 0xff,
    0xfa, 0x0, 0x0, 0x0, 0x0, 0x0, 0x0, 0x0,
    0xff, 0xff, 0xa0, 0x6, 0xcf, 0xff, 0xfb, 0x0,
    0x0, 0xf, 0xff, 0xfa, 0x6, 0xff, 0xff, 0xff,
    0xb0, 0x0, 0x0, 0xff, 0xff, 0xa0, 0xef, 0xff,
    0xff, 0xfb, 0x0, 0x0, 0xf, 0xff, 0xfa, 0x2f,
    0xff, 0xfc, 0xbb, 0x70, 0x0, 0x0, 0xff, 0xff,
    0xa4, 0xff, 0xff, 0x40, 0x0, 0x0, 0x0, 0xf,
    0xff, 0xfa, 0x4f, 0xff, 0xf4, 0x0, 0x0, 0x0,
    0x0, 0xff, 0xff, 0xa4, 0xff, 0xff, 0x40, 0x0,
    0x0, 0x0, 0xf, 0xff, 0xfa, 0x4f, 0xff, 0xf4,
    0x0, 0x0, 0x0, 0x0, 0xff, 0xff, 0xa4, 0xff,
    0xff, 0x40, 0x0, 0x0, 0x0, 0xf, 0xff, 0xfa,
    0x4f, 0xff, 0xf4, 0x0, 0x4, 0x0, 0x0, 0xff,
    0xff, 0xa4, 0xff, 0xff, 0x40, 0x2, 0xf7, 0x0,
    0xf, 0xff, 0xfa, 0x4f, 0xff, 0xf4, 0x0, 0xcf,
    0xf2, 0x0, 0xff, 0xff, 0xa4, 0xff, 0xff, 0x40,
    0x6f, 0xff, 0xb0, 0xf, 0xff, 0xfa, 0x4f, 0xff,
    0xf4, 0x1f, 0xff, 0xff, 0x60, 0xff, 0xff, 0xa4,
    0xff, 0xff, 0x4b, 0xff, 0xbf, 0xfe, 0x1f, 0xff,
    0xfa, 0x4f, 0xff, 0xf9, 0xff, 0xd0, 0x9f, 0xfa,
    0xff, 0xff, 0xa4, 0xff, 0xff, 0xff, 0xf4, 0x0,
    0xef, 0xff, 0xff, 0xfa, 0x4f, 0xff, 0xff, 0xfa,
    0x0, 0x5, 0xff, 0xff, 0xff, 0xa4, 0xff, 0xff,
    0xfe, 0x10, 0x0, 0xb, 0xff, 0xff, 0xfa, 0x4f,
    0xff, 0xff, 0x60, 0x0, 0x0, 0x1f, 0xff, 0xff,
    0xa4, 0xff, 0xff, 0xc0, 0x0, 0x0, 0x0, 0x7f,
    0xff, 0xfa,

    /* U+0E1E "พ" */
    0x2f, 0xff, 0xf3, 0x0, 0x0, 0xff, 0xff, 0x80,
    0x0, 0x9, 0xff, 0xfb, 0xf, 0xff, 0xf4, 0x0,
    0x2, 0xff, 0xff, 0xc0, 0x0, 0xa, 0xff, 0xf9,
    0xd, 0xff, 0xf6, 0x0, 0x5, 0xff, 0xff, 0xf0,
    0x0, 0xc, 0xff, 0xf7, 0xb, 0xff, 0xf7, 0x0,
    0x9, 0xff, 0xff, 0xf2, 0x0, 0xd, 0xff, 0xf5,
    0x9, 0xff, 0xf9, 0x0, 0xc, 0xff, 0xff, 0xf6,
    0x0, 0xf, 0xff, 0xf2, 0x7, 0xff, 0xfa, 0x0,
    0xf, 0xff, 0xdf, 0xf9, 0x0, 0xf, 0xff, 0xf0,
    0x5, 0xff, 0xfb, 0x0, 0x3f, 0xff, 0x6f, 0xfc,
    0x0, 0x2f, 0xff, 0xe0, 0x2, 0xff, 0xfd, 0x0,
    0x6f, 0xfc, 0x2f, 0xff, 0x0, 0x3f, 0xff, 0xc0,
    0x0, 0xff, 0xfe, 0x0, 0xaf, 0xf9, 0xf, 0xff,
    0x30, 0x5f, 0xff, 0x90, 0x0, 0xef, 0xff, 0x0,
    0xdf, 0xf5, 0xc, 0xff, 0x60, 0x6f, 0xff, 0x70,
    0x0, 0xcf, 0xff, 0x11, 0xff, 0xf2, 0x8, 0xff,
    0xa0, 0x8f, 0xff, 0x50, 0x0, 0x9f, 0xff, 0x34,
    0xff, 0xf0, 0x5, 0xff, 0xd0, 0x9f, 0xff, 0x30,
    0x0, 0x7f, 0xff, 0x47, 0xff, 0xb0, 0x2, 0xff,
    0xf0, 0xaf, 0xff, 0x10, 0x0, 0x5f, 0xff, 0x5b,
    0xff, 0x80, 0x0, 0xef, 0xf4, 0xcf, 0xfe, 0x0,
    0x0, 0x3f, 0xff, 0x7e, 0xff, 0x50, 0x0, 0xbf,
    0xf7, 0xdf, 0xfc, 0x0, 0x0, 0x1f, 0xff, 0xaf,
    0xff, 0x10, 0x0, 0x7f, 0xfa, 0xff, 0xfa, 0x0,
    0x0, 0xe, 0xff, 0xff, 0xfe, 0x0, 0x0, 0x4f,
    0xff, 0xff, 0xf8, 0x0, 0x0, 0xc, 0xff, 0xff,
    0xfa, 0x0, 0x0, 0x1f, 0xff, 0xff, 0xf6, 0x0,
    0x0, 0xa, 0xff, 0xff, 0xf7, 0x0, 0x0, 0xd,
    0xff, 0xff, 0xf3, 0x0, 0x0, 0x8, 0xff, 0xff,
    0xf4, 0x0, 0x0, 0xa, 0xff, 0xff, 0xf1, 0x0,
    0x0, 0x6, 0xff, 0xff, 0xf0, 0x0, 0x0, 0x7,
    0xff, 0xff, 0xf0, 0x0,

    /* U+0E1F "ฟ" */
    0x0, 0x0, 0x0, 0x0, 0x0, 0x0, 0x0, 0x0,
    0x0, 0xc, 0xff, 0xf9, 0x0, 0x0, 0x0, 0x0,
    0x0, 0x0, 0x0, 0x0, 0x0, 0xd, 0xff, 0xf7,
    0x0, 0x0, 0x0, 0x0, 0x0, 0x0, 0x0, 0x0,
    0x0, 0xe, 0xff, 0xf5, 0x0, 0x0, 0x0, 0x0,
    0x0, 0x0, 0x0, 0x0, 0x0, 0xf, 0xff, 0xf3,
    0x0, 0x0, 0x0, 0x0, 0x0, 0x0, 0x0, 0x0,
    0x0, 0x1f, 0xff, 0xf1, 0x0, 0x0, 0x0, 0x0,
    0x0, 0x0, 0x0, 0x0, 0x0, 0x2f, 0xff, 0xf0,
    0x0, 0x0, 0x0, 0x0, 0x0, 0x0, 0x0, 0x0,
    0x0, 0x3f, 0xff, 0xe0, 0x3f, 0xff, 0xf1, 0x0,
    0x3, 0xff, 0xff, 0x40, 0x0, 0x4f, 0xff, 0xc0,
    0x1f, 0xff, 0xf2, 0x0, 0x6, 0xff, 0xff, 0x70,
    0x0, 0x6f, 0xff, 0xa0, 0xf, 0xff, 0xf4, 0x0,
    0x9, 0xff, 0xff, 0xa0, 0x0, 0x7f, 0xff, 0x80,
    0xd, 0xff, 0xf5, 0x0, 0xc, 0xff, 0xff, 0xd0,
    0x0, 0x8f, 0xff, 0x60, 0xb, 0xff, 0xf6, 0x0,
    0xf, 0xff, 0xff, 0xf1, 0x0, 0x9f, 0xff, 0x50,
    0x8, 0xff, 0xf8, 0x0, 0x3f, 0xff, 0xef, 0xf4,
    0x0, 0xaf, 0xff, 0x30, 0x6, 0xff, 0xf9, 0x0,
    0x6f, 0xfc, 0xaf, 0xf7, 0x0, 0xcf, 0xff, 0x10,
    0x4, 0xff, 0xfb, 0x0, 0x9f, 0xf8, 0x7f, 0xfa,
    0x0, 0xdf, 0xff, 0x0, 0x2, 0xff, 0xfc, 0x0,
    0xcf, 0xf5, 0x4f, 0xfd, 0x0, 0xef, 0xfd, 0x0,
    0x0, 0xff, 0xfe, 0x0, 0xff, 0xf2, 0x1f, 0xff,
    0x0, 0xff, 0xfb, 0x0, 0x0, 0xdf, 0xff, 0x3,
    0xff, 0xf0, 0xd, 0xff, 0x30, 0xff, 0xfa, 0x0,
    0x0, 0xbf, 0xff, 0x16, 0xff, 0xc0, 0xa, 0xff,
    0x72, 0xff, 0xf8, 0x0, 0x0, 0x9f, 0xff, 0x29,
    0xff, 0x80, 0x7, 0xff, 0xa3, 0xff, 0xf6, 0x0,
    0x0, 0x6f, 0xff, 0x4c, 0xff, 0x50, 0x4, 0xff,
    0xd4, 0xff, 0xf4, 0x0, 0x0, 0x4f, 0xff, 0x6f,
    0xff, 0x20, 0x1, 0xff, 0xf6, 0xff, 0xf2, 0x0,
    0x0, 0x2f, 0xff, 0xaf, 0xff, 0x0, 0x0, 0xef,
    0xfa, 0xff, 0xf0, 0x0, 0x0, 0xf, 0xff, 0xff,
    0xfb, 0x0, 0x0, 0xaf, 0xff, 0xff, 0xf0, 0x0,
    0x0, 0xe, 0xff, 0xff, 0xf8, 0x0, 0x0, 0x7f,
    0xff, 0xff, 0xd0, 0x0, 0x0, 0xb, 0xff, 0xff,
    0xf5, 0x0, 0x0, 0x4f, 0xff, 0xff, 0xb0, 0x0,
    0x0, 0x9, 0xff, 0xff, 0xf2, 0x0, 0x0, 0x1f,
    0xff, 0xff, 0x90, 0x0, 0x0, 0x7, 0xff, 0xff,
    0xe0, 0x0, 0x0, 0xe, 0xff, 0xff, 0x70, 0x0,

    /* U+0E20 "ภ" */
    0x0, 0x0, 0x1, 0x7b, 0xef, 0xff, 0xda, 0x50,
    0x0, 0x0, 0x0, 0x0, 0x7f, 0xff, 0xff, 0xff,
    0xff, 0xfd, 0x30, 0x0, 0x0, 0x9, 0xff, 0xff,
    0xff, 0xff, 0xff, 0xff, 0xf3, 0x0, 0x0, 0x6f,
    0xff, 0xff, 0xec, 0xce, 0xff, 0xff, 0xfe, 0x0,
    0x0, 0xef, 0xff, 0xe5, 0x0, 0x0, 0x4e, 0xff,
    0xff, 0x70, 0x4, 0xff, 0xff, 0x30, 0x0, 0x0,
    0x2, 0xff, 0xff, 0xd0, 0x8, 0xff, 0xfd, 0x0,
    0x0, 0x0, 0x0, 0xaf, 0xff, 0xf0, 0xa, 0xff,
    0xff, 0xff, 0xff, 0x0, 0x0, 0x6f, 0xff, 0xf2,
    0xb, 0xff, 0xff, 0xff, 0xff, 0x0, 0x0, 0x6f,
    0xff, 0xf3, 0xb, 0xff, 0xff, 0xff, 0xff, 0x0,
    0x0, 0x6f, 0xff, 0xf3, 0x0, 0x0, 0x1a, 0xff,
    0x70, 0x0, 0x0, 0x6f, 0xff, 0xf3, 0x0, 0x0,
    0xdf, 0xfc, 0x0, 0x0, 0x0, 0x6f, 0xff, 0xf3,
    0x0, 0x7, 0xff, 0xf8, 0x0, 0x0, 0x0, 0x6f,
    0xff, 0xf3, 0x0, 0xc, 0xff, 0xf6, 0x0, 0x0,
    0x0, 0x6f, 0xff, 0xf3, 0x0, 0xe, 0xff, 0xf6,
    0x0, 0x0, 0x0, 0x6f, 0xff, 0xf3, 0x0, 0xf,
    0xff, 0xf6, 0x0, 0x0, 0x0, 0x6f, 0xff, 0xf3,
    0x0, 0xf, 0xff, 0xf6, 0x0, 0x0, 0x0, 0x6f,
    0xff, 0xf3, 0x5a, 0xaf, 0xff, 0xf5, 0x0, 0x0,
    0x0, 0x6f, 0xff, 0xf3, 0x8f, 0xff, 0xff, 0xf2,
    0x0, 0x0, 0x0, 0x6f, 0xff, 0xf3, 0x8f, 0xff,
    0xff, 0xc0, 0x0, 0x0, 0x0, 0x6f, 0xff, 0xf3,
    0x8f, 0xff, 0xe9, 0x10, 0x0, 0x0, 0x0, 0x6f,
    0xff, 0xf3,

    /* U+0E21 "ม" */
    0x2f, 0xff, 0xf6, 0x0, 0x0, 0x0, 0xa, 0xff,
    0xff, 0x2f, 0xff, 0xf6, 0x0, 0x0, 0x0, 0xa,
    0xff, 0xff, 0x2f, 0xff, 0xf6, 0x0, 0x0, 0x0,
    0xa, 0xff, 0xff, 0x2f, 0xff, 0xf6, 0x0, 0x0,
    0x0, 0xa, 0xff, 0xff, 0x2f, 0xff, 0xf6, 0x0,
    0x0, 0x0, 0xa, 0xff, 0xff, 0x2f, 0xff, 0xf6,
    0x0, 0x0, 0x0, 0xa, 0xff, 0xff, 0x2f, 0xff,
    0xf6, 0x0, 0x0, 0x0, 0xa, 0xff, 0xff, 0x2f,
    0xff, 0xf6, 0x0, 0x0, 0x0, 0xa, 0xff, 0xff,
    0x2f, 0xff, 0xf6, 0x0, 0x0, 0x0, 0xa, 0xff,
    0xff, 0x2f, 0xff, 0xf6, 0x0, 0x0, 0x0, 0xa,
    0xff, 0xff, 0x2f, 0xff, 0xf6, 0x0, 0x0, 0x0,
    0xa, 0xff, 0xff, 0x2f, 0xff, 0xf6, 0x0, 0x0,
    0x0, 0xa, 0xff, 0xff, 0x2f, 0xff, 0xf6, 0x0,
    0x0, 0x0, 0xa, 0xff, 0xff, 0x2f, 0xff, 0xf6,
    0x0, 0x0, 0x0, 0xb, 0xff, 0xfe, 0x2f, 0xff,
    0xf8, 0x0, 0x0, 0x0, 0xd, 0xff, 0xfe, 0x2f,
    0xff, 0xff, 0x20, 0x0, 0x0, 0x4f, 0xff, 0xfc,
    0x2f, 0xff, 0xff, 0xe7, 0x20, 0x5, 0xef, 0xff,
    0xf8, 0x2f, 0xff, 0xfc, 0xff, 0xff, 0xff, 0xff,
    0xff, 0xf3, 0x2f, 0xff, 0xf6, 0xcf, 0xff, 0xff,
    0xff, 0xff, 0xa0, 0x2f, 0xff, 0xf6, 0x1d, 0xff,
    0xff, 0xff, 0xfc, 0x0, 0x2f, 0xff, 0xf6, 0x0,
    0x7c, 0xff, 0xeb, 0x50, 0x0,

    /* U+0E22 "ย" */
    0x0, 0x2a, 0xef, 0xff, 0xf4, 0x0, 0x9, 0xff,
    0xff, 0x0, 0x1e, 0xff, 0xff, 0xff, 0x40, 0x0,
    0x9f, 0xff, 0xf0, 0x7, 0xff, 0xff, 0xff, 0xf4,
    0x0, 0x9, 0xff, 0xff, 0x0, 0x9f, 0xff, 0xd9,
    0x99, 0x20, 0x0, 0x9f, 0xff, 0xf0, 0x8, 0xff,
    0xfa, 0x0, 0x0, 0x0, 0x9, 0xff, 0xff, 0x0,
    0x3f, 0xff, 0xd0, 0x0, 0x0, 0x0, 0x9f, 0xff,
    0xf0, 0x0, 0x6f, 0xff, 0x50, 0x0, 0x0, 0x9,
    0xff, 0xff, 0x0, 0x0, 0x29, 0xdf, 0x50, 0x0,
    0x0, 0x9f, 0xff, 0xf0, 0x0, 0x19, 0xef, 0xff,
    0xfa, 0x0, 0x9, 0xff, 0xff, 0x0, 0xd, 0xff,
    0xff, 0xff, 0xa0, 0x0, 0x9f, 0xff, 0xf0, 0x7,
    0xff, 0xff, 0xff, 0xfa, 0x0, 0x9, 0xff, 0xff,
    0x0, 0xdf, 0xff, 0xb4, 0x44, 0x30, 0x0, 0x9f,
    0xff, 0xf0, 0xf, 0xff, 0xf9, 0x0, 0x0, 0x0,
    0x9, 0xff, 0xff, 0x0, 0xff, 0xff, 0x90, 0x0,
    0x0, 0x0, 0x9f, 0xff, 0xf0, 0xf, 0xff, 0xfc,
    0x0, 0x0, 0x0, 0xc, 0xff, 0xfd, 0x0, 0xdf,
    0xff, 0xf3, 0x0, 0x0, 0x3, 0xff, 0xff, 0xa0,
    0x8, 0xff, 0xff, 0xe5, 0x0, 0x4, 0xef, 0xff,
    0xf5, 0x0, 0x2f, 0xff, 0xff, 0xff, 0xef, 0xff,
    0xff, 0xfe, 0x0, 0x0, 0x6f, 0xff, 0xff, 0xff,
    0xff, 0xff, 0xff, 0x40, 0x0, 0x0, 0x5e, 0xff,
    0xff, 0xff, 0xff, 0xfe, 0x40, 0x0, 0x0, 0x0,
    0x6, 0xad, 0xff, 0xfe, 0xb6, 0x0, 0x0, 0x0,

    /* U+0E23 "ร" */
    0x0, 0x0, 0x17, 0xbe, 0xff, 0xeb, 0x60, 0x0,
    0x0, 0x0, 0x6f, 0xff, 0xff, 0xff, 0xff, 0xe5,
    0x0, 0x0, 0x6f, 0xff, 0xff, 0xff, 0xff, 0xff,
    0xf6, 0x0, 0x1f, 0xff, 0xff, 0xfd, 0xef, 0xff,
    0xff, 0xe0, 0x6, 0xff, 0xff, 0x70, 0x0, 0x29,
    0xff, 0xc1, 0x0, 0x8f, 0xff, 0xc0, 0x0, 0x0,
    0x5, 0xa0, 0x0, 0x9, 0xff, 0xfc, 0x0, 0x0,
    0x0, 0x0, 0x0, 0x0, 0x7f, 0xff, 0xf5, 0x0,
    0x0, 0x0, 0x0, 0x0, 0x2, 0xff, 0xff, 0xfc,
    0x96, 0x41, 0x0, 0x0, 0x0, 0x9, 0xff, 0xff,
    0xff, 0xff, 0xfd, 0x60, 0x0, 0x0, 0x7, 0xff,
    0xff, 0xff, 0xff, 0xff, 0xb0, 0x0, 0x0, 0x1,
    0x7b, 0xff, 0xff, 0xff, 0xff, 0x90, 0x0, 0x0,
    0x0, 0x0, 0x14, 0x9f, 0xff, 0xff, 0x10, 0x0,
    0x0, 0x0, 0x0, 0x0, 0x4f, 0xff, 0xf4, 0x0,
    0x16, 0x0, 0x0, 0x0, 0x0, 0xef, 0xff, 0x60,
    0x1d, 0xf8, 0x0, 0x0, 0x0, 0xf, 0xff, 0xf5,
    0x2e, 0xff, 0xfc, 0x40, 0x0, 0x1b, 0xff, 0xff,
    0x22, 0xff, 0xff, 0xff, 0xfd, 0xef, 0xff, 0xff,
    0xc0, 0x3, 0xef, 0xff, 0xff, 0xff, 0xff, 0xff,
    0xf2, 0x0, 0x1, 0xaf, 0xff, 0xff, 0xff, 0xff,
    0xd3, 0x0, 0x0, 0x0, 0x38, 0xce, 0xff, 0xea,
    0x50, 0x0, 0x0,

    /* U+0E24 "ฤ" */
    0x0, 0x0, 0x28, 0xce, 0xff, 0xec, 0x82, 0x0,
    0x0, 0x0, 0x9, 0xff, 0xff, 0xff, 0xff, 0xff,
    0xa0, 0x0, 0x0, 0xcf, 0xff, 0xff, 0xff, 0xff,
    0xff, 0xfc, 0x0, 0x9, 0xff, 0xff, 0xfe, 0xcc,
    0xff, 0xff, 0xff, 0x90, 0x2f, 0xff, 0xfd, 0x30,
    0x0, 0x7, 0xff, 0xff, 0xf1, 0x7f, 0xff, 0xf2,
    0x0, 0x0, 0x0, 0x7f, 0xff, 0xf7, 0xbf, 0xff,
    0xa0, 0x0, 0x0, 0x0, 0xf, 0xff, 0xfa, 0xdf,
    0xff, 0xff, 0xff, 0xb0, 0x0, 0xc, 0xff, 0xfc,
    0xdf, 0xff, 0xff, 0xff, 0xb0, 0x0, 0xb, 0xff,
    0xfd, 0xef, 0xff, 0xff, 0xff, 0xb0, 0x0, 0xb,
    0xff, 0xfd, 0x33, 0x4a, 0xff, 0xc6, 0x20, 0x0,
    0xb, 0xff, 0xfd, 0x1, 0xdf, 0xfc, 0x0, 0x0,
    0x0, 0xb, 0xff, 0xfd, 0xc, 0xff, 0xf5, 0x0,
    0x0, 0x0, 0xb, 0xff, 0xfd, 0x3f, 0xff, 0xf1,
    0x0, 0x0, 0x0, 0xb, 0xff, 0xfd, 0x7f, 0xff,
    0xf0, 0x0, 0x0, 0x0, 0xb, 0xff, 0xfd, 0x8f,
    0xff, 0xf0, 0x0, 0x0, 0x0, 0xb, 0xff, 0xfd,
    0x8f, 0xff, 0xf0, 0x0, 0x0, 0x0, 0xb, 0xff,
    0xfd, 0x6f, 0xff, 0xfb, 0xbb, 0x30, 0x0, 0xb,
    0xff, 0xfd, 0x1f, 0xff, 0xff, 0xff, 0x50, 0x0,
    0xb, 0xff, 0xfd, 0x7, 0xff, 0xff, 0xff, 0x50,
    0x0, 0xb, 0xff, 0xfd, 0x0, 0x5b, 0xff, 0xff,
    0x50, 0x0, 0xb, 0xff, 0xfd, 0x0, 0x0, 0x0,
    0x0, 0x0, 0x0, 0xb, 0xff, 0xfd, 0x0, 0x0,
    0x0, 0x0, 0x0, 0x0, 0xb, 0xff, 0xfd, 0x0,
    0x0, 0x0, 0x0, 0x0, 0x0, 0xb, 0xff, 0xfd,
    0x0, 0x0, 0x0, 0x0, 0x0, 0x0, 0xb, 0xff,
    0xfd, 0x0, 0x0, 0x0, 0x0, 0x0, 0x0, 0xb,
    0xff, 0xfd, 0x0, 0x0, 0x0, 0x0, 0x0, 0x0,
    0xb, 0xff, 0xfd, 0x0, 0x0, 0x0, 0x0, 0x0,
    0x0, 0xb, 0xff, 0xfd, 0x0, 0x0, 0x0, 0x0,
    0x0, 0x0, 0xb, 0xff, 0xfd,

    /* U+0E25 "ล" */
    0x0, 0x0, 0x17, 0xbe, 0xff, 0xec, 0x83, 0x0,
    0x0, 0x0, 0x8, 0xff, 0xff, 0xff, 0xff, 0xff,
    0xa0, 0x0, 0x0, 0xbf, 0xff, 0xff, 0xff, 0xff,
    0xff, 0xfc, 0x0, 0xa, 0xff, 0xff, 0xff, 0xee,
    0xff, 0xff, 0xff, 0x70, 0x8, 0xff, 0xfd, 0x40,
    0x0, 0x19, 0xff, 0xff, 0xe0, 0x0, 0x7f, 0xc0,
    0x0, 0x0, 0x0, 0xbf, 0xff, 0xf2, 0x0, 0x5,
    0x0, 0x0, 0x0, 0x0, 0x4f, 0xff, 0xf5, 0x0,
    0x0, 0x0, 0x0, 0x0, 0x0, 0x2f, 0xff, 0xf6,
    0x0, 0x0, 0x0, 0x0, 0x0, 0x0, 0x2f, 0xff,
    0xf6, 0x0, 0x1, 0x8c, 0xef, 0xff, 0xff, 0xff,
    0xff, 0xf6, 0x0, 0x6f, 0xff, 0xff, 0xff, 0xff,
    0xff, 0xff, 0xf6, 0x5, 0xff, 0xff, 0xff, 0xff,
    0xff, 0xff, 0xff, 0xf6, 0xe, 0xff, 0xff, 0xa6,
    0x55, 0x55, 0x6f, 0xff, 0xf6, 0x3f, 0xff, 0xf7,
    0x0, 0x0, 0x0, 0x2f, 0xff, 0xf6, 0x5f, 0xff,
    0xf2, 0x0, 0x0, 0x0, 0x2f, 0xff, 0xf6, 0x5f,
    0xff, 0xf3, 0x0, 0x0, 0x0, 0x2f, 0xff, 0xf6,
    0x3f, 0xff, 0xfb, 0x10, 0x0, 0x0, 0x2f, 0xff,
    0xf6, 0xe, 0xff, 0xff, 0xfd, 0xcb, 0x0, 0x2f,
    0xff, 0xf6, 0x6, 0xff, 0xff, 0xff, 0xfe, 0x0,
    0x2f, 0xff, 0xf6, 0x0, 0x7f, 0xff, 0xff, 0xfe,
    0x0, 0x2f, 0xff, 0xf6, 0x0, 0x2, 0x9d, 0xff,
    0xfe, 0x0, 0x2f, 0xff, 0xf6,

    /* U+0E26 "ฦ" */
    0x0, 0x0, 0x1, 0x7b, 0xef, 0xff, 0xd9, 0x40,
    0x0, 0x0, 0x0, 0x0, 0x7f, 0xff, 0xff, 0xff,
    0xff, 0xfd, 0x30, 0x0, 0x0, 0x9, 0xff, 0xff,
    0xff, 0xff, 0xff, 0xff, 0xf3, 0x0, 0x0, 0x6f,
    0xff, 0xff, 0xec, 0xce, 0xff, 0xff, 0xfe, 0x0,
    0x0, 0xef, 0xff, 0xe5, 0x0, 0x0, 0x4e, 0xff,
    0xff, 0x70, 0x4, 0xff, 0xff, 0x30, 0x0, 0x0,
    0x2, 0xff, 0xff, 0xc0, 0x8, 0xff, 0xfd, 0x0,
    0x0, 0x0, 0x0, 0xaf, 0xff, 0xf0, 0xa, 0xff,
    0xff, 0xff, 0xff, 0x0, 0x0, 0x6f, 0xff, 0xf2,
    0xb, 0xff, 0xff, 0xff, 0xff, 0x0, 0x0, 0x6f,
    0xff, 0xf3, 0xb, 0xff, 0xff, 0xff, 0xff, 0x0,
    0x0, 0x6f, 0xff, 0xf3, 0x0, 0x0, 0x1a, 0xff,
    0x81, 0x0, 0x0, 0x6f, 0xff, 0xf3, 0x0, 0x0,
    0xdf, 0xfc, 0x0, 0x0, 0x0, 0x6f, 0xff, 0xf3,
    0x0, 0x7, 0xff, 0xf8, 0x0, 0x0, 0x0, 0x6f,
    0xff, 0xf3, 0x0, 0xc, 0xff, 0xf6, 0x0, 0x0,
    0x0, 0x6f, 0xff, 0xf3, 0x0, 0xe, 0xff, 0xf6,
    0x0, 0x0, 0x0, 0x6f, 0xff, 0xf3, 0x0, 0xf,
    0xff, 0xf6, 0x0, 0x0, 0x0, 0x6f, 0xff, 0xf3,
    0x0, 0xf, 0xff, 0xf6, 0x0, 0x0, 0x0, 0x6f,
    0xff, 0xf3, 0x5a, 0xaf, 0xff, 0xf5, 0x0, 0x0,
    0x0, 0x6f, 0xff, 0xf3, 0x8f, 0xff, 0xff, 0xf2,
    0x0, 0x0, 0x0, 0x6f, 0xff, 0xf3, 0x8f, 0xff,
    0xff, 0xc0, 0x0, 0x0, 0x0, 0x6f, 0xff, 0xf3,
    0x8f, 0xff, 0xe9, 0x10, 0x0, 0x0, 0x0, 0x6f,
    0xff, 0xf3, 0x0, 0x0, 0x0, 0x0, 0x0, 0x0,
    0x0, 0x6f, 0xff, 0xf3, 0x0, 0x0, 0x0, 0x0,
    0x0, 0x0, 0x0, 0x6f, 0xff, 0xf3, 0x0, 0x0,
    0x0, 0x0, 0x0, 0x0, 0x0, 0x6f, 0xff, 0xf3,
    0x0, 0x0, 0x0, 0x0, 0x0, 0x0, 0x0, 0x6f,
    0xff, 0xf3, 0x0, 0x0, 0x0, 0x0, 0x0, 0x0,
    0x0, 0x6f, 0xff, 0xf3, 0x0, 0x0, 0x0, 0x0,
    0x0, 0x0, 0x0, 0x6f, 0xff, 0xf3, 0x0, 0x0,
    0x0, 0x0, 0x0, 0x0, 0x0, 0x6f, 0xff, 0xf3,
    0x0, 0x0, 0x0, 0x0, 0x0, 0x0, 0x0, 0x6f,
    0xff, 0xf3,

    /* U+0E27 "ว" */
    0x0, 0x0, 0x5a, 0xef, 0xfe, 0xb6, 0x0, 0x0,
    0x0, 0x3, 0xdf, 0xff, 0xff, 0xff, 0xfe, 0x30,
    0x0, 0x3, 0xff, 0xff, 0xff, 0xff, 0xff, 0xff,
    0x30, 0x1, 0xef, 0xff, 0xff, 0xff, 0xff, 0xff,
    0xfe, 0x0, 0x8f, 0xff, 0xfb, 0x20, 0x3, 0xcf,
    0xff, 0xf7, 0x1, 0x8e, 0xfd, 0x0, 0x0, 0x1,
    0xef, 0xff, 0xd0, 0x0, 0x5, 0x40, 0x0, 0x0,
    0x8, 0xff, 0xff, 0x10, 0x0, 0x0, 0x0, 0x0,
    0x0, 0x4f, 0xff, 0xf4, 0x0, 0x0, 0x0, 0x0,
    0x0, 0x3, 0xff, 0xff, 0x60, 0x0, 0x0, 0x0,
    0x0, 0x0, 0x3f, 0xff, 0xf7, 0x0, 0x0, 0x0,
    0x0, 0x0, 0x3, 0xff, 0xff, 0x70, 0x0, 0x0,
    0x0, 0x0, 0x0, 0x3f, 0xff, 0xf7, 0x0, 0x0,
    0x0, 0x0, 0x0, 0x3, 0xff, 0xff, 0x60, 0x0,
    0x0, 0x0, 0x0, 0x0, 0x4f, 0xff, 0xf4, 0x0,
    0x3a, 0x30, 0x0, 0x0, 0x8, 0xff, 0xff, 0x14,
    0xcf, 0xfc, 0x0, 0x0, 0x1, 0xef, 0xff, 0xd0,
    0x7f, 0xff, 0xfb, 0x20, 0x3, 0xcf, 0xff, 0xf7,
    0x0, 0xef, 0xff, 0xff, 0xff, 0xff, 0xff, 0xfe,
    0x0, 0x3, 0xff, 0xff, 0xff, 0xff, 0xff, 0xff,
    0x30, 0x0, 0x2, 0xdf, 0xff, 0xff, 0xff, 0xfe,
    0x40, 0x0, 0x0, 0x0, 0x5a, 0xef, 0xfe, 0xb6,
    0x0, 0x0, 0x0,

    /* U+0E28 "ศ" */
    0x0, 0x0, 0x0, 0x0, 0x0, 0x0, 0x0, 0x0,
    0x57, 0x77, 0x20, 0x0, 0x0, 0x6b, 0xef, 0xfe,
    0xc8, 0x20, 0xdf, 0xff, 0xf4, 0x0, 0x5, 0xef,
    0xff, 0xff, 0xff, 0xff, 0xaf, 0xff, 0xff, 0x40,
    0x6, 0xff, 0xff, 0xff, 0xff, 0xff, 0xff, 0xff,
    0xff, 0xf4, 0x2, 0xff, 0xff, 0xff, 0xff, 0xff,
    0xff, 0xff, 0xd0, 0x0, 0x0, 0xaf, 0xff, 0xfd,
    0x50, 0x1, 0x6f, 0xff, 0xff, 0x50, 0x0, 0xf,
    0xff, 0xfe, 0x10, 0x0, 0x0, 0x3f, 0xff, 0xfb,
    0x0, 0x4, 0xff, 0xff, 0x70, 0x0, 0x0, 0x0,
    0xbf, 0xff, 0xf0, 0x0, 0x6f, 0xff, 0xf3, 0x0,
    0x0, 0x0, 0x7, 0xff, 0xff, 0x10, 0x6, 0xff,
    0xff, 0x20, 0x0, 0x0, 0x0, 0x6f, 0xff, 0xf2,
    0x0, 0x7f, 0xff, 0xf2, 0x8, 0xef, 0xe0, 0x6,
    0xff, 0xff, 0x20, 0x7, 0xff, 0xff, 0x2b, 0xff,
    0xfe, 0x0, 0x6f, 0xff, 0xf2, 0x0, 0x7f, 0xff,
    0xf7, 0xff, 0xff, 0xe0, 0x6, 0xff, 0xff, 0x20,
    0x7, 0xff, 0xff, 0xef, 0xff, 0xfe, 0x0, 0x6f,
    0xff, 0xf2, 0x0, 0x7f, 0xff, 0xff, 0x92, 0x0,
    0x0, 0x6, 0xff, 0xff, 0x20, 0x7, 0xff, 0xff,
    0x80, 0x0, 0x0, 0x0, 0x6f, 0xff, 0xf2, 0x0,
    0x7f, 0xff, 0xf3, 0x0, 0x0, 0x0, 0x6, 0xff,
    0xff, 0x20, 0x7, 0xff, 0xff, 0x20, 0x0, 0x0,
    0x0, 0x6f, 0xff, 0xf2, 0x0, 0x7f, 0xff, 0xf2,
    0x0, 0x0, 0x0, 0x6, 0xff, 0xff, 0x20, 0x7,
    0xff, 0xff, 0x20, 0x0, 0x0, 0x0, 0x6f, 0xff,
    0xf2, 0x0, 0x7f, 0xff, 0xf2, 0x0, 0x0, 0x0,
    0x6, 0xff, 0xff, 0x20, 0x7, 0xff, 0xff, 0x20,
    0x0, 0x0, 0x0, 0x6f, 0xff, 0xf2, 0x0,

    /* U+0E29 "ษ" */
    0x6f, 0xff, 0xf3, 0x0, 0x0, 0x0, 0xb, 0xff,
    0xfb, 0x0, 0x6, 0xff, 0xff, 0x30, 0x0, 0x0,
    0x0, 0xbf, 0xff, 0xb0, 0x0, 0x6f, 0xff, 0xf3,
    0x0, 0x0, 0x0, 0xb, 0xff, 0xfb, 0x0, 0x6,
    0xff, 0xff, 0x30, 0x0, 0x0, 0x0, 0xbf, 0xff,
    0xb0, 0x0, 0x6f, 0xff, 0xf3, 0x0, 0x0, 0x0,
    0xb, 0xff, 0xfb, 0x0, 0x6, 0xff, 0xff, 0x30,
    0x0, 0x0, 0x0, 0xbf, 0xff, 0xb0, 0x0, 0x6f,
    0xff, 0xf3, 0x0, 0x9, 0xdd, 0xdf, 0xff, 0xff,
    0xdd, 0x36, 0xff, 0xff, 0x30, 0x0, 0xbf, 0xff,
    0xff, 0xff, 0xff, 0xf4, 0x6f, 0xff, 0xf3, 0x0,
    0xb, 0xff, 0xff, 0xff, 0xff, 0xff, 0x46, 0xff,
    0xff, 0x30, 0x0, 0xbf, 0xff, 0xff, 0xff, 0xff,
    0xf4, 0x6f, 0xff, 0xf3, 0x0, 0x0, 0x0, 0xb,
    0xff, 0xfb, 0x0, 0x6, 0xff, 0xff, 0x30, 0x0,
    0x0, 0x0, 0xbf, 0xff, 0xb0, 0x0, 0x5f, 0xff,
    0xf3, 0x0, 0x0, 0x0, 0xb, 0xff, 0xfb, 0x0,
    0x5, 0xff, 0xff, 0x40, 0x0, 0x0, 0x0, 0xcf,
    0xff, 0xa0, 0x0, 0x3f, 0xff, 0xf8, 0x0, 0x0,
    0x0, 0xf, 0xff, 0xf9, 0x0, 0x0, 0xff, 0xff,
    0xe1, 0x0, 0x0, 0x8, 0xff, 0xff, 0x50, 0x0,
    0x9, 0xff, 0xff, 0xd4, 0x0, 0x28, 0xff, 0xff,
    0xf0, 0x0, 0x0, 0x2f, 0xff, 0xff, 0xff, 0xff,
    0xff, 0xff, 0xf7, 0x0, 0x0, 0x0, 0x5f, 0xff,
    0xff, 0xff, 0xff, 0xff, 0xfb, 0x0, 0x0, 0x0,
    0x0, 0x4e, 0xff, 0xff, 0xff, 0xff, 0xf9, 0x0,
    0x0, 0x0, 0x0, 0x0, 0x6, 0xbe, 0xff, 0xec,
    0x82, 0x0, 0x0, 0x0, 0x0,

    /* U+0E2A "ส" */
    0x0, 0x0, 0x0, 0x0, 0x0, 0x0, 0x0, 0x3,
    0x67, 0x74, 0x0, 0x0, 0x17, 0xbe, 0xff, 0xeb,
    0x71, 0x6f, 0xff, 0xfb, 0x0, 0x6, 0xff, 0xff,
    0xff, 0xff, 0xfe, 0xef, 0xff, 0xfb, 0x0, 0xaf,
    0xff, 0xff, 0xff, 0xff, 0xff, 0xff, 0xff, 0xfb,
    0x9, 0xff, 0xff, 0xff, 0xee, 0xff, 0xff, 0xff,
    0x40, 0x0, 0x7, 0xff, 0xfe, 0x60, 0x0, 0x18,
    0xff, 0xff, 0xd0, 0x0, 0x0, 0x6f, 0xd1, 0x0,
    0x0, 0x0, 0x9f, 0xff, 0xf2, 0x0, 0x0, 0x5,
    0x20, 0x0, 0x0, 0x0, 0x3f, 0xff, 0xf6, 0x0,
    0x0, 0x0, 0x0, 0x0, 0x0, 0x0, 0xf, 0xff,
    0xf7, 0x0, 0x0, 0x0, 0x0, 0x0, 0x0, 0x0,
    0xf, 0xff, 0xf8, 0x0, 0x0, 0x1, 0x7b, 0xef,
    0xff, 0xff, 0xff, 0xff, 0xf8, 0x0, 0x0, 0x5f,
    0xff, 0xff, 0xff, 0xff, 0xff, 0xff, 0xf8, 0x0,
    0x4, 0xff, 0xff, 0xff, 0xff, 0xff, 0xff, 0xff,
    0xf8, 0x0, 0xc, 0xff, 0xff, 0xa6, 0x55, 0x55,
    0x5f, 0xff, 0xf8, 0x0, 0x1f, 0xff, 0xf9, 0x0,
    0x0, 0x0, 0xf, 0xff, 0xf8, 0x0, 0x3f, 0xff,
    0xf4, 0x0, 0x0, 0x0, 0xf, 0xff, 0xf8, 0x0,
    0x3f, 0xff, 0xf5, 0x0, 0x0, 0x0, 0xf, 0xff,
    0xf8, 0x0, 0x1f, 0xff, 0xfc, 0x10, 0x0, 0x0,
    0xf, 0xff, 0xf8, 0x0, 0xc, 0xff, 0xff, 0xfd,
    0xcc, 0x0, 0xf, 0xff, 0xf8, 0x0, 0x4, 0xff,
    0xff, 0xff, 0xff, 0x0, 0xf, 0xff, 0xf8, 0x0,
    0x0, 0x6f, 0xff, 0xff, 0xff, 0x0, 0xf, 0xff,
    0xf8, 0x0, 0x0, 0x2, 0x8c, 0xff, 0xff, 0x0,
    0xf, 0xff, 0xf8, 0x0,

    /* U+0E2B "ห" */
    0x2f, 0xff, 0xf6, 0x0, 0x0, 0x0, 0x6f, 0xff,
    0xf4, 0x2f, 0xff, 0xf6, 0x0, 0x0, 0x0, 0x6f,
    0xff, 0xf4, 0x2f, 0xff, 0xf6, 0x0, 0x0, 0x0,
    0x6f, 0xff, 0xf4, 0x2f, 0xff, 0xf6, 0x0, 0x0,
    0x0, 0x6f, 0xff, 0xf2, 0x2f, 0xff, 0xf6, 0x0,
    0x0, 0x0, 0x7f, 0xff, 0xc0, 0x2f, 0xff, 0xf6,
    0x0, 0x0, 0x0, 0xbf, 0xff, 0x30, 0x2f, 0xff,
    0xf6, 0x0, 0x0, 0x5, 0xff, 0xd3, 0x0, 0x2f,
    0xff, 0xfb, 0x88, 0x88, 0xcf, 0xf9, 0x0, 0x0,
    0x2f, 0xff, 0xff, 0xff, 0xff, 0xff, 0xff, 0xe5,
    0x0, 0x2f, 0xff, 0xff, 0xff, 0xff, 0xff, 0xff,
    0xff, 0x40, 0x2f, 0xff, 0xff, 0xff, 0xff, 0xff,
    0xff, 0xff, 0xe0, 0x2f, 0xff, 0xf6, 0x0, 0x0,
    0x15, 0xef, 0xff, 0xf3, 0x2f, 0xff, 0xf6, 0x0,
    0x0, 0x0, 0x6f, 0xff, 0xf6, 0x2f, 0xff, 0xf6,
    0x0, 0x0, 0x0, 0x1f, 0xff, 0xf8, 0x2f, 0xff,
    0xf6, 0x0, 0x0, 0x0, 0xf, 0xff, 0xf8, 0x2f,
    0xff, 0xf6, 0x0, 0x0, 0x0, 0xf, 0xff, 0xf8,
    0x2f, 0xff, 0xf6, 0x0, 0x0, 0x0, 0xf, 0xff,
    0xf8, 0x2f, 0xff, 0xf6, 0x0, 0x0, 0x0, 0xf,
    0xff, 0xf8, 0x2f, 0xff, 0xf6, 0x0, 0x0, 0x0,
    0xf, 0xff, 0xf8, 0x2f, 0xff, 0xf6, 0x0, 0x0,
    0x0, 0xf, 0xff, 0xf8, 0x2f, 0xff, 0xf6, 0x0,
    0x0, 0x0, 0xf, 0xff, 0xf8,

    /* U+0E2C "ฬ" */
    0x0, 0x0, 0x0, 0x0, 0x0, 0x0, 0x0, 0x0,
    0x0, 0x0, 0xa, 0xff, 0xf6, 0x0, 0x0, 0x0,
    0x0, 0x0, 0x0, 0x0, 0x0, 0x0, 0x0, 0xf,
    0xff, 0xf2, 0x0, 0x0, 0x0, 0x0, 0x0, 0x0,
    0x0, 0x0, 0x0, 0x0, 0x7f, 0xff, 0xd0, 0x0,
    0x0, 0x0, 0x0, 0x0, 0x0, 0x0, 0x0, 0x0,
    0x4, 0xff, 0xff, 0x50, 0x0, 0x0, 0x0, 0x0,
    0x0, 0x0, 0x0, 0x18, 0x89, 0xcf, 0xff, 0xf8,
    0x0, 0x0, 0x0, 0x0, 0x0, 0x0, 0x0, 0x0,
    0x3f, 0xff, 0xff, 0xfa, 0x10, 0x0, 0x0, 0x0,
    0x0, 0x0, 0x0, 0x0, 0x0, 0x3f, 0xff, 0xff,
    0xff, 0x70, 0x0, 0x2f, 0xff, 0xf3, 0x0, 0x0,
    0x0, 0x0, 0x3f, 0xff, 0xff, 0xff, 0xf0, 0x0,
    0xf, 0xff, 0xf4, 0x0, 0x0, 0x0, 0x0, 0x0,
    0x0, 0x7f, 0xff, 0xf3, 0x0, 0xd, 0xff, 0xf6,
    0x0, 0x0, 0x45, 0x55, 0x20, 0x0, 0xe, 0xff,
    0xf4, 0x0, 0xb, 0xff, 0xf7, 0x0, 0x0, 0xff,
    0xff, 0xa0, 0x0, 0xc, 0xff, 0xf3, 0x0, 0x9,
    0xff, 0xf8, 0x0, 0x4, 0xff, 0xff, 0xe0, 0x0,
    0xd, 0xff, 0xf1, 0x0, 0x7, 0xff, 0xfa, 0x0,
    0x8, 0xff, 0xff, 0xf2, 0x0, 0xf, 0xff, 0xf0,
    0x0, 0x5, 0xff, 0xfb, 0x0, 0xd, 0xff, 0xff,
    0xf6, 0x0, 0xf, 0xff, 0xd0, 0x0, 0x2, 0xff,
    0xfd, 0x0, 0x1f, 0xff, 0xbf, 0xfa, 0x0, 0x2f,
    0xff, 0xb0, 0x0, 0x0, 0xff, 0xfe, 0x0, 0x5f,
    0xfe, 0x5f, 0xfe, 0x0, 0x3f, 0xff, 0x80, 0x0,
    0x0, 0xef, 0xff, 0x0, 0x9f, 0xfb, 0x1f, 0xff,
    0x20, 0x5f, 0xff, 0x60, 0x0, 0x0, 0xcf, 0xff,
    0x10, 0xdf, 0xf7, 0xd, 0xff, 0x60, 0x7f, 0xff,
    0x40, 0x0, 0x0, 0x9f, 0xff, 0x31, 0xff, 0xf3,
    0x9, 0xff, 0xa0, 0x8f, 0xff, 0x20, 0x0, 0x0,
    0x7f, 0xff, 0x45, 0xff, 0xf0, 0x5, 0xff, 0xe0,
    0xaf, 0xff, 0x0, 0x0, 0x0, 0x5f, 0xff, 0x59,
    0xff, 0xb0, 0x2, 0xff, 0xf2, 0xbf, 0xfe, 0x0,
    0x0, 0x0, 0x3f, 0xff, 0x7d, 0xff, 0x70, 0x0,
    0xef, 0xf6, 0xdf, 0xfc, 0x0, 0x0, 0x0, 0x1f,
    0xff, 0x9f, 0xff, 0x40, 0x0, 0xaf, 0xfa, 0xff,
    0xfa, 0x0, 0x0, 0x0, 0xe, 0xff, 0xef, 0xff,
    0x0, 0x0, 0x6f, 0xfe, 0xff, 0xf7, 0x0, 0x0,
    0x0, 0xc, 0xff, 0xff, 0xfc, 0x0, 0x0, 0x2f,
    0xff, 0xff, 0xf5, 0x0, 0x0, 0x0, 0xa, 0xff,
    0xff, 0xf8, 0x0, 0x0, 0xe, 0xff, 0xff, 0xf3,
    0x0, 0x0, 0x0, 0x8, 0xff, 0xff, 0xf4, 0x0,
    0x0, 0xb, 0xff, 0xff, 0xf1, 0x0, 0x0, 0x0,
    0x6, 0xff, 0xff, 0xf1, 0x0, 0x0, 0x7, 0xff,
    0xff, 0xf0, 0x0, 0x0,

    /* U+0E2D "อ" */
    0x0, 0x0, 0x17, 0xbe, 0xff, 0xec, 0x82, 0x0,
    0x0, 0x0, 0x0, 0x7f, 0xff, 0xff, 0xff, 0xff,
    0xf9, 0x0, 0x0, 0x0, 0x9f, 0xff, 0xff, 0xff,
    0xff, 0xff, 0xfb, 0x0, 0x0, 0x6f, 0xff, 0xff,
    0xfd, 0xdf, 0xff, 0xff, 0xf8, 0x0, 0xc, 0xff,
    0xff, 0x81, 0x0, 0x6, 0xff, 0xff, 0xf2, 0x0,
    0x4, 0xbf, 0x70, 0x0, 0x0, 0x5, 0xff, 0xff,
    0x80, 0x0, 0x0, 0x20, 0x0, 0x0, 0x0, 0xd,
    0xff, 0xfd, 0x0, 0x0, 0x0, 0x0, 0x0, 0x0,
    0x0, 0xaf, 0xff, 0xf0, 0x0, 0x16, 0x89, 0x99,
    0x50, 0x0, 0x9, 0xff, 0xff, 0x20, 0x3e, 0xff,
    0xff, 0xf9, 0x0, 0x0, 0x9f, 0xff, 0xf3, 0xc,
    0xff, 0xff, 0xff, 0x90, 0x0, 0x9, 0xff, 0xff,
    0x41, 0xff, 0xff, 0xff, 0xf9, 0x0, 0x0, 0x9f,
    0xff, 0xf3, 0x3f, 0xff, 0xf3, 0x0, 0x0, 0x0,
    0x9, 0xff, 0xff, 0x23, 0xff, 0xff, 0x30, 0x0,
    0x0, 0x0, 0x9f, 0xff, 0xf0, 0x1f, 0xff, 0xf6,
    0x0, 0x0, 0x0, 0xc, 0xff, 0xfc, 0x0, 0xef,
    0xff, 0xc0, 0x0, 0x0, 0x2, 0xff, 0xff, 0x70,
    0x9, 0xff, 0xff, 0x90, 0x0, 0x3, 0xdf, 0xff,
    0xf1, 0x0, 0x1f, 0xff, 0xff, 0xfc, 0xbd, 0xff,
    0xff, 0xf8, 0x0, 0x0, 0x5f, 0xff, 0xff, 0xff,
    0xff, 0xff, 0xfb, 0x0, 0x0, 0x0, 0x4e, 0xff,
    0xff, 0xff, 0xff, 0xf9, 0x0, 0x0, 0x0, 0x0,
    0x5, 0xad, 0xff, 0xec, 0x82, 0x0, 0x0, 0x0,

    /* U+0E2E "ฮ" */
    0x0, 0x0, 0x0, 0x0, 0x0, 0x0, 0x0, 0x9,
    0xff, 0xfe, 0x0, 0x0, 0x17, 0xce, 0xff, 0xeb,
    0x60, 0x4f, 0xff, 0xfe, 0x0, 0x7, 0xff, 0xff,
    0xff, 0xff, 0xfd, 0xaf, 0xff, 0xfe, 0x0, 0x9f,
    0xff, 0xff, 0xff, 0xff, 0xff, 0xff, 0xa7, 0x76,
    0x6, 0xff, 0xff, 0xff, 0xdd, 0xff, 0xff, 0xff,
    0x80, 0x0, 0xc, 0xff, 0xff, 0x81, 0x0, 0x6,
    0xff, 0xff, 0xf1, 0x0, 0x0, 0x4b, 0xf7, 0x0,
    0x0, 0x0, 0x5f, 0xff, 0xf8, 0x0, 0x0, 0x0,
    0x20, 0x0, 0x0, 0x0, 0xd, 0xff, 0xfd, 0x0,
    0x0, 0x0, 0x0, 0x0, 0x0, 0x0, 0xa, 0xff,
    0xff, 0x0, 0x0, 0x16, 0x89, 0x99, 0x50, 0x0,
    0x9, 0xff, 0xff, 0x20, 0x3, 0xef, 0xff, 0xff,
    0x90, 0x0, 0x9, 0xff, 0xff, 0x30, 0xd, 0xff,
    0xff, 0xff, 0x90, 0x0, 0x9, 0xff, 0xff, 0x40,
    0x1f, 0xff, 0xff, 0xff, 0x90, 0x0, 0x9, 0xff,
    0xff, 0x30, 0x3f, 0xff, 0xf3, 0x0, 0x0, 0x0,
    0x9, 0xff, 0xff, 0x20, 0x3f, 0xff, 0xf3, 0x0,
    0x0, 0x0, 0x9, 0xff, 0xff, 0x0, 0x2f, 0xff,
    0xf6, 0x0, 0x0, 0x0, 0xc, 0xff, 0xfc, 0x0,
    0xe, 0xff, 0xfc, 0x0, 0x0, 0x0, 0x2f, 0xff,
    0xf7, 0x0, 0x9, 0xff, 0xff, 0x90, 0x0, 0x3,
    0xdf, 0xff, 0xf1, 0x0, 0x2, 0xff, 0xff, 0xff,
    0xcb, 0xdf, 0xff, 0xff, 0x80, 0x0, 0x0, 0x5f,
    0xff, 0xff, 0xff, 0xff, 0xff, 0xfb, 0x0, 0x0,
    0x0, 0x4, 0xef, 0xff, 0xff, 0xff, 0xff, 0x90,
    0x0, 0x0, 0x0, 0x0, 0x5, 0xad, 0xff, 0xec,
    0x82, 0x0, 0x0, 0x0,

    /* U+0E2F "ฯ" */
    0x0, 0x0, 0x7c, 0xff, 0xff, 0x70, 0x4f, 0xff,
    0xf4, 0x0, 0x2e, 0xff, 0xff, 0xff, 0x70, 0x4f,
    0xff, 0xf4, 0x1, 0xef, 0xff, 0xff, 0xff, 0x70,
    0x4f, 0xff, 0xf4, 0x9, 0xff, 0xff, 0xea, 0x99,
    0x40, 0x4f, 0xff, 0xf4, 0xf, 0xff, 0xfd, 0x10,
    0x0, 0x0, 0x5f, 0xff, 0xf4, 0x2f, 0xff, 0xf6,
    0x0, 0x0, 0x0, 0x8f, 0xff, 0xf4, 0x3f, 0xff,
    0xf4, 0x0, 0x0, 0x0, 0xcf, 0xff, 0xf4, 0x3f,
    0xff, 0xf6, 0x0, 0x0, 0x4, 0xff, 0xff, 0xf4,
    0x1f, 0xff, 0xfe, 0x20, 0x0, 0x3e, 0xff, 0xff,
    0xf4, 0xc, 0xff, 0xff, 0xfc, 0xac, 0xff, 0x8f,
    0xff, 0xf4, 0x3, 0xff, 0xff, 0xff, 0xff, 0xfa,
    0x4f, 0xff, 0xf4, 0x0, 0x6f, 0xff, 0xff, 0xff,
    0xc1, 0x4f, 0xff, 0xf4, 0x0, 0x2, 0x9e, 0xff,
    0xc6, 0x0, 0x4f, 0xff, 0xf4, 0x0, 0x0, 0x0,
    0x0, 0x0, 0x0, 0x4f, 0xff, 0xf4, 0x0, 0x0,
    0x0, 0x0, 0x0, 0x0, 0x4f, 0xff, 0xf4, 0x0,
    0x0, 0x0, 0x0, 0x0, 0x0, 0x4f, 0xff, 0xf4,
    0x0, 0x0, 0x0, 0x0, 0x0, 0x0, 0x4f, 0xff,
    0xf4, 0x0, 0x0, 0x0, 0x0, 0x0, 0x0, 0x4f,
    0xff, 0xf4, 0x0, 0x0, 0x0, 0x0, 0x0, 0x0,
    0x4f, 0xff, 0xf4, 0x0, 0x0, 0x0, 0x0, 0x0,
    0x0, 0x4f, 0xff, 0xf4, 0x0, 0x0, 0x0, 0x0,
    0x0, 0x0, 0x4f, 0xff, 0xf4,

    /* U+0E30 "ะ" */
    0xcf, 0xff, 0x90, 0x0, 0x0, 0x0, 0xcf, 0xff,
    0x90, 0x0, 0x0, 0x0, 0xcf, 0xff, 0x90, 0x0,
    0x0, 0x0, 0xcf, 0xff, 0x90, 0x0, 0x0, 0x0,
    0xaf, 0xff, 0xff, 0xff, 0xff, 0xf5, 0x6f, 0xff,
    0xff, 0xff, 0xff, 0xf5, 0xc, 0xff, 0xff, 0xff,
    0xff, 0xf5, 0x0, 0x8d, 0xff, 0xff, 0xff, 0xf5,
    0x0, 0x0, 0x0, 0x0, 0x0, 0x0, 0x0, 0x0,
    0x0, 0x0, 0x0, 0x0, 0x0, 0x0, 0x0, 0x0,
    0x0, 0x0, 0xcf, 0xff, 0x90, 0x0, 0x0, 0x0,
    0xcf, 0xff, 0x90, 0x0, 0x0, 0x0, 0xcf, 0xff,
    0x90, 0x0, 0x0, 0x0, 0xbf, 0xff, 0xff, 0xff,
    0xff, 0xf5, 0x8f, 0xff, 0xff, 0xff, 0xff, 0xf5,
    0x1e, 0xff, 0xff, 0xff, 0xff, 0xf5, 0x1, 0x9e,
    0xff, 0xff, 0xff, 0xf5,

    /* U+0E31 "ั" */
    0x78, 0x88, 0x10, 0x0, 0x0, 0x0, 0xff, 0xff,
    0x20, 0x0, 0x0, 0x0, 0xef, 0xff, 0x20, 0x0,
    0x0, 0x0, 0xdf, 0xff, 0x86, 0x66, 0x66, 0x65,
    0x8f, 0xff, 0xff, 0xff, 0xff, 0xfe, 0x1e, 0xff,
    0xff, 0xff, 0xff, 0xfe, 0x1, 0x9e, 0xff, 0xff,
    0xff, 0xfe,

    /* U+0E32 "า" */
    0x0, 0x2, 0x8c, 0xef, 0xfd, 0xa5, 0x0, 0x0,
    0x0, 0x9f, 0xff, 0xff, 0xff, 0xff, 0xc1, 0x0,
    0xb, 0xff, 0xff, 0xff, 0xff, 0xff, 0xfd, 0x0,
    0x9f, 0xff, 0xff, 0xfe, 0xff, 0xff, 0xff, 0x80,
    0x3e, 0xff, 0xd4, 0x0, 0x7, 0xff, 0xff, 0xe0,
    0x2, 0xdc, 0x10, 0x0, 0x0, 0xbf, 0xff, 0xf2,
    0x0, 0x11, 0x0, 0x0, 0x0, 0x6f, 0xff, 0xf3,
    0x0, 0x0, 0x0, 0x0, 0x0, 0x5f, 0xff, 0xf4,
    0x0, 0x0, 0x0, 0x0, 0x0, 0x5f, 0xff, 0xf4,
    0x0, 0x0, 0x0, 0x0, 0x0, 0x5f, 0xff, 0xf4,
    0x0, 0x0, 0x0, 0x0, 0x0, 0x5f, 0xff, 0xf4,
    0x0, 0x0, 0x0, 0x0, 0x0, 0x5f, 0xff, 0xf4,
    0x0, 0x0, 0x0, 0x0, 0x0, 0x5f, 0xff, 0xf4,
    0x0, 0x0, 0x0, 0x0, 0x0, 0x5f, 0xff, 0xf4,
    0x0, 0x0, 0x0, 0x0, 0x0, 0x5f, 0xff, 0xf4,
    0x0, 0x0, 0x0, 0x0, 0x0, 0x5f, 0xff, 0xf4,
    0x0, 0x0, 0x0, 0x0, 0x0, 0x5f, 0xff, 0xf4,
    0x0, 0x0, 0x0, 0x0, 0x0, 0x5f, 0xff, 0xf4,
    0x0, 0x0, 0x0, 0x0, 0x0, 0x5f, 0xff, 0xf4,
    0x0, 0x0, 0x0, 0x0, 0x0, 0x5f, 0xff, 0xf4,
    0x0, 0x0, 0x0, 0x0, 0x0, 0x5f, 0xff, 0xf4,

    /* U+0E33 "ำ" */
    0x6, 0xdf, 0xfd, 0x50, 0x0, 0x0, 0x0, 0x0,
    0x0, 0x0, 0x0, 0x0, 0x5, 0xff, 0xff, 0xff,
    0x50, 0x0, 0x0, 0x0, 0x0, 0x0, 0x0, 0x0,
    0x0, 0xcf, 0xf6, 0x7f, 0xfc, 0x0, 0x0, 0x0,
    0x0, 0x0, 0x0, 0x0, 0x0, 0xe, 0xfa, 0x0,
    0xcf, 0xe0, 0x0, 0x0, 0x0, 0x0, 0x0, 0x0,
    0x0, 0x0, 0xef, 0xa0, 0xc, 0xfe, 0x0, 0x0,
    0x0, 0x0, 0x0, 0x0, 0x0, 0x0, 0xc, 0xff,
    0x77, 0xff, 0xc0, 0x0, 0x0, 0x0, 0x0, 0x0,
    0x0, 0x0, 0x0, 0x5f, 0xff, 0xff, 0xf4, 0x0,
    0x0, 0x0, 0x0, 0x0, 0x0, 0x0, 0x0, 0x0,
    0x6d, 0xff, 0xc5, 0x0, 0x0, 0x0, 0x0, 0x0,
    0x0, 0x0, 0x0, 0x0, 0x0, 0x0, 0x0, 0x0,
    0x0, 0x0, 0x0, 0x0, 0x0, 0x0, 0x0, 0x0,
    0x0, 0x0, 0x0, 0x0, 0x0, 0x0, 0x0, 0x0,
    0x0, 0x0, 0x0, 0x0, 0x0, 0x0, 0x0, 0x0,
    0x0, 0x0, 0x0, 0x28, 0xce, 0xff, 0xda, 0x50,
    0x0, 0x0, 0x0, 0x0, 0x0, 0x0, 0x0, 0x9f,
    0xff, 0xff, 0xff, 0xff, 0xc1, 0x0, 0x0, 0x0,
    0x0, 0x0, 0x0, 0xbf, 0xff, 0xff, 0xff, 0xff,
    0xff, 0xd0, 0x0, 0x0, 0x0, 0x0, 0x0, 0x9f,
    0xff, 0xff, 0xfe, 0xff, 0xff, 0xff, 0x80, 0x0,
    0x0, 0x0, 0x0, 0x3, 0xef, 0xfd, 0x40, 0x0,
    0x7f, 0xff, 0xfe, 0x0, 0x0, 0x0, 0x0, 0x0,
    0x2, 0xdc, 0x10, 0x0, 0x0, 0xbf, 0xff, 0xf2,
    0x0, 0x0, 0x0, 0x0, 0x0, 0x1, 0x10, 0x0,
    0x0, 0x6, 0xff, 0xff, 0x30, 0x0, 0x0, 0x0,
    0x0, 0x0, 0x0, 0x0, 0x0, 0x0, 0x5f, 0xff,
    0xf4, 0x0, 0x0, 0x0, 0x0, 0x0, 0x0, 0x0,
    0x0, 0x0, 0x5, 0xff, 0xff, 0x40, 0x0, 0x0,
    0x0, 0x0, 0x0, 0x0, 0x0, 0x0, 0x0, 0x5f,
    0xff, 0xf4, 0x0, 0x0, 0x0, 0x0, 0x0, 0x0,
    0x0, 0x0, 0x0, 0x5, 0xff, 0xff, 0x40, 0x0,
    0x0, 0x0, 0x0, 0x0, 0x0, 0x0, 0x0, 0x0,
    0x5f, 0xff, 0xf4, 0x0, 0x0, 0x0, 0x0, 0x0,
    0x0, 0x0, 0x0, 0x0, 0x5, 0xff, 0xff, 0x40,
    0x0, 0x0, 0x0, 0x0, 0x0, 0x0, 0x0, 0x0,
    0x0, 0x5f, 0xff, 0xf4, 0x0, 0x0, 0x0, 0x0,
    0x0, 0x0, 0x0, 0x0, 0x0, 0x5, 0xff, 0xff,
    0x40, 0x0, 0x0, 0x0, 0x0, 0x0, 0x0, 0x0,
    0x0, 0x0, 0x5f, 0xff, 0xf4, 0x0, 0x0, 0x0,
    0x0, 0x0, 0x0, 0x0, 0x0, 0x0, 0x5, 0xff,
    0xff, 0x40, 0x0, 0x0, 0x0, 0x0, 0x0, 0x0,
    0x0, 0x0, 0x0, 0x5f, 0xff, 0xf4, 0x0, 0x0,
    0x0, 0x0, 0x0, 0x0, 0x0, 0x0, 0x0, 0x5,
    0xff, 0xff, 0x40, 0x0, 0x0, 0x0, 0x0, 0x0,
    0x0, 0x0, 0x0, 0x0, 0x5f, 0xff, 0xf4, 0x0,
    0x0, 0x0, 0x0, 0x0, 0x0, 0x0, 0x0, 0x0,
    0x5, 0xff, 0xff, 0x40,

    /* U+0E34 "ิ" */
    0x66, 0x66, 0x66, 0x66, 0x66, 0x66, 0x66, 0x62,
    0xff, 0xff, 0xff, 0xff, 0xff, 0xff, 0xff, 0xf6,
    0xff, 0xff, 0xff, 0xff, 0xff, 0xff, 0xff, 0xf6,
    0xff, 0xff, 0xff, 0xff, 0xff, 0xff, 0xff, 0xf6,

    /* U+0E35 "ี" */
    0x0, 0x0, 0x0, 0x0, 0x0, 0xc, 0xff, 0xf6,
    0x0, 0x0, 0x0, 0x0, 0x0, 0xc, 0xff, 0xf6,
    0x0, 0x0, 0x0, 0x0, 0x0, 0xc, 0xff, 0xf6,
    0x66, 0x66, 0x66, 0x66, 0x66, 0x6d, 0xff, 0xf5,
    0xef, 0xff, 0xff, 0xff, 0xff, 0xff, 0xff, 0xf2,
    0xef, 0xff, 0xff, 0xff, 0xff, 0xff, 0xff, 0x90,
    0xef, 0xff, 0xff, 0xff, 0xff, 0xff, 0xd7, 0x0,

    /* U+0E36 "ึ" */
    0x0, 0x0, 0x0, 0x0, 0x0, 0x2, 0x32, 0x0,
    0x0, 0x0, 0x0, 0x0, 0x0, 0x4e, 0xff, 0xfc,
    0x20, 0x0, 0x0, 0x0, 0x0, 0x1f, 0xff, 0xff,
    0xfc, 0x0, 0x0, 0x0, 0x0, 0x5, 0xff, 0x50,
    0xaf, 0xf1, 0x66, 0x66, 0x66, 0x66, 0xaf, 0xf1,
    0x6, 0xff, 0x2f, 0xff, 0xff, 0xff, 0xff, 0xff,
    0x94, 0xcf, 0xf0, 0xff, 0xff, 0xff, 0xff, 0xff,
    0xff, 0xff, 0xfa, 0xf, 0xff, 0xff, 0xff, 0xff,
    0xff, 0xff, 0xe9, 0x0,

    /* U+0E37 "ื" */
    0x0, 0x0, 0x0, 0xcf, 0xfe, 0x7, 0xff, 0xf6,
    0x0, 0x0, 0x0, 0xcf, 0xfe, 0x7, 0xff, 0xf6,
    0x0, 0x0, 0x0, 0xcf, 0xfe, 0x7, 0xff, 0xf5,
    0x66, 0x66, 0x66, 0xdf, 0xff, 0x6a, 0xff, 0xf5,
    0xff, 0xff, 0xff, 0xff, 0xff, 0xff, 0xff, 0xf1,
    0xff, 0xff, 0xff, 0xff, 0xff, 0xff, 0xff, 0x90,
    0xff, 0xff, 0xff, 0xff, 0xff, 0xff, 0xd7, 0x0,

    /* U+0E38 "ุ" */
    0x17, 0x77, 0x62, 0x0, 0x3f, 0xff, 0xff, 0x80,
    0x3f, 0xff, 0xff, 0xf2, 0x3f, 0xff, 0xff, 0xf5,
    0x0, 0x5, 0xff, 0xf6, 0x0, 0x5, 0xff, 0xf6,
    0x0, 0x5, 0xff, 0xf6, 0x0, 0x5, 0xff, 0xf6,
    0x0, 0x2, 0x88, 0x83,

    /* U+0E39 "ู" */
    0x5f, 0xff, 0xb1, 0x1, 0xff, 0xf6, 0x5f, 0xff,
    0xfb, 0x1, 0xff, 0xf6, 0x5f, 0xff, 0xff, 0x1,
    0xff, 0xf6, 0x13, 0x8f, 0xff, 0x1, 0xff, 0xf6,
    0x0, 0x6f, 0xff, 0x1, 0xff, 0xf6, 0x0, 0x6f,
    0xff, 0xbc, 0xff, 0xf5, 0x0, 0x2f, 0xff, 0xff,
    0xff, 0xf1, 0x0, 0x5, 0xdf, 0xff, 0xfd, 0x50,

    /* U+0E3A "ฺ" */
    0x3, 0x88, 0x40, 0x5f, 0xff, 0xf7, 0xbf, 0xff,
    0xfd, 0xbf, 0xff, 0xfd, 0x8f, 0xff, 0xfa, 0xa,
    0xff, 0xb1,

    /* U+0E3F "฿" */
    0x0, 0x0, 0x0, 0x0, 0xff, 0xf8, 0x0, 0x0,
    0x0, 0x0, 0x0, 0x0, 0x0, 0x0, 0xff, 0xf8,
    0x0, 0x0, 0x0, 0x0, 0x0, 0x0, 0x0, 0x0,
    0xff, 0xf8, 0x0, 0x0, 0x0, 0x0, 0x0, 0x0,
    0x0, 0x0, 0xff, 0xf8, 0x0, 0x0, 0x0, 0x0,
    0xf, 0xff, 0xff, 0xff, 0xff, 0xff, 0xff, 0xd8,
    0x10, 0x0, 0xf, 0xff, 0xff, 0xff, 0xff, 0xff,
    0xff, 0xff, 0xf4, 0x0, 0xf, 0xff, 0xff, 0xff,
    0xff, 0xff, 0xff, 0xff, 0xff, 0x20, 0xf, 0xff,
    0xfe, 0xcc, 0xff, 0xfd, 0xdf, 0xff, 0xff, 0xa0,
    0xf, 0xff, 0xf6, 0x0, 0xbf, 0xf4, 0x3, 0xef,
    0xff, 0xf0, 0xf, 0xff, 0xf6, 0x0, 0xbf, 0xf4,
    0x0, 0x9f, 0xff, 0xf0, 0xf, 0xff, 0xf6, 0x0,
    0xbf, 0xf4, 0x0, 0x8f, 0xff, 0xf0, 0xf, 0xff,
    0xf6, 0x0, 0xbf, 0xf4, 0x0, 0x8f, 0xff, 0xd0,
    0xf, 0xff, 0xf6, 0x0, 0xbf, 0xf4, 0x1, 0xef,
    0xff, 0x70, 0xf, 0xff, 0xfb, 0x99, 0xef, 0xfb,
    0xae, 0xff, 0xf8, 0x0, 0xf, 0xff, 0xff, 0xff,
    0xff, 0xff, 0xff, 0xe8, 0x20, 0x0, 0xf, 0xff,
    0xff, 0xff, 0xff, 0xff, 0xff, 0xff, 0xc4, 0x0,
    0xf, 0xff, 0xff, 0xff, 0xff, 0xff, 0xff, 0xff,
    0xff, 0x90, 0xf, 0xff, 0xf6, 0x0, 0xbf, 0xf4,
    0x2, 0x9f, 0xff, 0xf5, 0xf, 0xff, 0xf6, 0x0,
    0xbf, 0xf4, 0x0, 0xd, 0xff, 0xfb, 0xf, 0xff,
    0xf6, 0x0, 0xbf, 0xf4, 0x0, 0x9, 0xff, 0xfe,
    0xf, 0xff, 0xf6, 0x0, 0xbf, 0xf4, 0x0, 0x9,
    0xff, 0xff, 0xf, 0xff, 0xf6, 0x0, 0xbf, 0xf4,
    0x0, 0xb, 0xff, 0xfd, 0xf, 0xff, 0xf6, 0x0,
    0xbf, 0xf4, 0x0, 0x6f, 0xff, 0xf9, 0xf, 0xff,
    0xfe, 0xcc, 0xff, 0xfd, 0xce, 0xff, 0xff, 0xf3,
    0xf, 0xff, 0xff, 0xff, 0xff, 0xff, 0xff, 0xff,
    0xff, 0x90, 0xf, 0xff, 0xff, 0xff, 0xff, 0xff,
    0xff, 0xff, 0xfa, 0x0, 0xf, 0xff, 0xff, 0xff,
    0xff, 0xff, 0xff, 0xfb, 0x50, 0x0, 0x0, 0x0,
    0x0, 0x0, 0xff, 0xf8, 0x0, 0x0, 0x0, 0x0,
    0x0, 0x0, 0x0, 0x0, 0xff, 0xf8, 0x0, 0x0,
    0x0, 0x0, 0x0, 0x0, 0x0, 0x0, 0xff, 0xf8,
    0x0, 0x0, 0x0, 0x0, 0x0, 0x0, 0x0, 0x0,
    0xff, 0xf8, 0x0, 0x0, 0x0, 0x0,

    /* U+0E40 "เ" */
    0xf, 0xff, 0xf8, 0x0, 0x0, 0xff, 0xff, 0x80,
    0x0, 0xf, 0xff, 0xf8, 0x0, 0x0, 0xff, 0xff,
    0x80, 0x0, 0xf, 0xff, 0xf8, 0x0, 0x0, 0xff,
    0xff, 0x80, 0x0, 0xf, 0xff, 0xf8, 0x0, 0x0,
    0xff, 0xff, 0x80, 0x0, 0xf, 0xff, 0xf8, 0x0,
    0x0, 0xff, 0xff, 0x80, 0x0, 0xf, 0xff, 0xf8,
    0x0, 0x0, 0xff, 0xff, 0x80, 0x0, 0xf, 0xff,
    0xf8, 0x0, 0x0, 0xff, 0xff, 0x80, 0x0, 0xf,
    0xff, 0xf8, 0x0, 0x0, 0xff, 0xff, 0x80, 0x0,
    0xf, 0xff, 0xf8, 0x0, 0x0, 0xff, 0xff, 0xed,
    0xda, 0xb, 0xff, 0xff, 0xff, 0xc0, 0x3f, 0xff,
    0xff, 0xfc, 0x0, 0x3b, 0xef, 0xff, 0xc0,

    /* U+0E41 "แ" */
    0xf, 0xff, 0xf8, 0x0, 0x0, 0x9, 0xff, 0xff,
    0x0, 0x0, 0xf, 0xff, 0xf8, 0x0, 0x0, 0x9,
    0xff, 0xff, 0x0, 0x0, 0xf, 0xff, 0xf8, 0x0,
    0x0, 0x9, 0xff, 0xff, 0x0, 0x0, 0xf, 0xff,
    0xf8, 0x0, 0x0, 0x9, 0xff, 0xff, 0x0, 0x0,
    0xf, 0xff, 0xf8, 0x0, 0x0, 0x9, 0xff, 0xff,
    0x0, 0x0, 0xf, 0xff, 0xf8, 0x0, 0x0, 0x9,
    0xff, 0xff, 0x0, 0x0, 0xf, 0xff, 0xf8, 0x0,
    0x0, 0x9, 0xff, 0xff, 0x0, 0x0, 0xf, 0xff,
    0xf8, 0x0, 0x0, 0x9, 0xff, 0xff, 0x0, 0x0,
    0xf, 0xff, 0xf8, 0x0, 0x0, 0x9, 0xff, 0xff,
    0x0, 0x0, 0xf, 0xff, 0xf8, 0x0, 0x0, 0x9,
    0xff, 0xff, 0x0, 0x0, 0xf, 0xff, 0xf8, 0x0,
    0x0, 0x9, 0xff, 0xff, 0x0, 0x0, 0xf, 0xff,
    0xf8, 0x0, 0x0, 0x9, 0xff, 0xff, 0x0, 0x0,
    0xf, 0xff, 0xf8, 0x0, 0x0, 0x9, 0xff, 0xff,
    0x0, 0x0, 0xf, 0xff, 0xf8, 0x0, 0x0, 0x9,
    0xff, 0xff, 0x0, 0x0, 0xf, 0xff, 0xf8, 0x0,
    0x0, 0x9, 0xff, 0xff, 0x0, 0x0, 0xf, 0xff,
    0xf8, 0x0, 0x0, 0x9, 0xff, 0xff, 0x0, 0x0,
    0xf, 0xff, 0xf8, 0x0, 0x0, 0x9, 0xff, 0xff,
    0x0, 0x0, 0xf, 0xff, 0xfe, 0xdd, 0xa0, 0x8,
    0xff, 0xff, 0xdd, 0xd2, 0xb, 0xff, 0xff, 0xff,
    0xc0, 0x4, 0xff, 0xff, 0xff, 0xf3, 0x3, 0xff,
    0xff, 0xff, 0xc0, 0x0, 0xbf, 0xff, 0xff, 0xf3,
    0x0, 0x3b, 0xef, 0xff, 0xc0, 0x0, 0x8, 0xdf,
    0xff, 0xf3,

    /* U+0E42 "โ" */
    0x1f, 0xff, 0xff, 0xff, 0xff, 0xff, 0xff, 0xf2,
    0x1f, 0xff, 0xff, 0xff, 0xff, 0xff, 0xff, 0xf2,
    0x1f, 0xff, 0xff, 0xff, 0xff, 0xff, 0xff, 0xf2,
    0x1f, 0xff, 0xfd, 0xdd, 0xdd, 0xdd, 0xdd, 0xd1,
    0x0, 0x6f, 0xfe, 0x70, 0x0, 0x0, 0x0, 0x0,
    0x0, 0x3, 0xff, 0xfb, 0x0, 0x0, 0x0, 0x0,
    0x0, 0x0, 0x8f, 0xff, 0x70, 0x0, 0x0, 0x0,
    0x0, 0x0, 0x2f, 0xff, 0xe0, 0x0, 0x0, 0x0,
    0x0, 0x0, 0xe, 0xff, 0xf4, 0x0, 0x0, 0x0,
    0x0, 0x0, 0xc, 0xff, 0xf8, 0x0, 0x0, 0x0,
    0x0, 0x0, 0xc, 0xff, 0xfa, 0x0, 0x0, 0x0,
    0x0, 0x0, 0xc, 0xff, 0xfc, 0x0, 0x0, 0x0,
    0x0, 0x0, 0xc, 0xff, 0xfc, 0x0, 0x0, 0x0,
    0x0, 0x0, 0xc, 0xff, 0xfd, 0x0, 0x0, 0x0,
    0x0, 0x0, 0xc, 0xff, 0xfd, 0x0, 0x0, 0x0,
    0x0, 0x0, 0xc, 0xff, 0xfd, 0x0, 0x0, 0x0,
    0x0, 0x0, 0xc, 0xff, 0xfd, 0x0, 0x0, 0x0,
    0x0, 0x0, 0xc, 0xff, 0xfd, 0x0, 0x0, 0x0,
    0x0, 0x0, 0xc, 0xff, 0xfd, 0x0, 0x0, 0x0,
    0x0, 0x0, 0xc, 0xff, 0xfd, 0x0, 0x0, 0x0,
    0x0, 0x0, 0xc, 0xff, 0xfd, 0x0, 0x0, 0x0,
    0x0, 0x0, 0xc, 0xff, 0xfd, 0x0, 0x0, 0x0,
    0x0, 0x0, 0xc, 0xff, 0xfd, 0x0, 0x0, 0x0,
    0x0, 0x0, 0xc, 0xff, 0xfd, 0x0, 0x0, 0x0,
    0x0, 0x0, 0xc, 0xff, 0xfd, 0x0, 0x0, 0x0,
    0x0, 0x0, 0xc, 0xff, 0xfd, 0x0, 0x0, 0x0,
    0x0, 0x0, 0xc, 0xff, 0xfd, 0x0, 0x0, 0x0,
    0x0, 0x0, 0xb, 0xff, 0xfd, 0x0, 0x0, 0x0,
    0x0, 0x0, 0xa, 0xff, 0xff, 0xdd, 0xd4, 0x0,
    0x0, 0x0, 0x7, 0xff, 0xff, 0xff, 0xf5, 0x0,
    0x0, 0x0, 0x0, 0xdf, 0xff, 0xff, 0xf5, 0x0,
    0x0, 0x0, 0x0, 0x19, 0xef, 0xff, 0xf5, 0x0,

    /* U+0E43 "ใ" */
    0x0, 0x0, 0x16, 0x9a, 0x97, 0x30, 0x0, 0x0,
    0x0, 0x9f, 0xff, 0xff, 0xff, 0xc2, 0x0, 0x1,
    0xcf, 0xff, 0xff, 0xff, 0xff, 0xe2, 0x0, 0xaf,
    0xff, 0xff, 0xff, 0xff, 0xff, 0xc0, 0x3f, 0xff,
    0xfc, 0x30, 0x2c, 0xff, 0xff, 0x34, 0xef, 0xfe,
    0x0, 0x0, 0x1f, 0xff, 0xf6, 0x0, 0x6d, 0x80,
    0x0, 0x0, 0xef, 0xff, 0x70, 0x0, 0x0, 0x0,
    0x0, 0xf, 0xff, 0xf6, 0x0, 0x0, 0x0, 0x0,
    0x4, 0xff, 0xff, 0x30, 0x0, 0x0, 0x0, 0x5,
    0xef, 0xff, 0xd0, 0x0, 0x0, 0x8, 0xce, 0xff,
    0xff, 0xf3, 0x0, 0x0, 0x0, 0xcf, 0xff, 0xff,
    0xe4, 0x0, 0x0, 0x0, 0xc, 0xff, 0xfe, 0x71,
    0x0, 0x0, 0x0, 0x0, 0xcf, 0xff, 0xc0, 0x0,
    0x0, 0x0, 0x0, 0xc, 0xff, 0xfc, 0x0, 0x0,
    0x0, 0x0, 0x0, 0xcf, 0xff, 0xc0, 0x0, 0x0,
    0x0, 0x0, 0xc, 0xff, 0xfc, 0x0, 0x0, 0x0,
    0x0, 0x0, 0xcf, 0xff, 0xc0, 0x0, 0x0, 0x0,
    0x0, 0xc, 0xff, 0xfc, 0x0, 0x0, 0x0, 0x0,
    0x0, 0xcf, 0xff, 0xc0, 0x0, 0x0, 0x0, 0x0,
    0xc, 0xff, 0xfc, 0x0, 0x0, 0x0, 0x0, 0x0,
    0xcf, 0xff, 0xc0, 0x0, 0x0, 0x0, 0x0, 0xc,
    0xff, 0xfc, 0x0, 0x0, 0x0, 0x0, 0x0, 0xcf,
    0xff, 0xc0, 0x0, 0x0, 0x0, 0x0, 0xc, 0xff,
    0xfc, 0x0, 0x0, 0x0, 0x0, 0x0, 0xcf, 0xff,
    0xc0, 0x0, 0x0, 0x0, 0x0, 0xc, 0xff, 0xfc,
    0x0, 0x0, 0x0, 0x0, 0x0, 0xcf, 0xff, 0xc0,
    0x0, 0x0, 0x0, 0x0, 0xc, 0xff, 0xfc, 0x0,
    0x0, 0x0, 0x0, 0x0, 0xcf, 0xff, 0xc0, 0x0,
    0x0, 0x0, 0x0, 0xb, 0xff, 0xff, 0xdd, 0xd3,
    0x0, 0x0, 0x0, 0x7f, 0xff, 0xff, 0xff, 0x30,
    0x0, 0x0, 0x0, 0xdf, 0xff, 0xff, 0xf3, 0x0,
    0x0, 0x0, 0x1, 0x9e, 0xff, 0xff, 0x30,

    /* U+0E44 "ไ" */
    0xdf, 0xff, 0xff, 0xff, 0xff, 0xff, 0xad, 0xff,
    0xff, 0xff, 0xff, 0xff, 0xfa, 0xdf, 0xff, 0xff,
    0xff, 0xff, 0xff, 0xab, 0xee, 0xee, 0xee, 0xef,
    0xff, 0xf9, 0x0, 0x0, 0x0, 0x5d, 0xff, 0x81,
    0x0, 0x0, 0x0, 0xaf, 0xff, 0x40, 0x0, 0x0,
    0x0, 0x8f, 0xff, 0x80, 0x0, 0x0, 0x0, 0x1f,
    0xff, 0xf1, 0x0, 0x0, 0x0, 0x7, 0xff, 0xfb,
    0x0, 0x0, 0x0, 0x0, 0xcf, 0xff, 0x80, 0x0,
    0x0, 0x0, 0xf, 0xff, 0xf7, 0x0, 0x0, 0x0,
    0x0, 0xff, 0xff, 0x70, 0x0, 0x0, 0x0, 0x1f,
    0xff, 0xf7, 0x0, 0x0, 0x0, 0x1, 0xff, 0xff,
    0x70, 0x0, 0x0, 0x0, 0x1f, 0xff, 0xf7, 0x0,
    0x0, 0x0, 0x1, 0xff, 0xff, 0x70, 0x0, 0x0,
    0x0, 0x1f, 0xff, 0xf7, 0x0, 0x0, 0x0, 0x1,
    0xff, 0xff, 0x70, 0x0, 0x0, 0x0, 0x1f, 0xff,
    0xf7, 0x0, 0x0, 0x0, 0x1, 0xff, 0xff, 0x70,
    0x0, 0x0, 0x0, 0x1f, 0xff, 0xf7, 0x0, 0x0,
    0x0, 0x1, 0xff, 0xff, 0x70, 0x0, 0x0, 0x0,
    0x1f, 0xff, 0xf7, 0x0, 0x0, 0x0, 0x1, 0xff,
    0xff, 0x70, 0x0, 0x0, 0x0, 0x1f, 0xff, 0xf7,
    0x0, 0x0, 0x0, 0x1, 0xff, 0xff, 0x70, 0x0,
    0x0, 0x0, 0x1f, 0xff, 0xf7, 0x0, 0x0, 0x0,
    0x1, 0xff, 0xff, 0x70, 0x0, 0x0, 0x0, 0xf,
    0xff, 0xfe, 0xdd, 0xc0, 0x0, 0x0, 0xcf, 0xff,
    0xff, 0xfe, 0x0, 0x0, 0x4, 0xff, 0xff, 0xff,
    0xe0, 0x0, 0x0, 0x3, 0xbf, 0xff, 0xfe, 0x0,

    /* U+0E45 "ๅ" */
    0x0, 0x2, 0x8c, 0xff, 0xfd, 0xa5, 0x0, 0x0,
    0x0, 0x9f, 0xff, 0xff, 0xff, 0xff, 0xc1, 0x0,
    0xb, 0xff, 0xff, 0xff, 0xff, 0xff, 0xfd, 0x0,
    0x9f, 0xff, 0xff, 0xff, 0xff, 0xff, 0xff, 0x80,
    0x3e, 0xff, 0xf7, 0x10, 0x17, 0xff, 0xff, 0xf0,
    0x2, 0xee, 0x30, 0x0, 0x0, 0x9f, 0xff, 0xf3,
    0x0, 0x13, 0x0, 0x0, 0x0, 0x4f, 0xff, 0xf5,
    0x0, 0x0, 0x0, 0x0, 0x0, 0x3f, 0xff, 0xf6,
    0x0, 0x0, 0x0, 0x0, 0x0, 0x3f, 0xff, 0xf6,
    0x0, 0x0, 0x0, 0x0, 0x0, 0x3f, 0xff, 0xf6,
    0x0, 0x0, 0x0, 0x0, 0x0, 0x3f, 0xff, 0xf6,
    0x0, 0x0, 0x0, 0x0, 0x0, 0x3f, 0xff, 0xf6,
    0x0, 0x0, 0x0, 0x0, 0x0, 0x3f, 0xff, 0xf6,
    0x0, 0x0, 0x0, 0x0, 0x0, 0x3f, 0xff, 0xf6,
    0x0, 0x0, 0x0, 0x0, 0x0, 0x3f, 0xff, 0xf6,
    0x0, 0x0, 0x0, 0x0, 0x0, 0x3f, 0xff, 0xf6,
    0x0, 0x0, 0x0, 0x0, 0x0, 0x3f, 0xff, 0xf6,
    0x0, 0x0, 0x0, 0x0, 0x0, 0x3f, 0xff, 0xf6,
    0x0, 0x0, 0x0, 0x0, 0x0, 0x3f, 0xff, 0xf6,
    0x0, 0x0, 0x0, 0x0, 0x0, 0x3f, 0xff, 0xf6,
    0x0, 0x0, 0x0, 0x0, 0x0, 0x3f, 0xff, 0xf6,
    0x0, 0x0, 0x0, 0x0, 0x0, 0x3f, 0xff, 0xf6,
    0x0, 0x0, 0x0, 0x0, 0x0, 0x3f, 0xff, 0xf6,
    0x0, 0x0, 0x0, 0x0, 0x0, 0x3f, 0xff, 0xf6,
    0x0, 0x0, 0x0, 0x0, 0x0, 0x3f, 0xff, 0xf6,
    0x0, 0x0, 0x0, 0x0, 0x0, 0x3f, 0xff, 0xf6,
    0x0, 0x0, 0x0, 0x0, 0x0, 0x3f, 0xff, 0xf6,
    0x0, 0x0, 0x0, 0x0, 0x0, 0x3f, 0xff, 0xf6,
    0x0, 0x0, 0x0, 0x0, 0x0, 0x3f, 0xff, 0xf6,

    /* U+0E46 "ๆ" */
    0x0, 0x7, 0xcf, 0xd1, 0xc, 0xfd, 0x92, 0x0,
    0x2, 0xdf, 0xff, 0xfb, 0xbf, 0xff, 0xff, 0x60,
    0xc, 0xff, 0xff, 0xff, 0xff, 0xff, 0xff, 0xf2,
    0x3f, 0xff, 0xfa, 0xdf, 0xfd, 0xaf, 0xff, 0xf9,
    0x8f, 0xff, 0xa0, 0x1d, 0xc1, 0xd, 0xff, 0xfc,
    0xaf, 0xff, 0x70, 0x1, 0x10, 0xa, 0xff, 0xfe,
    0xaf, 0xff, 0x70, 0x0, 0x0, 0xa, 0xff, 0xfe,
    0xaf, 0xff, 0x90, 0x0, 0x0, 0xa, 0xff, 0xfe,
    0x8f, 0xff, 0xf4, 0x0, 0x0, 0xa, 0xff, 0xfe,
    0x3f, 0xff, 0xff, 0xff, 0x0, 0xa, 0xff, 0xfe,
    0xb, 0xff, 0xff, 0xff, 0x0, 0xa, 0xff, 0xfe,
    0x1, 0xbf, 0xff, 0xff, 0x0, 0xa, 0xff, 0xfe,
    0x0, 0x3, 0x8a, 0xab, 0x0, 0xa, 0xff, 0xfe,
    0x0, 0x0, 0x0, 0x0, 0x0, 0xa, 0xff, 0xfe,
    0x0, 0x0, 0x0, 0x0, 0x0, 0xa, 0xff, 0xfe,
    0x0, 0x0, 0x0, 0x0, 0x0, 0xa, 0xff, 0xfe,
    0x0, 0x0, 0x0, 0x0, 0x0, 0xa, 0xff, 0xfe,
    0x0, 0x0, 0x0, 0x0, 0x0, 0xa, 0xff, 0xfe,
    0x0, 0x0, 0x0, 0x0, 0x0, 0xa, 0xff, 0xfe,
    0x0, 0x0, 0x0, 0x0, 0x0, 0xa, 0xff, 0xfe,
    0x0, 0x0, 0x0, 0x0, 0x0, 0xa, 0xff, 0xfe,
    0x0, 0x0, 0x0, 0x0, 0x0, 0xa, 0xff, 0xfe,
    0x0, 0x0, 0x0, 0x0, 0x0, 0xa, 0xff, 0xfe,
    0x0, 0x0, 0x0, 0x0, 0x0, 0xa, 0xff, 0xfe,
    0x0, 0x0, 0x0, 0x0, 0x0, 0xa, 0xff, 0xfe,
    0x0, 0x0, 0x0, 0x0, 0x0, 0x5, 0x77, 0x77,

    /* U+0E47 "็" */
    0x0, 0x8e, 0xff, 0xff, 0xff, 0xff, 0x80, 0xcf,
    0xff, 0xff, 0xff, 0xff, 0xf8, 0x5f, 0xff, 0xa9,
    0x99, 0x99, 0x99, 0x49, 0xff, 0x60, 0x11, 0x0,
    0x1, 0x10, 0x9f, 0xf5, 0xf, 0xf8, 0x9, 0xff,
    0x16, 0xff, 0xc7, 0xff, 0xc4, 0xcf, 0xf0, 0xd,
    0xff, 0xff, 0xa9, 0xff, 0xfe, 0x0, 0x1a, 0xff,
    0xc1, 0x1b, 0xfd, 0x40,

    /* U+0E48 "่" */
    0x1, 0x11, 0x10, 0x3f, 0xff, 0xf2, 0x3f, 0xff,
    0xf2, 0x3f, 0xff, 0xf2, 0x3f, 0xff, 0xf2, 0x3f,
    0xff, 0xf2, 0x3f, 0xff, 0xf2, 0x3f, 0xff, 0xf2,

    /* U+0E49 "้" */
    0x5f, 0xff, 0xd8, 0x0, 0x0, 0x0, 0x5, 0xff,
    0xff, 0xf9, 0x0, 0x0, 0x0, 0x5f, 0xff, 0xff,
    0xe0, 0x0, 0x0, 0x2, 0x77, 0xcf, 0xff, 0x66,
    0x66, 0x64, 0x0, 0xa, 0xff, 0xff, 0xff, 0xff,
    0xb0, 0x0, 0xaf, 0xff, 0xff, 0xff, 0xfb, 0x0,
    0xa, 0xff, 0xff, 0xff, 0xff, 0xb0,

    /* U+0E4A "๊" */
    0x0, 0x0, 0x0, 0x0, 0x0, 0x0, 0x0, 0x0,
    0x9, 0xec, 0x20, 0x6f, 0xd4, 0x0, 0x0, 0xc,
    0xff, 0xff, 0xcf, 0xff, 0xf4, 0x0, 0x5, 0xff,
    0xff, 0xff, 0xff, 0xff, 0xc0, 0x0, 0x9f, 0xfc,
    0x7, 0xe5, 0x3f, 0xff, 0x0, 0x9, 0xff, 0xb0,
    0x0, 0x1, 0xff, 0xf0, 0x0, 0x5f, 0xff, 0xb8,
    0x70, 0x1f, 0xff, 0xff, 0x50, 0xcf, 0xff, 0xfe,
    0x1, 0xff, 0xff, 0xf5, 0x0, 0x8d, 0xff, 0xe0,
    0x1f, 0xff, 0xff, 0x50,

    /* U+0E4B "๋" */
    0x0, 0x6, 0x88, 0x70, 0x0, 0x0, 0xc, 0xff,
    0xe0, 0x0, 0x1, 0x1c, 0xff, 0xe1, 0x10, 0x7f,
    0xff, 0xff, 0xff, 0xf9, 0x7f, 0xff, 0xff, 0xff,
    0xf9, 0x7f, 0xff, 0xff, 0xff, 0xf9, 0x0, 0xc,
    0xff, 0xe0, 0x0, 0x0, 0xc, 0xff, 0xe0, 0x0,
    0x0, 0x6, 0x88, 0x70, 0x0,

    /* U+0E4C "์" */
    0x0, 0x4, 0x66, 0x66, 0x40, 0x6f, 0xff, 0xff,
    0xfb, 0x3f, 0xff, 0xff, 0xff, 0xba, 0xff, 0xff,
    0xff, 0xfb, 0xdf, 0xff, 0x10, 0x0, 0xd, 0xff,
    0xf1, 0x0, 0x0, 0xdf, 0xff, 0x10, 0x0, 0x0,

    /* U+0E4D "ํ" */
    0x7, 0xdf, 0xfc, 0x50, 0x6f, 0xff, 0xff, 0xf3,
    0xdf, 0xd4, 0x4e, 0xfa, 0xff, 0x60, 0x9, 0xfc,
    0xff, 0x60, 0x9, 0xfc, 0xdf, 0xd4, 0x4e, 0xfa,
    0x6f, 0xff, 0xff, 0xf3, 0x6, 0xdf, 0xfc, 0x40,

    /* U+0E4E "๎" */
    0x0, 0x0, 0x0, 0x0, 0x0, 0x0, 0x0, 0x0,
    0x6d, 0xff, 0xf8, 0x0, 0x0, 0x2f, 0xff, 0xff,
    0x80, 0x0, 0x38, 0xff, 0xec, 0xc6, 0x4, 0xff,
    0xff, 0xf9, 0x0, 0x0, 0xdf, 0xff, 0xff, 0x90,
    0x0, 0xf, 0xff, 0xda, 0xa6, 0x0, 0x0, 0xff,
    0xf8, 0x0, 0x0, 0x0, 0xf, 0xff, 0x80, 0x0,
    0x0, 0x0,

    /* U+0E4F "๏" */
    0x0, 0x0, 0x3, 0xad, 0xff, 0xea, 0x50, 0x0,
    0x0, 0x0, 0x1, 0xaf, 0xff, 0xff, 0xff, 0xfc,
    0x20, 0x0, 0x0, 0x1d, 0xff, 0xff, 0xff, 0xff,
    0xff, 0xe2, 0x0, 0x0, 0xbf, 0xff, 0xb5, 0x22,
    0x4a, 0xff, 0xfd, 0x0, 0x4, 0xff, 0xf7, 0x0,
    0x0, 0x0, 0x5f, 0xff, 0x70, 0xb, 0xff, 0xc0,
    0x5, 0xaa, 0x60, 0xa, 0xff, 0xe0, 0xf, 0xff,
    0x70, 0x8f, 0xff, 0xfa, 0x5, 0xff, 0xf2, 0x3f,
    0xff, 0x50, 0xff, 0xff, 0xff, 0x13, 0xff, 0xf5,
    0x4f, 0xff, 0x51, 0xff, 0xff, 0xff, 0x33, 0xff,
    0xf7, 0x4f, 0xff, 0x51, 0xff, 0xff, 0xff, 0x33,
    0xff, 0xf7, 0x3f, 0xff, 0x50, 0xff, 0xff, 0xff,
    0x23, 0xff, 0xf5, 0xf, 0xff, 0x70, 0xbf, 0xff,
    0xfd, 0x5, 0xff, 0xf2, 0xb, 0xff, 0xc0, 0x1a,
    0xff, 0xb2, 0xa, 0xff, 0xe0, 0x4, 0xff, 0xf8,
    0x0, 0x0, 0x0, 0x6f, 0xff, 0x70, 0x0, 0xbf,
    0xff, 0xb5, 0x22, 0x4a, 0xff, 0xfd, 0x0, 0x0,
    0x1d, 0xff, 0xff, 0xff, 0xff, 0xff, 0xe2, 0x0,
    0x0, 0x1, 0xbf, 0xff, 0xff, 0xff, 0xfc, 0x20,
    0x0, 0x0, 0x0, 0x4, 0xad, 0xff, 0xea, 0x50,
    0x0, 0x0,

    /* U+0E50 "๐" */
    0x0, 0x0, 0x0, 0x58, 0xaa, 0x96, 0x10, 0x0,
    0x0, 0x0, 0x0, 0x7e, 0xff, 0xff, 0xff, 0xf9,
    0x0, 0x0, 0x0, 0xb, 0xff, 0xff, 0xff, 0xff,
    0xff, 0xd1, 0x0, 0x0, 0x9f, 0xff, 0xff, 0xff,
    0xff, 0xff, 0xfd, 0x0, 0x4, 0xff, 0xff, 0xd4,
    0x0, 0x3b, 0xff, 0xff, 0x80, 0xb, 0xff, 0xfe,
    0x10, 0x0, 0x0, 0xaf, 0xff, 0xf0, 0x1f, 0xff,
    0xf7, 0x0, 0x0, 0x0, 0x2f, 0xff, 0xf5, 0x5f,
    0xff, 0xf3, 0x0, 0x0, 0x0, 0xf, 0xff, 0xf9,
    0x7f, 0xff, 0xf2, 0x0, 0x0, 0x0, 0xe, 0xff,
    0xfb, 0x8f, 0xff, 0xf2, 0x0, 0x0, 0x0, 0xe,
    0xff, 0xfd, 0x8f, 0xff, 0xf2, 0x0, 0x0, 0x0,
    0xe, 0xff, 0xfd, 0x8f, 0xff, 0xf2, 0x0, 0x0,
    0x0, 0xe, 0xff, 0xfc, 0x6f, 0xff, 0xf2, 0x0,
    0x0, 0x0, 0xe, 0xff, 0xfa, 0x2f, 0xff, 0xf5,
    0x0, 0x0, 0x0, 0x1f, 0xff, 0xf6, 0xd, 0xff,
    0xfb, 0x0, 0x0, 0x0, 0x7f, 0xff, 0xf2, 0x6,
    0xff, 0xff, 0x90, 0x0, 0x5, 0xff, 0xff, 0xb0,
    0x0, 0xdf, 0xff, 0xfe, 0xbb, 0xef, 0xff, 0xff,
    0x20, 0x0, 0x2e, 0xff, 0xff, 0xff, 0xff, 0xff,
    0xf5, 0x0, 0x0, 0x2, 0xcf, 0xff, 0xff, 0xff,
    0xfe, 0x40, 0x0, 0x0, 0x0, 0x4, 0xad, 0xff,
    0xeb, 0x60, 0x0, 0x0,

    /* U+0E51 "๑" */
    0x0, 0x0, 0x4, 0x79, 0xa9, 0x74, 0x0, 0x0,
    0x0, 0x0, 0x5e, 0xff, 0xff, 0xff, 0xfd, 0x50,
    0x0, 0x0, 0x9f, 0xff, 0xff, 0xff, 0xff, 0xff,
    0x80, 0x0, 0x7f, 0xff, 0xff, 0xff, 0xff, 0xff,
    0xff, 0x60, 0x1f, 0xff, 0xfe, 0x61, 0x1, 0x7f,
    0xff, 0xfe, 0x6, 0xff, 0xff, 0x30, 0x0, 0x0,
    0x5f, 0xff, 0xf5, 0xaf, 0xff, 0xc0, 0x0, 0x0,
    0x0, 0xef, 0xff, 0xac, 0xff, 0xf9, 0x0, 0x0,
    0x0, 0xb, 0xff, 0xfd, 0xcf, 0xff, 0x90, 0x0,
    0x0, 0x0, 0x9f, 0xff, 0xea, 0xff, 0xfb, 0x0,
    0x0, 0x0, 0xa, 0xff, 0xfe, 0x7f, 0xff, 0xf4,
    0x0, 0x0, 0x0, 0xbf, 0xff, 0xd2, 0xff, 0xff,
    0xfb, 0x94, 0x0, 0xd, 0xff, 0xfb, 0x9, 0xff,
    0xff, 0xff, 0x70, 0x1, 0xff, 0xff, 0x70, 0xa,
    0xff, 0xff, 0xf7, 0x0, 0x7f, 0xff, 0xf3, 0x0,
    0x4, 0xae, 0xff, 0x70, 0xd, 0xff, 0xfd, 0x0,
    0x0, 0x0, 0x0, 0x0, 0x7, 0xff, 0xff, 0x50,
    0x0, 0x0, 0x0, 0x0, 0x3, 0xff, 0xff, 0xc0,
    0x0, 0x0, 0x0, 0x0, 0x2, 0xef, 0xff, 0xf2,
    0x0, 0x0, 0x0, 0x0, 0x2, 0xef, 0xff, 0xf5,
    0x0, 0x0, 0x0, 0x0, 0x3, 0xef, 0xff, 0xf7,
    0x0, 0x0, 0x0, 0x0, 0x6, 0xff, 0xff, 0xf5,
    0x0, 0x0, 0x0,

    /* U+0E52 "๒" */
    0x8f, 0xff, 0xc0, 0x0, 0x0, 0x0, 0x0, 0x0,
    0x0, 0x0, 0x0, 0x8f, 0xff, 0xc0, 0x0, 0x0,
    0x0, 0x0, 0x0, 0x0, 0x0, 0x0, 0x8f, 0xff,
    0xc0, 0x0, 0x0, 0x0, 0x0, 0x0, 0x0, 0x0,
    0x0, 0x8f, 0xff, 0xc0, 0x0, 0x0, 0x0, 0x0,
    0x0, 0x0, 0x0, 0x0, 0x8f, 0xff, 0xc0, 0x0,
    0x3, 0xae, 0xe2, 0x5, 0xfe, 0xa3, 0x0, 0x8f,
    0xff, 0xc0, 0x0, 0x5f, 0xff, 0xfd, 0x4f, 0xff,
    0xff, 0x60, 0x8f, 0xff, 0xc0, 0x0, 0xef, 0xff,
    0xff, 0xff, 0xff, 0xff, 0xf1, 0x8f, 0xff, 0xc0,
    0x5, 0xff, 0xfd, 0x9f, 0xff, 0x8f, 0xff, 0xf8,
    0x8f, 0xff, 0xc0, 0x8, 0xff, 0xf4, 0x6, 0xf3,
    0x9, 0xff, 0xfb, 0x8f, 0xff, 0xc0, 0x9, 0xff,
    0xf2, 0x0, 0x10, 0x7, 0xff, 0xfd, 0x8f, 0xff,
    0xc0, 0xa, 0xff, 0xf2, 0x0, 0x0, 0x7, 0xff,
    0xfe, 0x8f, 0xff, 0xc0, 0xa, 0xff, 0xf2, 0x0,
    0x0, 0x7, 0xff, 0xfe, 0x8f, 0xff, 0xc0, 0x9,
    0xff, 0xf2, 0x0, 0x0, 0x7, 0xff, 0xfe, 0x8f,
    0xff, 0xc0, 0x7, 0xff, 0xff, 0xff, 0x30, 0x7,
    0xff, 0xfe, 0x8f, 0xff, 0xc0, 0x1, 0xff, 0xff,
    0xff, 0x30, 0x7, 0xff, 0xfe, 0x7f, 0xff, 0xc0,
    0x0, 0x4f, 0xff, 0xff, 0x30, 0x7, 0xff, 0xfd,
    0x6f, 0xff, 0xe0, 0x0, 0x0, 0x57, 0x77, 0x10,
    0x9, 0xff, 0xfc, 0x4f, 0xff, 0xf2, 0x0, 0x0,
    0x0, 0x0, 0x0, 0xd, 0xff, 0xf9, 0xf, 0xff,
    0xfc, 0x10, 0x0, 0x0, 0x0, 0x0, 0x9f, 0xff,
    0xf5, 0x9, 0xff, 0xff, 0xfb, 0xaa, 0xaa, 0xaa,
    0xbe, 0xff, 0xff, 0xe0, 0x1, 0xef, 0xff, 0xff,
    0xff, 0xff, 0xff, 0xff, 0xff, 0xff, 0x40, 0x0,
    0x2d, 0xff, 0xff, 0xff, 0xff, 0xff, 0xff, 0xff,
    0xe4, 0x0, 0x0, 0x0, 0x5a, 0xdf, 0xff, 0xff,
    0xff, 0xfd, 0xa6, 0x0, 0x0,

    /* U+0E53 "๓" */
    0x0, 0x7, 0xcf, 0xff, 0xd8, 0x10, 0x0, 0x7d,
    0xff, 0xc5, 0x0, 0x2, 0xef, 0xff, 0xff, 0xff,
    0xf4, 0x9, 0xff, 0xff, 0xff, 0x60, 0xc, 0xff,
    0xff, 0xff, 0xff, 0xfe, 0x3f, 0xff, 0xff, 0xff,
    0xe0, 0x4f, 0xff, 0xff, 0xbc, 0xff, 0xff, 0xef,
    0xbb, 0xff, 0xff, 0xf3, 0x8f, 0xff, 0xf1, 0x0,
    0x8f, 0xff, 0xf3, 0x0, 0x5f, 0xff, 0xf5, 0xaf,
    0xff, 0xb0, 0x0, 0x2f, 0xff, 0xd0, 0x0, 0xf,
    0xff, 0xf5, 0xbf, 0xff, 0xa0, 0x0, 0x1f, 0xff,
    0xc0, 0x0, 0xf, 0xff, 0xf5, 0xbf, 0xff, 0xa0,
    0x0, 0x1f, 0xff, 0xc0, 0x0, 0xf, 0xff, 0xf5,
    0xbf, 0xff, 0xa0, 0x0, 0x1f, 0xff, 0xc0, 0x0,
    0xf, 0xff, 0xf5, 0xbf, 0xff, 0xa0, 0x0, 0x1f,
    0xff, 0xc0, 0x0, 0xf, 0xff, 0xf5, 0xbf, 0xff,
    0xa0, 0x0, 0x1f, 0xff, 0xc0, 0x0, 0xf, 0xff,
    0xf5, 0xbf, 0xff, 0xa0, 0x0, 0x1f, 0xff, 0xc0,
    0x0, 0xf, 0xff, 0xf5, 0xbf, 0xff, 0xa0, 0x0,
    0x1f, 0xff, 0xc0, 0x0, 0xf, 0xff, 0xf5, 0xbf,
    0xff, 0xa0, 0x0, 0x1f, 0xff, 0xc0, 0x0, 0xf,
    0xff, 0xf5, 0xbf, 0xff, 0xa0, 0x0, 0x5, 0x55,
    0x40, 0x0, 0xf, 0xff, 0xf5, 0xaf, 0xff, 0xd9,
    0x90, 0x0, 0x0, 0x0, 0x0, 0xf, 0xff, 0xf5,
    0x6f, 0xff, 0xff, 0xf1, 0x0, 0x0, 0x0, 0x0,
    0xf, 0xff, 0xf5, 0xd, 0xff, 0xff, 0xf1, 0x0,
    0x0, 0x0, 0x0, 0xf, 0xff, 0xf5, 0x1, 0x9e,
    0xff, 0xf1, 0x0, 0x0, 0x0, 0x0, 0xf, 0xff,
    0xf5,

    /* U+0E54 "๔" */
    0x0, 0x0, 0x0, 0x0, 0x0, 0x0, 0x0, 0x9f,
    0xff, 0x90, 0x0, 0x0, 0x0, 0x0, 0x0, 0x0,
    0x9, 0xff, 0xf9, 0x0, 0x0, 0x0, 0x0, 0x0,
    0x0, 0x0, 0x9f, 0xff, 0x90, 0x0, 0x0, 0x0,
    0x0, 0x0, 0x0, 0x9, 0xff, 0xf9, 0x0, 0x0,
    0x1, 0x58, 0xaa, 0xaa, 0xaa, 0xdf, 0xff, 0x70,
    0x0, 0x8, 0xff, 0xff, 0xff, 0xff, 0xff, 0xff,
    0xf3, 0x0, 0x1c, 0xff, 0xff, 0xff, 0xff, 0xff,
    0xff, 0xfb, 0x0, 0xc, 0xff, 0xff, 0xff, 0xff,
    0xff, 0xff, 0xd7, 0x0, 0x6, 0xff, 0xff, 0xc4,
    0x0, 0x0, 0x0, 0x0, 0x0, 0x0, 0xdf, 0xff,
    0xd0, 0x0, 0x0, 0x0, 0x0, 0x0, 0x0, 0x2f,
    0xff, 0xf6, 0x0, 0x0, 0x0, 0x0, 0x0, 0x0,
    0x6, 0xff, 0xff, 0x30, 0x0, 0x1, 0x57, 0x77,
    0x72, 0x0, 0x8f, 0xff, 0xf2, 0x0, 0x5, 0xff,
    0xff, 0xff, 0x50, 0x8, 0xff, 0xff, 0x20, 0x0,
    0xff, 0xff, 0xff, 0xf5, 0x0, 0x8f, 0xff, 0xf2,
    0x0, 0x4f, 0xff, 0xff, 0xff, 0x50, 0x7, 0xff,
    0xff, 0x20, 0x4, 0xff, 0xff, 0x0, 0x0, 0x0,
    0x4f, 0xff, 0xf4, 0x0, 0x1f, 0xff, 0xf0, 0x0,
    0x0, 0x0, 0xff, 0xff, 0xa0, 0x0, 0x8f, 0xff,
    0x50, 0x0, 0x0, 0x9, 0xff, 0xff, 0x70, 0x0,
    0x5d, 0xfe, 0x20, 0x0, 0x0, 0x1e, 0xff, 0xff,
    0xeb, 0xaa, 0xac, 0xff, 0xca, 0x90, 0x0, 0x4f,
    0xff, 0xff, 0xff, 0xff, 0xff, 0xff, 0xfe, 0x0,
    0x0, 0x3d, 0xff, 0xff, 0xff, 0xff, 0xff, 0xff,
    0xe0, 0x0, 0x0, 0x5, 0xbe, 0xff, 0xff, 0xff,
    0xff, 0xfe, 0x0,

    /* U+0E55 "๕" */
    0x0, 0x0, 0x0, 0x0, 0x34, 0x30, 0x0, 0x0,
    0x0, 0x0, 0x0, 0x0, 0x7, 0xff, 0xff, 0xe3,
    0x4, 0xff, 0xf8, 0x0, 0x0, 0x3, 0xff, 0xff,
    0xff, 0xe0, 0x4f, 0xff, 0x90, 0x0, 0x0, 0x8f,
    0xf4, 0xa, 0xff, 0x24, 0xff, 0xf9, 0x0, 0x0,
    0x9, 0xff, 0x0, 0x6f, 0xf3, 0x4f, 0xff, 0x80,
    0x0, 0x3, 0xcf, 0xf9, 0x5d, 0xff, 0xff, 0xff,
    0xf6, 0x0, 0x7, 0xff, 0xff, 0xff, 0xff, 0xff,
    0xff, 0xfe, 0x10, 0x6, 0xff, 0xff, 0xff, 0xff,
    0xff, 0xff, 0xfd, 0x30, 0x2, 0xff, 0xff, 0xfa,
    0x65, 0x55, 0x55, 0x53, 0x0, 0x0, 0xaf, 0xff,
    0xf4, 0x0, 0x0, 0x0, 0x0, 0x0, 0x0, 0xf,
    0xff, 0xf9, 0x0, 0x0, 0x0, 0x0, 0x0, 0x0,
    0x4, 0xff, 0xff, 0x40, 0x0, 0x0, 0x0, 0x0,
    0x0, 0x0, 0x7f, 0xff, 0xf2, 0x0, 0x0, 0x15,
    0x77, 0x77, 0x20, 0x8, 0xff, 0xff, 0x20, 0x0,
    0x5f, 0xff, 0xff, 0xf5, 0x0, 0x8f, 0xff, 0xf2,
    0x0, 0xf, 0xff, 0xff, 0xff, 0x50, 0x8, 0xff,
    0xff, 0x20, 0x4, 0xff, 0xff, 0xff, 0xf5, 0x0,
    0x6f, 0xff, 0xf2, 0x0, 0x4f, 0xff, 0xf0, 0x0,
    0x0, 0x3, 0xff, 0xff, 0x50, 0x1, 0xff, 0xff,
    0x0, 0x0, 0x0, 0xe, 0xff, 0xfb, 0x0, 0x8,
    0xff, 0xf5, 0x0, 0x0, 0x0, 0x8f, 0xff, 0xf8,
    0x0, 0x5, 0xdf, 0xe2, 0x0, 0x0, 0x1, 0xef,
    0xff, 0xfe, 0xba, 0xaa, 0xcf, 0xfc, 0xa9, 0x0,
    0x3, 0xff, 0xff, 0xff, 0xff, 0xff, 0xff, 0xff,
    0xe0, 0x0, 0x3, 0xdf, 0xff, 0xff, 0xff, 0xff,
    0xff, 0xfe, 0x0, 0x0, 0x0, 0x5a, 0xef, 0xff,
    0xff, 0xff, 0xff, 0xe0,

    /* U+0E56 "๖" */
    0x4, 0x44, 0x40, 0x0, 0x0, 0x0, 0x0, 0x0,
    0x0, 0x0, 0xff, 0xff, 0x0, 0x0, 0x0, 0x0,
    0x0, 0x0, 0x0, 0xd, 0xff, 0xf2, 0x0, 0x0,
    0x0, 0x0, 0x0, 0x0, 0x0, 0xaf, 0xff, 0x50,
    0x0, 0x0, 0x0, 0x0, 0x0, 0x0, 0x7, 0xff,
    0xf8, 0x0, 0x16, 0x9a, 0x95, 0x0, 0x0, 0x0,
    0x4f, 0xff, 0xb0, 0x4e, 0xff, 0xff, 0xfe, 0x50,
    0x0, 0x1, 0xff, 0xfe, 0x1f, 0xff, 0xff, 0xff,
    0xff, 0x60, 0x0, 0xe, 0xff, 0xfa, 0xff, 0xff,
    0xff, 0xff, 0xff, 0x20, 0x0, 0xbf, 0xff, 0xfc,
    0x30, 0x3, 0xbf, 0xff, 0xfa, 0x0, 0x8, 0xff,
    0xfc, 0x0, 0x0, 0x0, 0xcf, 0xff, 0xf0, 0x0,
    0x0, 0x0, 0x0, 0x0, 0x0, 0x5, 0xff, 0xff,
    0x40, 0x0, 0x0, 0x0, 0x0, 0x0, 0x0, 0x1f,
    0xff, 0xf7, 0x0, 0x0, 0x0, 0x0, 0x0, 0x0,
    0x0, 0xff, 0xff, 0x90, 0x0, 0x4, 0x67, 0x77,
    0x0, 0x0, 0xf, 0xff, 0xfa, 0x0, 0x1d, 0xff,
    0xff, 0xf1, 0x0, 0x0, 0xff, 0xff, 0xa0, 0xa,
    0xff, 0xff, 0xff, 0x10, 0x0, 0xf, 0xff, 0xfa,
    0x0, 0xef, 0xff, 0xff, 0xf1, 0x0, 0x1, 0xff,
    0xff, 0x80, 0xf, 0xff, 0xf2, 0x0, 0x0, 0x0,
    0x3f, 0xff, 0xf4, 0x0, 0xef, 0xff, 0x60, 0x0,
    0x0, 0x9, 0xff, 0xff, 0x0, 0xa, 0xff, 0xff,
    0x40, 0x0, 0x7, 0xff, 0xff, 0x90, 0x0, 0x3f,
    0xff, 0xff, 0xdb, 0xbe, 0xff, 0xff, 0xe1, 0x0,
    0x0, 0x7f, 0xff, 0xff, 0xff, 0xff, 0xff, 0xf3,
    0x0, 0x0, 0x0, 0x5e, 0xff, 0xff, 0xff, 0xff,
    0xd3, 0x0, 0x0, 0x0, 0x0, 0x16, 0xbe, 0xff,
    0xeb, 0x50, 0x0, 0x0,

    /* U+0E57 "๗" */
    0x0, 0x0, 0x0, 0x0, 0x0, 0x0, 0x0, 0x0,
    0x0, 0x0, 0x0, 0xf, 0xff, 0xf2, 0x0, 0x0,
    0x0, 0x0, 0x0, 0x0, 0x0, 0x0, 0x0, 0x0,
    0x0, 0xf, 0xff, 0xf2, 0x0, 0x0, 0x0, 0x0,
    0x0, 0x0, 0x0, 0x0, 0x0, 0x0, 0x0, 0xf,
    0xff, 0xf2, 0x0, 0x0, 0x0, 0x0, 0x0, 0x0,
    0x0, 0x0, 0x0, 0x0, 0x0, 0xf, 0xff, 0xf2,
    0x0, 0x18, 0xdf, 0xfe, 0xa2, 0x0, 0x5, 0xdf,
    0xe9, 0x10, 0x0, 0xf, 0xff, 0xf2, 0x2, 0xef,
    0xff, 0xff, 0xff, 0x40, 0x6f, 0xff, 0xff, 0xc0,
    0x0, 0xf, 0xff, 0xf2, 0xd, 0xff, 0xff, 0xff,
    0xff, 0xf2, 0xff, 0xff, 0xff, 0xf5, 0x0, 0xf,
    0xff, 0xf2, 0x4f, 0xff, 0xfd, 0xbf, 0xff, 0xfd,
    0xfb, 0xdf, 0xff, 0xf9, 0x0, 0xf, 0xff, 0xf2,
    0x8f, 0xff, 0xc0, 0x2, 0xff, 0xff, 0x30, 0xc,
    0xff, 0xfb, 0x0, 0xf, 0xff, 0xf2, 0xaf, 0xff,
    0x80, 0x0, 0xef, 0xfe, 0x0, 0x7, 0xff, 0xfc,
    0x0, 0xf, 0xff, 0xf2, 0xbf, 0xff, 0x70, 0x0,
    0xdf, 0xfe, 0x0, 0x7, 0xff, 0xfc, 0x0, 0xf,
    0xff, 0xf2, 0xbf, 0xff, 0x70, 0x0, 0xdf, 0xfe,
    0x0, 0x7, 0xff, 0xfc, 0x0, 0xf, 0xff, 0xf2,
    0xbf, 0xff, 0x70, 0x0, 0xdf, 0xfe, 0x0, 0x7,
    0xff, 0xfc, 0x0, 0xf, 0xff, 0xf2, 0xbf, 0xff,
    0x70, 0x0, 0xdf, 0xfe, 0x0, 0x7, 0xff, 0xfc,
    0x0, 0xf, 0xff, 0xf2, 0xbf, 0xff, 0x70, 0x0,
    0xdf, 0xfe, 0x0, 0x7, 0xff, 0xfc, 0x0, 0xf,
    0xff, 0xf2, 0xbf, 0xff, 0x70, 0x0, 0xdf, 0xfe,
    0x0, 0x7, 0xff, 0xfc, 0x0, 0xf, 0xff, 0xf1,
    0xbf, 0xff, 0x70, 0x0, 0xce, 0xed, 0x0, 0x7,
    0xff, 0xfc, 0x0, 0x1f, 0xff, 0xf1, 0xbf, 0xff,
    0x70, 0x0, 0x0, 0x0, 0x0, 0x7, 0xff, 0xfc,
    0x0, 0x5f, 0xff, 0xf0, 0xbf, 0xff, 0x70, 0x0,
    0x0, 0x0, 0x0, 0x7, 0xff, 0xfc, 0x2, 0xdf,
    0xff, 0xb0, 0xaf, 0xff, 0xca, 0xa0, 0x0, 0x0,
    0x0, 0x7, 0xff, 0xfe, 0xcf, 0xff, 0xff, 0x50,
    0x6f, 0xff, 0xff, 0xf1, 0x0, 0x0, 0x0, 0x7,
    0xff, 0xff, 0xff, 0xff, 0xfb, 0x0, 0xd, 0xff,
    0xff, 0xf1, 0x0, 0x0, 0x0, 0x7, 0xff, 0xff,
    0xff, 0xff, 0xa0, 0x0, 0x1, 0x9e, 0xff, 0xf1,
    0x0, 0x0, 0x0, 0x7, 0xff, 0xff, 0xfc, 0x93,
    0x0, 0x0,

    /* U+0E58 "๘" */
    0x0, 0x0, 0x0, 0x0, 0x0, 0x0, 0x0, 0x4f,
    0xff, 0xe0, 0x0, 0x0, 0x0, 0x0, 0x0, 0x0,
    0x0, 0x4, 0xff, 0xfe, 0x0, 0x0, 0x0, 0x0,
    0x0, 0x0, 0x0, 0x0, 0x4f, 0xff, 0xe0, 0x0,
    0x0, 0x0, 0x0, 0x0, 0x0, 0x0, 0x4, 0xff,
    0xfd, 0x0, 0x0, 0x0, 0x4, 0xad, 0xff, 0xff,
    0xff, 0xff, 0xff, 0xc0, 0x0, 0x0, 0x2c, 0xff,
    0xff, 0xff, 0xff, 0xff, 0xff, 0xf6, 0x0, 0x0,
    0x2e, 0xff, 0xff, 0xff, 0xff, 0xff, 0xff, 0xfb,
    0x0, 0x0, 0xd, 0xff, 0xff, 0xea, 0xaa, 0xaa,
    0xaa, 0x84, 0x0, 0x0, 0x6, 0xff, 0xff, 0x60,
    0x0, 0x0, 0x0, 0x0, 0x0, 0x0, 0x0, 0xdf,
    0xff, 0x80, 0x0, 0x0, 0x0, 0x0, 0x0, 0x0,
    0x0, 0x2f, 0xff, 0xf2, 0x0, 0x0, 0x0, 0x0,
    0x0, 0x0, 0x0, 0x5, 0xff, 0xff, 0x0, 0x0,
    0x0, 0x0, 0x7, 0x77, 0x40, 0x0, 0x7f, 0xff,
    0xf0, 0x0, 0x0, 0x0, 0x0, 0xff, 0xff, 0xc0,
    0x8, 0xff, 0xff, 0x0, 0x0, 0x0, 0x0, 0xf,
    0xff, 0xff, 0x80, 0x8f, 0xff, 0xf0, 0x0, 0x4c,
    0xcc, 0x10, 0xff, 0xff, 0xfe, 0x7, 0xff, 0xff,
    0x0, 0x9, 0xff, 0xf2, 0x0, 0xa, 0xff, 0xf1,
    0x5f, 0xff, 0xf1, 0x0, 0xef, 0xff, 0x40, 0x0,
    0xaf, 0xff, 0x11, 0xff, 0xff, 0x40, 0x2f, 0xff,
    0xf7, 0x0, 0xb, 0xff, 0xf1, 0xc, 0xff, 0xfc,
    0x7, 0xff, 0xeb, 0xe1, 0x1, 0xff, 0xff, 0x0,
    0x6f, 0xff, 0xfd, 0xef, 0xfa, 0x9f, 0xea, 0xef,
    0xff, 0xd0, 0x0, 0xcf, 0xff, 0xff, 0xff, 0x53,
    0xff, 0xff, 0xff, 0xf8, 0x0, 0x1, 0xdf, 0xff,
    0xff, 0xd0, 0x9, 0xff, 0xff, 0xfd, 0x0, 0x0,
    0x0, 0x8d, 0xff, 0xa2, 0x0, 0x6, 0xdf, 0xfa,
    0x10, 0x0,

    /* U+0E59 "๙" */
    0x0, 0x0, 0x0, 0x0, 0x0, 0x0, 0x0, 0x0,
    0x1, 0xff, 0xfa, 0x0, 0x0, 0x0, 0x0, 0x0,
    0x0, 0x0, 0x0, 0x1, 0xff, 0xfa, 0x0, 0x0,
    0x0, 0x0, 0x0, 0x0, 0x0, 0x0, 0x1, 0xff,
    0xfa, 0x0, 0x0, 0x0, 0x0, 0x0, 0x0, 0x0,
    0x0, 0x1, 0xff, 0xfa, 0x0, 0x6c, 0xff, 0xc5,
    0x0, 0xa, 0xfe, 0x40, 0x1, 0xff, 0xfa, 0x9,
    0xff, 0xff, 0xff, 0x90, 0x8f, 0xff, 0xf2, 0x1,
    0xff, 0xfa, 0x4f, 0xff, 0xff, 0xff, 0xf5, 0xcf,
    0xff, 0xf9, 0x1, 0xff, 0xfa, 0xaf, 0xff, 0xfd,
    0xff, 0xfe, 0xfd, 0xff, 0xff, 0x12, 0xff, 0xf8,
    0xcf, 0xff, 0x80, 0x5f, 0xff, 0x90, 0x4f, 0xff,
    0x86, 0xff, 0xf5, 0xdf, 0xff, 0x40, 0xd, 0xff,
    0xd0, 0xb, 0xff, 0xff, 0xff, 0xe0, 0xef, 0xff,
    0x40, 0x7, 0xff, 0xf3, 0x3, 0xff, 0xff, 0xff,
    0x50, 0xef, 0xff, 0x40, 0x1, 0xff, 0xfa, 0x0,
    0xcf, 0xff, 0xe5, 0x0, 0xef, 0xff, 0x40, 0x0,
    0xaf, 0xff, 0x10, 0x25, 0x42, 0x0, 0x0, 0xef,
    0xff, 0x40, 0x0, 0x3f, 0xff, 0x70, 0x0, 0x0,
    0x0, 0x0, 0xef, 0xff, 0x40, 0x0, 0xd, 0xff,
    0xe0, 0x0, 0x0, 0x0, 0x0, 0xef, 0xff, 0x40,
    0x0, 0x6, 0xff, 0xf5, 0x0, 0x0, 0x0, 0x0,
    0xef, 0xff, 0x40, 0x0, 0x0, 0xff, 0xfb, 0x0,
    0x0, 0x0, 0x0, 0xef, 0xff, 0x40, 0x0, 0x0,
    0x9f, 0xff, 0x20, 0x0, 0x0, 0x0, 0xdf, 0xff,
    0x40, 0x0, 0x0, 0x3f, 0xff, 0x90, 0x0, 0x0,
    0x0, 0xcf, 0xff, 0xb9, 0x80, 0x0, 0xc, 0xff,
    0xf0, 0x0, 0x0, 0x0, 0x9f, 0xff, 0xff, 0xe0,
    0x0, 0x5, 0xff, 0xf6, 0x0, 0x0, 0x0, 0x1e,
    0xff, 0xff, 0xe0, 0x0, 0x0, 0xef, 0xfc, 0x0,
    0x0, 0x0, 0x2, 0xae, 0xff, 0xe0, 0x0, 0x0,
    0x8f, 0xff, 0x30, 0x0, 0x0,

    /* U+0E5A "๚" */
    0x0, 0x0, 0x7c, 0xff, 0xff, 0x70, 0x4f, 0xff,
    0xf2, 0x0, 0xc, 0xff, 0xfb, 0x0, 0x2d, 0xff,
    0xff, 0xff, 0x70, 0x4f, 0xff, 0xf2, 0x0, 0xc,
    0xff, 0xfb, 0x1, 0xef, 0xff, 0xff, 0xff, 0x70,
    0x4f, 0xff, 0xf2, 0x0, 0xc, 0xff, 0xfb, 0x9,
    0xff, 0xff, 0xfb, 0xaa, 0x40, 0x4f, 0xff, 0xf2,
    0x0, 0xc, 0xff, 0xfb, 0xf, 0xff, 0xfd, 0x10,
    0x0, 0x0, 0x5f, 0xff, 0xf2, 0x0, 0xd, 0xff,
    0xfb, 0x2f, 0xff, 0xf6, 0x0, 0x0, 0x0, 0x7f,
    0xff, 0xf2, 0x0, 0xf, 0xff, 0xfb, 0x3f, 0xff,
    0xf4, 0x0, 0x0, 0x0, 0xcf, 0xff, 0xf2, 0x0,
    0x3f, 0xff, 0xfb, 0x3f, 0xff, 0xf6, 0x0, 0x0,
    0x3, 0xff, 0xff, 0xf2, 0x0, 0xbf, 0xff, 0xfb,
    0x1f, 0xff, 0xfe, 0x10, 0x0, 0x3e, 0xff, 0xff,
    0xf2, 0x8, 0xff, 0xff, 0xfb, 0xc, 0xff, 0xff,
    0xfb, 0x9b, 0xff, 0x8f, 0xff, 0xfb, 0xef, 0xcc,
    0xff, 0xfb, 0x4, 0xff, 0xff, 0xff, 0xff, 0xfb,
    0x4f, 0xff, 0xff, 0xff, 0x3c, 0xff, 0xfb, 0x0,
    0x7f, 0xff, 0xff, 0xff, 0xc1, 0x4f, 0xff, 0xff,
    0xf6, 0xc, 0xff, 0xfb, 0x0, 0x3, 0xbf, 0xff,
    0xd7, 0x0, 0x4f, 0xff, 0xfb, 0x30, 0xc, 0xff,
    0xfb, 0x0, 0x0, 0x0, 0x0, 0x0, 0x0, 0x4f,
    0xff, 0xf2, 0x0, 0xc, 0xff, 0xfb, 0x0, 0x0,
    0x0, 0x0, 0x0, 0x0, 0x4f, 0xff, 0xf2, 0x0,
    0xc, 0xff, 0xfb, 0x0, 0x0, 0x0, 0x0, 0x0,
    0x0, 0x4f, 0xff, 0xf2, 0x0, 0xc, 0xff, 0xfb,
    0x0, 0x0, 0x0, 0x0, 0x0, 0x0, 0x4f, 0xff,
    0xf2, 0x0, 0xc, 0xff, 0xfb, 0x0, 0x0, 0x0,
    0x0, 0x0, 0x0, 0x4f, 0xff, 0xf2, 0x0, 0xc,
    0xff, 0xfb, 0x0, 0x0, 0x0, 0x0, 0x0, 0x0,
    0x4f, 0xff, 0xf2, 0x0, 0xc, 0xff, 0xfb, 0x0,
    0x0, 0x0, 0x0, 0x0, 0x0, 0x4f, 0xff, 0xf2,
    0x0, 0xc, 0xff, 0xfb, 0x0, 0x0, 0x0, 0x0,
    0x0, 0x0, 0x4f, 0xff, 0xf2, 0x0, 0xc, 0xff,
    0xfb,

    /* U+0E5B "๛" */
    0x0, 0x0, 0x4, 0x67, 0x75, 0x0, 0x0, 0x0,
    0x0, 0x0, 0x0, 0x0, 0x0, 0x0, 0x0, 0x0,
    0x7e, 0xff, 0xff, 0xb0, 0x0, 0x0, 0x0, 0x0,
    0x0, 0x0, 0x0, 0x0, 0x0, 0x0, 0xaf, 0xff,
    0xff, 0xfb, 0x0, 0x7f, 0xff, 0x90, 0xa, 0xff,
    0xf3, 0x0, 0x0, 0x0, 0x6f, 0xff, 0xff, 0xff,
    0xb0, 0xb, 0xff, 0xfe, 0x0, 0xef, 0xff, 0xa0,
    0x0, 0x0, 0xd, 0xff, 0xff, 0x71, 0x0, 0x0,
    0xff, 0xff, 0xf3, 0x2f, 0xff, 0xff, 0x20, 0x0,
    0x1, 0xff, 0xff, 0x90, 0x0, 0x0, 0x5f, 0xff,
    0xff, 0x77, 0xff, 0xff, 0xf9, 0x0, 0x0, 0x3f,
    0xff, 0xf6, 0x0, 0x0, 0xb, 0xff, 0xaf, 0xfc,
    0xbf, 0xf9, 0xff, 0xf1, 0x0, 0x3, 0xff, 0xff,
    0x70, 0x0, 0x3, 0xff, 0xf2, 0xff, 0xff, 0xff,
    0x1f, 0xff, 0xff, 0xf2, 0xf, 0xff, 0xfe, 0x10,
    0x2, 0xdf, 0xfb, 0xc, 0xff, 0xff, 0xc0, 0x8f,
    0xff, 0xff, 0x20, 0xbf, 0xff, 0xff, 0xbb, 0xff,
    0xff, 0x30, 0x9f, 0xff, 0xf9, 0x0, 0xbf, 0xff,
    0xf2, 0x2, 0xff, 0xff, 0xff, 0xff, 0xff, 0x80,
    0x5, 0xff, 0xff, 0x60, 0x0, 0x35, 0x55, 0x0,
    0x4, 0xff, 0xff, 0xff, 0xff, 0x80, 0x0, 0x2b,
    0xbb, 0xb2, 0x0, 0x0, 0x0, 0x0, 0x0, 0x1,
    0x8d, 0xff, 0xea, 0x30, 0x0, 0x0, 0x0, 0x0,
    0x0, 0x0, 0x0, 0x0, 0x0,

    /* U+2013 "–" */
    0x8c, 0xcc, 0xcc, 0xcc, 0xcc, 0xcc, 0xcc, 0xcc,
    0xcc, 0xab, 0xff, 0xff, 0xff, 0xff, 0xff, 0xff,
    0xff, 0xff, 0xfe, 0xbf, 0xff, 0xff, 0xff, 0xff,
    0xff, 0xff, 0xff, 0xff, 0xeb, 0xff, 0xff, 0xff,
    0xff, 0xff, 0xff, 0xff, 0xff, 0xfe,

    /* U+2014 "—" */
    0x8c, 0xcc, 0xcc, 0xcc, 0xcc, 0xcc, 0xcc, 0xcc,
    0xcc, 0xcc, 0xcc, 0xcc, 0xc9, 0xbf, 0xff, 0xff,
    0xff, 0xff, 0xff, 0xff, 0xff, 0xff, 0xff, 0xff,
    0xff, 0xfc, 0xbf, 0xff, 0xff, 0xff, 0xff, 0xff,
    0xff, 0xff, 0xff, 0xff, 0xff, 0xff, 0xfc, 0xbf,
    0xff, 0xff, 0xff, 0xff, 0xff, 0xff, 0xff, 0xff,
    0xff, 0xff, 0xff, 0xfc,

    /* U+2026 "…" */
    0x4, 0xbc, 0xa2, 0x0, 0x0, 0x2, 0xac, 0xa3,
    0x0, 0x0, 0x1, 0x9c, 0xb6, 0x2, 0xff, 0xff,
    0xd0, 0x0, 0x0, 0xef, 0xff, 0xf1, 0x0, 0x0,
    0xbf, 0xff, 0xf5, 0x7f, 0xff, 0xff, 0x20, 0x0,
    0x4f, 0xff, 0xff, 0x50, 0x0, 0xf, 0xff, 0xff,
    0xa7, 0xff, 0xff, 0xf3, 0x0, 0x4, 0xff, 0xff,
    0xf6, 0x0, 0x0, 0xff, 0xff, 0xfa, 0x4f, 0xff,
    0xff, 0x0, 0x0, 0x1f, 0xff, 0xff, 0x20, 0x0,
    0xc, 0xff, 0xff, 0x70, 0x7e, 0xfd, 0x40, 0x0,
    0x0, 0x5d, 0xfe, 0x60, 0x0, 0x0, 0x2c, 0xff,
    0x90,

    /* U+2192 "→" */
    0x0, 0x0, 0x0, 0x0, 0x0, 0x0, 0x0, 0x0,
    0x3, 0xa0, 0x0, 0x0, 0x0, 0x0, 0x0, 0x0,
    0x0, 0x0, 0x0, 0x0, 0x0, 0x3, 0xff, 0xb0,
    0x0, 0x0, 0x0, 0x0, 0x0, 0x0, 0x0, 0x0,
    0x0, 0x0, 0x0, 0xef, 0xff, 0xb0, 0x0, 0x0,
    0x0, 0x0, 0x0, 0x0, 0x0, 0x0, 0x0, 0x0,
    0x4, 0xff, 0xff, 0xb0, 0x0, 0x0, 0x0, 0x0,
    0x0, 0x0, 0x0, 0x0, 0x0, 0x0, 0x4, 0xff,
    0xff, 0xb0, 0x0, 0x0, 0x0, 0x0, 0x0, 0x0,
    0x0, 0x0, 0x0, 0x0, 0x3, 0xef, 0xff, 0xb0,
    0x0, 0xa, 0xaa, 0xaa, 0xaa, 0xaa, 0xaa, 0xaa,
    0xaa, 0xa9, 0x89, 0xff, 0xff, 0xb0, 0x0, 0xff,
    0xff, 0xff, 0xff, 0xff, 0xff, 0xff, 0xff, 0xff,
    0xff, 0xff, 0xff, 0xb0, 0xf, 0xff, 0xff, 0xff,
    0xff, 0xff, 0xff, 0xff, 0xff, 0xff, 0xff, 0xff,
    0xff, 0x30, 0xff, 0xff, 0xff, 0xff, 0xff, 0xff,
    0xff, 0xff, 0xff, 0xff, 0xff, 0xff, 0x40, 0x2,
    0x22, 0x22, 0x22, 0x22, 0x22, 0x22, 0x22, 0x21,
    0x9, 0xff, 0xff, 0x40, 0x0, 0x0, 0x0, 0x0,
    0x0, 0x0, 0x0, 0x0, 0x0, 0xb, 0xff, 0xff,
    0x40, 0x0, 0x0, 0x0, 0x0, 0x0, 0x0, 0x0,
    0x0, 0x0, 0xb, 0xff, 0xff, 0x40, 0x0, 0x0,
    0x0, 0x0, 0x0, 0x0, 0x0, 0x0, 0x0, 0xb,
    0xff, 0xff, 0x40, 0x0, 0x0, 0x0, 0x0, 0x0,
    0x0, 0x0, 0x0, 0x0, 0x0, 0xaf, 0xff, 0x40,
    0x0, 0x0, 0x0, 0x0, 0x0, 0x0, 0x0, 0x0,
    0x0, 0x0, 0x0, 0xaf, 0x40, 0x0, 0x0, 0x0,
    0x0, 0x0, 0x0, 0x0, 0x0, 0x0, 0x0, 0x0,
    0x0, 0x30, 0x0, 0x0, 0x0, 0x0,

    /* U+F70A "" */
    0x2e, 0xee, 0xe2, 0x3f, 0xff, 0xf2, 0x3f, 0xff,
    0xf2, 0x3f, 0xff, 0xf2, 0x3f, 0xff, 0xf2, 0x3f,
    0xff, 0xf2, 0x3f, 0xff, 0xf2, 0x3, 0x33, 0x30,

    /* U+F70B "" */
    0x4d, 0xdc, 0xa5, 0x0, 0x0, 0x0, 0x5, 0xff,
    0xff, 0xf6, 0x0, 0x0, 0x0, 0x5f, 0xff, 0xff,
    0xd0, 0x0, 0x0, 0x3, 0xaa, 0xdf, 0xff, 0x0,
    0x0, 0x0, 0x0, 0xa, 0xff, 0xff, 0xff, 0xff,
    0xb0, 0x0, 0xaf, 0xff, 0xff, 0xff, 0xfb, 0x0,
    0xa, 0xff, 0xff, 0xff, 0xff, 0xb0, 0x0, 0x46,
    0x66, 0x66, 0x66, 0x64,

    /* U+F70C "" */
    0x0, 0x3a, 0xa1, 0x1, 0xa9, 0x20, 0x0, 0x0,
    0x6f, 0xff, 0xe8, 0xef, 0xff, 0x40, 0x0, 0x2f,
    0xff, 0xff, 0xff, 0xff, 0xfd, 0x0, 0x6, 0xff,
    0xf2, 0x8f, 0x83, 0xff, 0xf1, 0x0, 0x7f, 0xfd,
    0x0, 0x10, 0xf, 0xff, 0x10, 0x4, 0xff, 0xfb,
    0x77, 0x0, 0xff, 0xfe, 0xe7, 0xc, 0xff, 0xff,
    0xf0, 0xf, 0xff, 0xff, 0x80, 0x9, 0xef, 0xff,
    0x0, 0xff, 0xff, 0xf8, 0x0, 0x0, 0x1, 0x10,
    0x1, 0x22, 0x11, 0x0,

    /* U+F70D "" */
    0x0, 0x7, 0xaa, 0x90, 0x0, 0x0, 0xb, 0xff,
    0xe0, 0x0, 0x2, 0x2c, 0xff, 0xf2, 0x21, 0x6f,
    0xff, 0xff, 0xff, 0xf9, 0x6f, 0xff, 0xff, 0xff,
    0xf9, 0x6f, 0xff, 0xff, 0xff, 0xf9, 0x0, 0xb,
    0xff, 0xe0, 0x0, 0x0, 0xb, 0xff, 0xe0, 0x0,
    0x0, 0x5, 0x77, 0x60, 0x0,

    /* U+F70E "" */
    0x0, 0x2, 0x34, 0x44, 0x20, 0x4d, 0xff, 0xff,
    0xfb, 0x2f, 0xff, 0xff, 0xff, 0xb9, 0xff, 0xff,
    0xff, 0xfb, 0xdf, 0xff, 0x32, 0x22, 0x2d, 0xff,
    0xf1, 0x0, 0x0, 0xef, 0xff, 0x10, 0x0, 0x2,
    0x33, 0x30, 0x0, 0x0
};


/*---------------------
 *  GLYPH DESCRIPTION
 *--------------------*/

static const lv_font_fmt_txt_glyph_dsc_t glyph_dsc[] = {
    {.bitmap_index = 0, .adv_w = 0, .box_w = 0, .box_h = 0, .ofs_x = 0, .ofs_y = 0} /* id = 0 reserved */,
    {.bitmap_index = 0, .adv_w = 136, .box_w = 0, .box_h = 0, .ofs_x = 0, .ofs_y = 0},
    {.bitmap_index = 0, .adv_w = 177, .box_w = 7, .box_h = 25, .ofs_x = 2, .ofs_y = 0},
    {.bitmap_index = 88, .adv_w = 270, .box_w = 13, .box_h = 12, .ofs_x = 2, .ofs_y = 14},
    {.bitmap_index = 166, .adv_w = 380, .box_w = 23, .box_h = 25, .ofs_x = 0, .ofs_y = 0},
    {.bitmap_index = 454, .adv_w = 346, .box_w = 19, .box_h = 31, .ofs_x = 1, .ofs_y = -3},
    {.bitmap_index = 749, .adv_w = 552, .box_w = 32, .box_h = 25, .ofs_x = 1, .ofs_y = 0},
    {.bitmap_index = 1149, .adv_w = 410, .box_w = 24, .box_h = 25, .ofs_x = 2, .ofs_y = 0},
    {.bitmap_index = 1449, .adv_w = 149, .box_w = 5, .box_h = 12, .ofs_x = 2, .ofs_y = 14},
    {.bitmap_index = 1479, .adv_w = 194, .box_w = 12, .box_h = 32, .ofs_x = 1, .ofs_y = -5},
    {.bitmap_index = 1671, .adv_w = 194, .box_w = 12, .box_h = 32, .ofs_x = -1, .ofs_y = -5},
    {.bitmap_index = 1863, .adv_w = 317, .box_w = 18, .box_h = 17, .ofs_x = 1, .ofs_y = 9},
    {.bitmap_index = 2016, .adv_w = 346, .box_w = 18, .box_h = 18, .ofs_x = 2, .ofs_y = 2},
    {.bitmap_index = 2178, .adv_w = 171, .box_w = 8, .box_h = 11, .ofs_x = 1, .ofs_y = -5},
    {.bitmap_index = 2222, .adv_w = 232, .box_w = 11, .box_h = 5, .ofs_x = 2, .ofs_y = 9},
    {.bitmap_index = 2250, .adv_w = 171, .box_w = 7, .box_h = 6, .ofs_x = 2, .ofs_y = 0},
    {.bitmap_index = 2271, .adv_w = 250, .box_w = 15, .box_h = 32, .ofs_x = 0, .ofs_y = -6},
    {.bitmap_index = 2511, .adv_w = 346, .box_w = 20, .box_h = 25, .ofs_x = 1, .ofs_y = 0},
    {.bitmap_index = 2761, .adv_w = 346, .box_w = 20, .box_h = 25, .ofs_x = 1, .ofs_y = 0},
    {.bitmap_index = 3011, .adv_w = 346, .box_w = 19, .box_h = 25, .ofs_x = 1, .ofs_y = 0},
    {.bitmap_index = 3249, .adv_w = 346, .box_w = 20, .box_h = 25, .ofs_x = 0, .ofs_y = 0},
    {.bitmap_index = 3499, .adv_w = 346, .box_w = 20, .box_h = 25, .ofs_x = 1, .ofs_y = 0},
    {.bitmap_index = 3749, .adv_w = 346, .box_w = 18, .box_h = 25, .ofs_x = 2, .ofs_y = 0},
    {.bitmap_index = 3974, .adv_w = 346, .box_w = 19, .box_h = 25, .ofs_x = 1, .ofs_y = 0},
    {.bitmap_index = 4212, .adv_w = 346, .box_w = 18, .box_h = 25, .ofs_x = 2, .ofs_y = 0},
    {.bitmap_index = 4437, .adv_w = 346, .box_w = 19, .box_h = 25, .ofs_x = 1, .ofs_y = 0},
    {.bitmap_index = 4675, .adv_w = 346, .box_w = 19, .box_h = 25, .ofs_x = 1, .ofs_y = 0},
    {.bitmap_index = 4913, .adv_w = 183, .box_w = 7, .box_h = 19, .ofs_x = 2, .ofs_y = 0},
    {.bitmap_index = 4980, .adv_w = 183, .box_w = 8, .box_h = 24, .ofs_x = 1, .ofs_y = -5},
    {.bitmap_index = 5076, .adv_w = 346, .box_w = 16, .box_h = 23, .ofs_x = 3, .ofs_y = -1},
    {.bitmap_index = 5260, .adv_w = 346, .box_w = 18, .box_h = 12, .ofs_x = 2, .ofs_y = 5},
    {.bitmap_index = 5368, .adv_w = 346, .box_w = 16, .box_h = 23, .ofs_x = 3, .ofs_y = -1},
    {.bitmap_index = 5552, .adv_w = 283, .box_w = 17, .box_h = 25, .ofs_x = 0, .ofs_y = 0},
    {.bitmap_index = 5765, .adv_w = 518, .box_w = 29, .box_h = 30, .ofs_x = 2, .ofs_y = -5},
    {.bitmap_index = 6200, .adv_w = 386, .box_w = 24, .box_h = 25, .ofs_x = 0, .ofs_y = 0},
    {.bitmap_index = 6500, .adv_w = 381, .box_w = 21, .box_h = 25, .ofs_x = 2, .ofs_y = 0},
    {.bitmap_index = 6763, .adv_w = 369, .box_w = 21, .box_h = 25, .ofs_x = 1, .ofs_y = 0},
    {.bitmap_index = 7026, .adv_w = 396, .box_w = 21, .box_h = 25, .ofs_x = 2, .ofs_y = 0},
    {.bitmap_index = 7289, .adv_w = 345, .box_w = 18, .box_h = 25, .ofs_x = 2, .ofs_y = 0},
    {.bitmap_index = 7514, .adv_w = 332, .box_w = 18, .box_h = 25, .ofs_x = 2, .ofs_y = 0},
    {.bitmap_index = 7739, .adv_w = 410, .box_w = 23, .box_h = 25, .ofs_x = 1, .ofs_y = 0},
    {.bitmap_index = 8027, .adv_w = 414, .box_w = 21, .box_h = 25, .ofs_x = 2, .ofs_y = 0},
    {.bitmap_index = 8290, .adv_w = 242, .box_w = 13, .box_h = 25, .ofs_x = 1, .ofs_y = 0},
    {.bitmap_index = 8453, .adv_w = 313, .box_w = 17, .box_h = 25, .ofs_x = 0, .ofs_y = 0},
    {.bitmap_index = 8666, .adv_w = 389, .box_w = 22, .box_h = 25, .ofs_x = 2, .ofs_y = 0},
    {.bitmap_index = 8941, .adv_w = 300, .box_w = 16, .box_h = 25, .ofs_x = 2, .ofs_y = 0},
    {.bitmap_index = 9141, .adv_w = 471, .box_w = 25, .box_h = 25, .ofs_x = 2, .ofs_y = 0},
    {.bitmap_index = 9454, .adv_w = 414, .box_w = 21, .box_h = 25, .ofs_x = 2, .ofs_y = 0},
    {.bitmap_index = 9717, .adv_w = 410, .box_w = 23, .box_h = 25, .ofs_x = 1, .ofs_y = 0},
    {.bitmap_index = 10005, .adv_w = 368, .box_w = 20, .box_h = 25, .ofs_x = 2, .ofs_y = 0},
    {.bitmap_index = 10255, .adv_w = 410, .box_w = 23, .box_h = 32, .ofs_x = 1, .ofs_y = -7},
    {.bitmap_index = 10623, .adv_w = 382, .box_w = 21, .box_h = 25, .ofs_x = 2, .ofs_y = 0},
    {.bitmap_index = 10886, .adv_w = 351, .box_w = 20, .box_h = 25, .ofs_x = 1, .ofs_y = 0},
    {.bitmap_index = 11136, .adv_w = 334, .box_w = 20, .box_h = 25, .ofs_x = 0, .ofs_y = 0},
    {.bitmap_index = 11386, .adv_w = 397, .box_w = 20, .box_h = 25, .ofs_x = 2, .ofs_y = 0},
    {.bitmap_index = 11636, .adv_w = 366, .box_w = 23, .box_h = 25, .ofs_x = 0, .ofs_y = 0},
    {.bitmap_index = 11924, .adv_w = 545, .box_w = 34, .box_h = 25, .ofs_x = 0, .ofs_y = 0},
    {.bitmap_index = 12349, .adv_w = 376, .box_w = 23, .box_h = 25, .ofs_x = 0, .ofs_y = 0},
    {.bitmap_index = 12637, .adv_w = 363, .box_w = 23, .box_h = 25, .ofs_x = 0, .ofs_y = 0},
    {.bitmap_index = 12925, .adv_w = 344, .box_w = 20, .box_h = 25, .ofs_x = 1, .ofs_y = 0},
    {.bitmap_index = 13175, .adv_w = 189, .box_w = 8, .box_h = 32, .ofs_x = 2, .ofs_y = -5},
    {.bitmap_index = 13303, .adv_w = 250, .box_w = 15, .box_h = 32, .ofs_x = 1, .ofs_y = -6},
    {.bitmap_index = 13543, .adv_w = 189, .box_w = 8, .box_h = 32, .ofs_x = 1, .ofs_y = -5},
    {.bitmap_index = 13671, .adv_w = 346, .box_w = 20, .box_h = 15, .ofs_x = 1, .ofs_y = 10},
    {.bitmap_index = 13821, .adv_w = 322, .box_w = 19, .box_h = 4, .ofs_x = 1, .ofs_y = -6},
    {.bitmap_index = 13859, .adv_w = 346, .box_w = 9, .box_h = 9, .ofs_x = 5, .ofs_y = 20},
    {.bitmap_index = 13900, .adv_w = 321, .box_w = 19, .box_h = 19, .ofs_x = 1, .ofs_y = 0},
    {.bitmap_index = 14081, .adv_w = 345, .box_w = 18, .box_h = 26, .ofs_x = 2, .ofs_y = 0},
    {.bitmap_index = 14315, .adv_w = 295, .box_w = 17, .box_h = 19, .ofs_x = 1, .ofs_y = 0},
    {.bitmap_index = 14477, .adv_w = 345, .box_w = 18, .box_h = 26, .ofs_x = 1, .ofs_y = 0},
    {.bitmap_index = 14711, .adv_w = 321, .box_w = 18, .box_h = 19, .ofs_x = 1, .ofs_y = 0},
    {.bitmap_index = 14882, .adv_w = 201, .box_w = 12, .box_h = 26, .ofs_x = 0, .ofs_y = 0},
    {.bitmap_index = 15038, .adv_w = 313, .box_w = 19, .box_h = 30, .ofs_x = 1, .ofs_y = -7},
    {.bitmap_index = 15323, .adv_w = 338, .box_w = 17, .box_h = 26, .ofs_x = 2, .ofs_y = 0},
    {.bitmap_index = 15544, .adv_w = 158, .box_w = 6, .box_h = 26, .ofs_x = 2, .ofs_y = 0},
    {.bitmap_index = 15622, .adv_w = 158, .box_w = 9, .box_h = 33, .ofs_x = -1, .ofs_y = -7},
    {.bitmap_index = 15771, .adv_w = 323, .box_w = 18, .box_h = 26, .ofs_x = 2, .ofs_y = 0},
    {.bitmap_index = 16005, .adv_w = 169, .box_w = 8, .box_h = 26, .ofs_x = 2, .ofs_y = 0},
    {.bitmap_index = 16109, .adv_w = 511, .box_w = 28, .box_h = 19, .ofs_x = 2, .ofs_y = 0},
    {.bitmap_index = 16375, .adv_w = 338, .box_w = 17, .box_h = 19, .ofs_x = 2, .ofs_y = 0},
    {.bitmap_index = 16537, .adv_w = 324, .box_w = 18, .box_h = 19, .ofs_x = 1, .ofs_y = 0},
    {.bitmap_index = 16708, .adv_w = 345, .box_w = 18, .box_h = 26, .ofs_x = 2, .ofs_y = -7},
    {.bitmap_index = 16942, .adv_w = 345, .box_w = 18, .box_h = 26, .ofs_x = 1, .ofs_y = -7},
    {.bitmap_index = 17176, .adv_w = 226, .box_w = 12, .box_h = 19, .ofs_x = 2, .ofs_y = 0},
    {.bitmap_index = 17290, .adv_w = 287, .box_w = 16, .box_h = 19, .ofs_x = 1, .ofs_y = 0},
    {.bitmap_index = 17442, .adv_w = 214, .box_w = 13, .box_h = 24, .ofs_x = 0, .ofs_y = 0},
    {.bitmap_index = 17598, .adv_w = 338, .box_w = 17, .box_h = 19, .ofs_x = 2, .ofs_y = 0},
    {.bitmap_index = 17760, .adv_w = 301, .box_w = 19, .box_h = 19, .ofs_x = 0, .ofs_y = 0},
    {.bitmap_index = 17941, .adv_w = 471, .box_w = 29, .box_h = 19, .ofs_x = 0, .ofs_y = 0},
    {.bitmap_index = 18217, .adv_w = 312, .box_w = 19, .box_h = 19, .ofs_x = 0, .ofs_y = 0},
    {.bitmap_index = 18398, .adv_w = 301, .box_w = 19, .box_h = 26, .ofs_x = 0, .ofs_y = -7},
    {.bitmap_index = 18645, .adv_w = 288, .box_w = 16, .box_h = 19, .ofs_x = 1, .ofs_y = 0},
    {.bitmap_index = 18797, .adv_w = 209, .box_w = 12, .box_h = 32, .ofs_x = 0, .ofs_y = -5},
    {.bitmap_index = 18989, .adv_w = 215, .box_w = 5, .box_h = 32, .ofs_x = 4, .ofs_y = -5},
    {.bitmap_index = 19069, .adv_w = 209, .box_w = 12, .box_h = 32, .ofs_x = 1, .ofs_y = -5},
    {.bitmap_index = 19261, .adv_w = 346, .box_w = 18, .box_h = 6, .ofs_x = 2, .ofs_y = 8},
    {.bitmap_index = 19315, .adv_w = 270, .box_w = 14, .box_h = 13, .ofs_x = 1, .ofs_y = 12},
    {.bitmap_index = 19406, .adv_w = 200, .box_w = 7, .box_h = 6, .ofs_x = 3, .ofs_y = 8},
    {.bitmap_index = 19427, .adv_w = 359, .box_w = 18, .box_h = 21, .ofs_x = 2, .ofs_y = 0},
    {.bitmap_index = 19616, .adv_w = 333, .box_w = 18, .box_h = 21, .ofs_x = 1, .ofs_y = 0},
    {.bitmap_index = 19805, .adv_w = 342, .box_w = 18, .box_h = 21, .ofs_x = 1, .ofs_y = 0},
    {.bitmap_index = 19994, .adv_w = 363, .box_w = 19, .box_h = 21, .ofs_x = 2, .ofs_y = 0},
    {.bitmap_index = 20194, .adv_w = 369, .box_w = 19, .box_h = 21, .ofs_x = 2, .ofs_y = 0},
    {.bitmap_index = 20394, .adv_w = 367, .box_w = 20, .box_h = 21, .ofs_x = 1, .ofs_y = 0},
    {.bitmap_index = 20604, .adv_w = 328, .box_w = 19, .box_h = 21, .ofs_x = 0, .ofs_y = 0},
    {.bitmap_index = 20804, .adv_w = 322, .box_w = 18, .box_h = 21, .ofs_x = 1, .ofs_y = 0},
    {.bitmap_index = 20993, .adv_w = 352, .box_w = 21, .box_h = 21, .ofs_x = 1, .ofs_y = 0},
    {.bitmap_index = 21214, .adv_w = 321, .box_w = 18, .box_h = 21, .ofs_x = 1, .ofs_y = 0},
    {.bitmap_index = 21403, .adv_w = 336, .box_w = 19, .box_h = 21, .ofs_x = 1, .ofs_y = 0},
    {.bitmap_index = 21603, .adv_w = 535, .box_w = 29, .box_h = 21, .ofs_x = 2, .ofs_y = 0},
    {.bitmap_index = 21908, .adv_w = 535, .box_w = 29, .box_h = 28, .ofs_x = 2, .ofs_y = -7},
    {.bitmap_index = 22314, .adv_w = 365, .box_w = 20, .box_h = 30, .ofs_x = 1, .ofs_y = -9},
    {.bitmap_index = 22614, .adv_w = 365, .box_w = 20, .box_h = 29, .ofs_x = 1, .ofs_y = -8},
    {.bitmap_index = 22904, .adv_w = 340, .box_w = 20, .box_h = 30, .ofs_x = 1, .ofs_y = -8},
    {.bitmap_index = 23204, .adv_w = 370, .box_w = 21, .box_h = 21, .ofs_x = 0, .ofs_y = 0},
    {.bitmap_index = 23425, .adv_w = 528, .box_w = 30, .box_h = 21, .ofs_x = 1, .ofs_y = 0},
    {.bitmap_index = 23740, .adv_w = 538, .box_w = 29, .box_h = 21, .ofs_x = 2, .ofs_y = 0},
    {.bitmap_index = 24045, .adv_w = 350, .box_w = 19, .box_h = 21, .ofs_x = 1, .ofs_y = 0},
    {.bitmap_index = 24245, .adv_w = 357, .box_w = 19, .box_h = 21, .ofs_x = 1, .ofs_y = 0},
    {.bitmap_index = 24445, .adv_w = 358, .box_w = 18, .box_h = 21, .ofs_x = 2, .ofs_y = 0},
    {.bitmap_index = 24634, .adv_w = 361, .box_w = 18, .box_h = 21, .ofs_x = 2, .ofs_y = 0},
    {.bitmap_index = 24823, .adv_w = 316, .box_w = 17, .box_h = 21, .ofs_x = 2, .ofs_y = 0},
    {.bitmap_index = 25002, .adv_w = 360, .box_w = 18, .box_h = 21, .ofs_x = 2, .ofs_y = 0},
    {.bitmap_index = 25191, .adv_w = 356, .box_w = 18, .box_h = 21, .ofs_x = 2, .ofs_y = 0},
    {.bitmap_index = 25380, .adv_w = 356, .box_w = 18, .box_h = 28, .ofs_x = 2, .ofs_y = 0},
    {.bitmap_index = 25632, .adv_w = 376, .box_w = 19, .box_h = 21, .ofs_x = 2, .ofs_y = 0},
    {.bitmap_index = 25832, .adv_w = 376, .box_w = 19, .box_h = 28, .ofs_x = 2, .ofs_y = 0},
    {.bitmap_index = 26098, .adv_w = 426, .box_w = 24, .box_h = 21, .ofs_x = 1, .ofs_y = 0},
    {.bitmap_index = 26350, .adv_w = 406, .box_w = 24, .box_h = 28, .ofs_x = 1, .ofs_y = 0},
    {.bitmap_index = 26686, .adv_w = 365, .box_w = 20, .box_h = 21, .ofs_x = 1, .ofs_y = 0},
    {.bitmap_index = 26896, .adv_w = 362, .box_w = 18, .box_h = 21, .ofs_x = 2, .ofs_y = 0},
    {.bitmap_index = 27085, .adv_w = 346, .box_w = 19, .box_h = 21, .ofs_x = 1, .ofs_y = 0},
    {.bitmap_index = 27285, .adv_w = 306, .box_w = 17, .box_h = 21, .ofs_x = 1, .ofs_y = 0},
    {.bitmap_index = 27464, .adv_w = 358, .box_w = 18, .box_h = 29, .ofs_x = 2, .ofs_y = -8},
    {.bitmap_index = 27725, .adv_w = 335, .box_w = 18, .box_h = 21, .ofs_x = 1, .ofs_y = 0},
    {.bitmap_index = 27914, .adv_w = 365, .box_w = 20, .box_h = 29, .ofs_x = 1, .ofs_y = -8},
    {.bitmap_index = 28204, .adv_w = 308, .box_w = 17, .box_h = 21, .ofs_x = 1, .ofs_y = 0},
    {.bitmap_index = 28383, .adv_w = 375, .box_w = 21, .box_h = 22, .ofs_x = 2, .ofs_y = 0},
    {.bitmap_index = 28614, .adv_w = 365, .box_w = 21, .box_h = 21, .ofs_x = 2, .ofs_y = 0},
    {.bitmap_index = 28835, .adv_w = 350, .box_w = 20, .box_h = 22, .ofs_x = 1, .ofs_y = 0},
    {.bitmap_index = 29055, .adv_w = 348, .box_w = 18, .box_h = 21, .ofs_x = 2, .ofs_y = 0},
    {.bitmap_index = 29244, .adv_w = 414, .box_w = 26, .box_h = 28, .ofs_x = 1, .ofs_y = 0},
    {.bitmap_index = 29608, .adv_w = 336, .box_w = 19, .box_h = 21, .ofs_x = 1, .ofs_y = 0},
    {.bitmap_index = 29808, .adv_w = 350, .box_w = 20, .box_h = 22, .ofs_x = 1, .ofs_y = 0},
    {.bitmap_index = 30028, .adv_w = 321, .box_w = 18, .box_h = 21, .ofs_x = 0, .ofs_y = 0},
    {.bitmap_index = 30217, .adv_w = 244, .box_w = 12, .box_h = 18, .ofs_x = 2, .ofs_y = 1},
    {.bitmap_index = 30325, .adv_w = 0, .box_w = 12, .box_h = 7, .ofs_x = -11, .ofs_y = 23},
    {.bitmap_index = 30367, .adv_w = 286, .box_w = 16, .box_h = 21, .ofs_x = 0, .ofs_y = 0},
    {.bitmap_index = 30535, .adv_w = 286, .box_w = 25, .box_h = 31, .ofs_x = -9, .ofs_y = 0},
    {.bitmap_index = 30923, .adv_w = 0, .box_w = 16, .box_h = 4, .ofs_x = -18, .ofs_y = 23},
    {.bitmap_index = 30955, .adv_w = 0, .box_w = 16, .box_h = 7, .ofs_x = -18, .ofs_y = 23},
    {.bitmap_index = 31011, .adv_w = 0, .box_w = 17, .box_h = 8, .ofs_x = -18, .ofs_y = 23},
    {.bitmap_index = 31079, .adv_w = 0, .box_w = 16, .box_h = 7, .ofs_x = -18, .ofs_y = 23},
    {.bitmap_index = 31135, .adv_w = 0, .box_w = 8, .box_h = 9, .ofs_x = -10, .ofs_y = -11},
    {.bitmap_index = 31171, .adv_w = 0, .box_w = 12, .box_h = 8, .ofs_x = -14, .ofs_y = -11},
    {.bitmap_index = 31219, .adv_w = 0, .box_w = 6, .box_h = 6, .ofs_x = -8, .ofs_y = -8},
    {.bitmap_index = 31237, .adv_w = 379, .box_w = 20, .box_h = 31, .ofs_x = 2, .ofs_y = -3},
    {.bitmap_index = 31547, .adv_w = 183, .box_w = 9, .box_h = 21, .ofs_x = 2, .ofs_y = 0},
    {.bitmap_index = 31642, .adv_w = 350, .box_w = 20, .box_h = 21, .ofs_x = 2, .ofs_y = 0},
    {.bitmap_index = 31852, .adv_w = 210, .box_w = 16, .box_h = 32, .ofs_x = -1, .ofs_y = 0},
    {.bitmap_index = 32108, .adv_w = 214, .box_w = 15, .box_h = 34, .ofs_x = -1, .ofs_y = 0},
    {.bitmap_index = 32363, .adv_w = 207, .box_w = 13, .box_h = 32, .ofs_x = 1, .ofs_y = 0},
    {.bitmap_index = 32571, .adv_w = 288, .box_w = 16, .box_h = 29, .ofs_x = 0, .ofs_y = -8},
    {.bitmap_index = 32803, .adv_w = 323, .box_w = 16, .box_h = 26, .ofs_x = 1, .ofs_y = -5},
    {.bitmap_index = 33011, .adv_w = 0, .box_w = 13, .box_h = 8, .ofs_x = -17, .ofs_y = 23},
    {.bitmap_index = 33063, .adv_w = 0, .box_w = 6, .box_h = 8, .ofs_x = -8, .ofs_y = 23},
    {.bitmap_index = 33087, .adv_w = 0, .box_w = 13, .box_h = 7, .ofs_x = -14, .ofs_y = 23},
    {.bitmap_index = 33133, .adv_w = 0, .box_w = 15, .box_h = 9, .ofs_x = -15, .ofs_y = 23},
    {.bitmap_index = 33201, .adv_w = 0, .box_w = 10, .box_h = 9, .ofs_x = -10, .ofs_y = 23},
    {.bitmap_index = 33246, .adv_w = 0, .box_w = 9, .box_h = 7, .ofs_x = -10, .ofs_y = 23},
    {.bitmap_index = 33278, .adv_w = 0, .box_w = 8, .box_h = 8, .ofs_x = -9, .ofs_y = 23},
    {.bitmap_index = 33310, .adv_w = 0, .box_w = 11, .box_h = 9, .ofs_x = -12, .ofs_y = 23},
    {.bitmap_index = 33360, .adv_w = 322, .box_w = 18, .box_h = 18, .ofs_x = 1, .ofs_y = 1},
    {.bitmap_index = 33522, .adv_w = 324, .box_w = 18, .box_h = 20, .ofs_x = 1, .ofs_y = 0},
    {.bitmap_index = 33702, .adv_w = 309, .box_w = 17, .box_h = 21, .ofs_x = 1, .ofs_y = -1},
    {.bitmap_index = 33881, .adv_w = 419, .box_w = 22, .box_h = 23, .ofs_x = 2, .ofs_y = 0},
    {.bitmap_index = 34134, .adv_w = 414, .box_w = 22, .box_h = 19, .ofs_x = 2, .ofs_y = 0},
    {.bitmap_index = 34343, .adv_w = 327, .box_w = 19, .box_h = 23, .ofs_x = 1, .ofs_y = 0},
    {.bitmap_index = 34562, .adv_w = 327, .box_w = 19, .box_h = 24, .ofs_x = 1, .ofs_y = 0},
    {.bitmap_index = 34790, .adv_w = 322, .box_w = 19, .box_h = 24, .ofs_x = 0, .ofs_y = 0},
    {.bitmap_index = 35018, .adv_w = 506, .box_w = 28, .box_h = 23, .ofs_x = 2, .ofs_y = 0},
    {.bitmap_index = 35340, .adv_w = 352, .box_w = 21, .box_h = 23, .ofs_x = 1, .ofs_y = 0},
    {.bitmap_index = 35582, .adv_w = 390, .box_w = 22, .box_h = 23, .ofs_x = 2, .ofs_y = 0},
    {.bitmap_index = 35835, .adv_w = 457, .box_w = 26, .box_h = 21, .ofs_x = 0, .ofs_y = 0},
    {.bitmap_index = 36108, .adv_w = 512, .box_w = 29, .box_h = 13, .ofs_x = 2, .ofs_y = 3},
    {.bitmap_index = 36297, .adv_w = 339, .box_w = 19, .box_h = 4, .ofs_x = 1, .ofs_y = 9},
    {.bitmap_index = 36335, .adv_w = 449, .box_w = 26, .box_h = 4, .ofs_x = 1, .ofs_y = 9},
    {.bitmap_index = 36387, .adv_w = 499, .box_w = 27, .box_h = 6, .ofs_x = 2, .ofs_y = 0},
    {.bitmap_index = 36468, .adv_w = 503, .box_w = 27, .box_h = 17, .ofs_x = 2, .ofs_y = 4},
    {.bitmap_index = 36698, .adv_w = 0, .box_w = 6, .box_h = 8, .ofs_x = -8, .ofs_y = 29},
    {.bitmap_index = 36722, .adv_w = 0, .box_w = 13, .box_h = 8, .ofs_x = -14, .ofs_y = 29},
    {.bitmap_index = 36774, .adv_w = 0, .box_w = 15, .box_h = 9, .ofs_x = -15, .ofs_y = 29},
    {.bitmap_index = 36842, .adv_w = 0, .box_w = 10, .box_h = 9, .ofs_x = -10, .ofs_y = 29},
    {.bitmap_index = 36887, .adv_w = 0, .box_w = 9, .box_h = 8, .ofs_x = -10, .ofs_y = 29}
};

/*---------------------
 *  CHARACTER MAPPING
 *--------------------*/

static const uint16_t unicode_list_1[] = {
    0x0, 0x7
};

static const uint16_t unicode_list_4[] = {
    0x0, 0x1, 0x13, 0x17f, 0xd6f7, 0xd6f8, 0xd6f9, 0xd6fa,
    0xd6fb
};

/*Collect the unicode lists and glyph_id offsets*/
static const lv_font_fmt_txt_cmap_t cmaps[] =
{
    {
        .range_start = 32, .range_length = 95, .glyph_id_start = 1,
        .unicode_list = NULL, .glyph_id_ofs_list = NULL, .list_length = 0, .type = LV_FONT_FMT_TXT_CMAP_FORMAT0_TINY
    },
    {
        .range_start = 176, .range_length = 8, .glyph_id_start = 96,
        .unicode_list = unicode_list_1, .glyph_id_ofs_list = NULL, .list_length = 2, .type = LV_FONT_FMT_TXT_CMAP_SPARSE_TINY
    },
    {
        .range_start = 3585, .range_length = 58, .glyph_id_start = 98,
        .unicode_list = NULL, .glyph_id_ofs_list = NULL, .list_length = 0, .type = LV_FONT_FMT_TXT_CMAP_FORMAT0_TINY
    },
    {
        .range_start = 3647, .range_length = 29, .glyph_id_start = 156,
        .unicode_list = NULL, .glyph_id_ofs_list = NULL, .list_length = 0, .type = LV_FONT_FMT_TXT_CMAP_FORMAT0_TINY
    },
    {
        .range_start = 8211, .range_length = 55036, .glyph_id_start = 185,
        .unicode_list = unicode_list_4, .glyph_id_ofs_list = NULL, .list_length = 9, .type = LV_FONT_FMT_TXT_CMAP_SPARSE_TINY
    }
};

/*-----------------
 *    KERNING
 *----------------*/


/*Map glyph_ids to kern left classes*/
static const uint8_t kern_left_class_mapping[] =
{
    0, 0, 0, 1, 0, 0, 2, 3,
    1, 4, 0, 1, 0, 5, 0, 5,
    6, 0, 0, 0, 0, 0, 0, 0,
    0, 0, 0, 7, 7, 0, 0, 0,
    8, 9, 10, 11, 12, 13, 14, 15,
    16, 0, 17, 18, 19, 20, 0, 0,
    21, 22, 21, 23, 24, 25, 26, 27,
    28, 29, 30, 31, 32, 0, 0, 0,
    33, 0, 34, 35, 36, 0, 37, 38,
    39, 40, 41, 42, 43, 44, 40, 40,
    45, 35, 46, 47, 48, 49, 50, 51,
    52, 53, 54, 55, 32, 0, 0, 0,
    0, 0, 0, 0, 0, 0, 0, 0,
    0, 0, 0, 0, 0, 0, 0, 0,
    0, 0, 0, 0, 0, 0, 0, 0,
    0, 0, 0, 0, 0, 0, 0, 0,
    0, 0, 0, 0, 0, 0, 0, 0,
    0, 0, 0, 0, 0, 0, 0, 0,
    0, 0, 0, 0, 0, 0, 0, 0,
    0, 0, 0, 0, 0, 0, 0, 0,
    0, 0, 0, 0, 0, 0, 0, 0,
    0, 0, 0, 0, 0, 0, 0, 0,
    0, 0, 0, 0, 0, 0, 0, 0,
    0, 0, 0, 5, 0, 0, 0, 0,
    0, 0
};

/*Map glyph_ids to kern right classes*/
static const uint8_t kern_right_class_mapping[] =
{
    0, 0, 1, 2, 0, 0, 0, 3,
    2, 0, 4, 2, 0, 5, 6, 5,
    7, 0, 0, 0, 0, 0, 0, 0,
    0, 0, 0, 8, 8, 0, 0, 0,
    9, 10, 11, 0, 12, 0, 0, 0,
    12, 0, 13, 14, 0, 0, 0, 0,
    12, 0, 12, 0, 15, 16, 17, 18,
    19, 20, 21, 22, 0, 0, 23, 0,
    24, 0, 25, 26, 27, 28, 27, 29,
    30, 26, 31, 32, 26, 33, 34, 34,
    27, 35, 28, 34, 36, 37, 38, 39,
    40, 41, 42, 43, 0, 0, 23, 0,
    0, 0, 0, 0, 0, 0, 0, 0,
    0, 0, 0, 0, 0, 0, 0, 0,
    0, 0, 0, 0, 0, 0, 0, 0,
    0, 0, 0, 0, 0, 0, 0, 0,
    0, 0, 0, 0, 0, 0, 0, 0,
    0, 0, 0, 0, 0, 0, 0, 0,
    0, 0, 0, 0, 0, 0, 0, 0,
    0, 0, 0, 0, 0, 0, 0, 0,
    0, 0, 0, 0, 0, 0, 0, 0,
    0, 0, 0, 0, 0, 0, 0, 0,
    0, 0, 0, 0, 0, 0, 0, 0,
    0, 6, 6, 5, 0, 0, 0, 0,
    0, 0
};

/*Kern values between classes*/
static const int8_t kern_class_values[] =
{
    0, 0, 0, 0, -52, 0, 0, 0,
    0, 0, 0, 0, 0, 0, 0, 0,
    0, 0, 0, 0, 0, 0, 0, 0,
    0, 0, 0, 0, 0, 0, 0, 0,
    0, 0, 0, 0, 0, 0, 0, 0,
    0, 0, 0, 0, -35, 0, 0, 0,
    0, 0, 0, 0, 0, 0, 0, 0,
    0, 0, 0, 0, 0, 0, 0, 0,
    0, 0, 0, 0, 0, 0, 0, 0,
    0, 0, 0, 0, 0, 0, 0, 0,
    0, 0, 0, 0, 0, 0, 0, 0,
    0, 0, 0, 0, 0, 0, 0, 0,
    2, 0, 0, 0, -2, -25, 0, -18,
    -10, 0, -31, -4, 0, 0, 4, 0,
    6, 6, 0, 0, 0, 0, 0, 0,
    0, 0, -1, 0, -6, -6, 0, -6,
    0, 0, 0, 0, 0, 0, 0, 0,
    0, 0, 0, 0, 0, 0, 0, 0,
    12, 0, 12, 12, 6, 12, 0, 0,
    0, 0, 0, 0, 0, 0, 6, 0,
    36, 0, 0, 0, 0, 0, 0, 0,
    0, 0, 2, 0, 0, -52, 0, 0,
    0, 0, 0, 0, -45, 0, 0, 0,
    0, 0, 0, 0, 0, 0, 0, 0,
    0, 0, 0, 0, 0, 0, 0, 0,
    0, 0, 0, 0, 0, 0, 0, 0,
    0, 0, 0, 0, 0, 0, 0, 0,
    0, 0, 0, 0, 0, -96, 0, 0,
    0, -26, -12, 0, 0, -10, 13, 0,
    7, 6, 0, 7, 0, 0, 0, -17,
    0, -16, -17, 0, -16, 0, 0, 0,
    -4, 0, 0, 0, 0, 0, 0, 0,
    0, 0, 0, 0, 0, 0, 0, 0,
    0, 0, 0, 0, 0, 0, 0, 0,
    0, -23, 0, -16, 0, -7, -27, 0,
    0, 0, 0, 0, 0, 0, 0, 0,
    0, 0, 0, 0, 0, 0, 0, 0,
    0, 0, 0, 0, 0, 0, 0, 0,
    0, -68, 0, 0, 0, 0, 0, -16,
    0, 0, 0, 0, 0, 0, 6, 9,
    0, 0, 0, 0, 0, 0, 0, 0,
    0, 0, 0, 0, 0, 0, 0, 0,
    0, 0, 0, 0, 0, 0, 0, 0,
    0, 0, 0, 0, 0, 0, 0, 0,
    0, 0, -10, 0, -10, -16, -6, -19,
    0, -17, -12, -21, -25, -9, 0, 0,
    0, 0, 0, 0, 0, -2, 0, 0,
    0, 0, 0, 0, 0, 0, 0, -4,
    -10, -6, -6, 0, -29, -6, 0, 10,
    -10, 0, 0, -21, -9, 7, -14, 0,
    -5, 0, -37, -12, -29, -11, 3, -37,
    0, 0, 9, 2, 0, 0, 0, 0,
    0, 0, 0, 0, 0, 0, 0, -8,
    0, -16, -10, 0, -9, 6, 0, 0,
    0, 0, -9, 0, -13, 0, 0, 0,
    -7, 0, 0, -6, 0, -15, 0, -14,
    -4, -12, -22, 0, 0, -36, 0, 0,
    0, 0, -2, -2, 0, 0, 0, 0,
    0, 0, -3, 0, -5, -3, -6, -5,
    0, 0, 2, -5, 0, 0, -7, -7,
    0, 0, -6, -3, -7, 0, 0, 0,
    0, 0, 0, 1, -7, -5, 0, 0,
    -21, 0, 0, 0, 0, 0, 0, 0,
    0, 0, 0, 0, 0, 0, 0, 0,
    0, 0, 0, 0, 0, -6, 0, 0,
    -21, 9, -19, 0, 0, 0, -17, 0,
    0, -14, 0, -15, 0, -14, -9, -14,
    -24, -13, 0, -16, 0, 0, 0, 0,
    0, 0, 0, 0, 0, 0, 0, 0,
    0, 0, 0, 0, 0, 0, 0, 0,
    0, -7, 0, 0, 0, 0, 0, 0,
    -6, 0, 0, 0, -10, 0, 0, 0,
    -2, 0, 0, -4, 0, 0, 0, 0,
    0, -6, -6, 0, -3, 0, 0, 0,
    0, 0, 0, 0, 0, 0, 0, 0,
    0, 0, 0, 3, -21, 9, -54, 0,
    -40, 0, 3, -16, -42, -15, 0, -39,
    0, 0, 0, 0, 0, 0, 0, 0,
    0, -79, -23, 0, -17, -18, -3, -25,
    0, -6, 0, -16, -16, -19, -7, -14,
    -12, -7, -22, -12, -12, 0, -6, 0,
    0, 0, 6, 0, 0, 0, 0, 0,
    0, 0, -5, 0, -22, 0, -14, -6,
    -5, -24, 0, 0, 0, 0, 0, 0,
    0, 0, 0, 0, 0, 0, 0, 0,
    0, 0, 0, 0, 0, 0, 0, 0,
    0, 0, -2, 0, 0, -17, 0, 0,
    0, -10, 0, 0, 0, 0, 0, -3,
    0, 0, 0, 0, 0, 0, 0, 2,
    0, 0, -3, -3, 0, 0, 0, 0,
    0, 0, 0, -2, 0, 0, -2, 0,
    0, -2, 0, 0, 0, 0, 0, -13,
    0, -16, 0, 0, 0, -9, 0, 0,
    -6, 0, 0, 0, 0, 0, -9, 0,
    0, 0, -44, 0, 0, 0, 0, 0,
    0, 0, 0, 0, 0, 0, 0, 0,
    0, 0, 0, 0, 0, 0, 0, -5,
    -16, 6, 6, -28, 0, 0, 0, -23,
    0, -20, 0, -10, -5, -13, 0, -13,
    -6, 0, -10, 0, 0, 0, -7, 0,
    -14, -14, -12, -6, 0, 0, -4, -6,
    -6, 0, -16, -10, -10, -10, -4, -10,
    6, 0, -48, -4, 0, 13, -21, 9,
    0, -32, -7, 10, -21, 0, 0, 0,
    -42, -18, -40, -21, 0, -48, 0, 0,
    13, 1, 0, -6, -5, 0, 0, 0,
    0, 0, 0, 0, 0, -10, -4, -29,
    -17, 6, -21, 7, 0, -6, -2, 0,
    -21, 9, -19, 0, 0, 0, -14, 0,
    0, -14, -2, -13, 0, -14, -9, -14,
    -25, -10, 0, -54, 0, 0, 0, 0,
    0, 0, 0, 0, 0, 0, 0, 0,
    0, 0, 0, 0, 0, 0, 0, 0,
    3, -17, 0, -58, 0, -44, 0, 0,
    -6, -37, 0, 0, -35, -4, 0, 0,
    -2, -3, -16, -10, -14, 0, -82, -7,
    0, -12, -12, 0, -18, 0, 0, 0,
    -6, -7, -7, 0, 0, 0, 3, -9,
    0, 0, 0, 0, -14, 0, 0, -9,
    -10, 0, 0, -12, 0, -6, 0, -17,
    0, -14, -7, -16, -7, 0, -22, 0,
    0, 0, -6, 0, -9, -9, 0, -16,
    0, 0, 0, 0, 0, 0, 0, 0,
    0, 0, 0, -2, 0, 0, 0, -4,
    0, 0, 7, -16, 0, 0, -4, 0,
    0, 0, 0, -7, -12, 0, -7, -6,
    0, -17, 0, 0, -31, 0, 0, 0,
    0, 0, 0, 0, 0, 0, 0, 0,
    0, -2, 0, 0, 0, 0, 0, 0,
    0, 9, -16, 12, -42, -27, -52, -23,
    0, -19, -37, -13, -3, -29, -7, 10,
    0, 2, 4, 0, 2, 0, 0, -46,
    -40, 0, -37, -37, -9, -46, 0, 0,
    0, -26, -26, -40, 0, -27, -16, -21,
    -23, -19, -29, 0, 0, -4, 0, -17,
    0, -19, 0, 0, 0, -12, 0, 0,
    -9, 0, 0, 0, 0, 0, 0, 0,
    0, 0, -36, 0, 0, 0, 0, 0,
    -6, 0, 0, 0, 0, 0, 0, 0,
    0, 0, 1, 0, 0, 0, 0, 6,
    -19, 12, -35, -14, -35, -16, 9, -17,
    -29, -14, 0, -26, -13, 2, 0, 3,
    2, 0, 1, -2, 0, -44, -21, 0,
    -19, -19, 0, -23, 0, -2, 0, -10,
    -10, -13, 0, -13, -6, -6, -6, -4,
    -7, 0, 9, -16, 6, -21, -6, -21,
    0, 6, -12, -12, -9, 0, -23, 0,
    4, 0, 2, 2, 0, 1, -2, 0,
    -29, -13, 0, -13, -13, 0, -12, 0,
    -2, 0, -6, -3, -6, 0, -3, 0,
    -5, -6, 0, -5, 0, 0, -13, 0,
    6, -19, 0, -7, -2, -17, 3, -14,
    0, -10, 0, 0, 0, 0, 0, 0,
    0, 0, 0, 12, -4, 0, -10, -10,
    0, 0, 0, 0, 0, 0, 0, -5,
    -10, -10, -7, -12, 0, -6, 6, 0,
    4, -29, 12, -39, -29, -46, -27, 3,
    -25, -37, -25, 0, -35, -21, 2, 0,
    1, 1, 0, 0, 0, 0, -46, -35,
    -6, -33, -33, -13, -34, -7, -16, 0,
    -25, -27, -31, -12, -21, -18, -19, -19,
    -18, -23, 0, 3, -6, 6, 17, -23,
    0, 0, 0, -10, 0, -10, 0, -3,
    0, 0, 0, -3, -2, 0, -4, 0,
    0, 9, 0, 0, -3, -2, 0, 0,
    0, 0, 0, 0, 0, 0, -6, -3,
    0, 0, 0, -3, 0, 0, 0, 0,
    0, 0, 0, 0, 0, 0, 0, 0,
    0, 0, 0, 0, 0, 0, 0, 0,
    0, 0, 0, 0, 0, 0, 0, 0,
    0, 0, 0, 0, 6, 0, 0, 0,
    0, 0, 0, 0, 0, 0, 0, 0,
    0, 0, 0, 0, 0, 0, 0, 0,
    0, 0, 9, -54, 2, -27, -31, -46,
    -36, -44, -29, 12, -46, 14, 0, 0,
    -17, 0, -35, -31, -14, 13, 0, 31,
    -22, 0, 6, -22, -30, -20, -40, -27,
    12, -9, 4, 0, -9, 0, 0, 6,
    -3, 12, 0, 0, 0, 5, 0, 0,
    0, 0, -40, 0, -17, -4, 0, -27,
    3, 0, 6, 0, 0, 0, 0, 0,
    0, 0, 0, 0, 0, 0, 0, -2,
    0, -5, -3, 0, -5, 0, 0, -12,
    0, 0, -10, 6, 0, 0, 0, 0,
    0, 0, -3, 0, 0, -39, 0, -19,
    -13, -10, -31, -2, 0, -31, 0, 0,
    0, 0, -3, 0, 0, 0, 0, 0,
    0, 0, -3, 0, -5, -5, -9, -5,
    -4, 0, 0, -1, 0, 0, 0, 0,
    0, 0, 0, 5, 0, 0, 3, 1,
    -26, 0, -16, -5, 0, -26, 3, 0,
    -17, 0, 0, -3, -3, 0, -1, 0,
    0, 0, 0, 0, 0, 0, 0, 0,
    0, 0, 0, 0, 0, -12, 0, 0,
    -10, 6, 0, 0, 0, 0, 0, 0,
    -3, 0, -6, -39, 0, -19, -10, -10,
    -31, -3, 0, -33, 0, 0, 0, 0,
    0, 0, 0, 0, 0, 0, 0, 0,
    0, 0, -5, -3, -9, -3, -3, 12,
    17, -7, 14, -17, 0, -12, 0, 17,
    0, -3, 9, 0, -13, 0, 16, 0,
    16, 13, 7, 14, 1, 9, -37, 0,
    0, -2, -2, 2, -2, 5, 0, 0,
    0, 0, 0, 0, 0, 6, 0, 0,
    6, 0, 0, 3, -2, 15, 5, 0,
    13, 0, 0, -1, 13, 1, 0, -5,
    0, -6, 0, -5, 0, 5, -5, 6,
    6, 31, -1, 0, -3, -3, 0, 3,
    0, 13, 0, 0, 0, 0, 0, -2,
    0, 1, 0, 3, 0, 0, -9, 0,
    0, 0, 0, 0, 0, 0, 0, 0,
    0, 0, 0, 0, -32, 0, -19, -13,
    0, -31, 0, 0, 0, 0, 0, 0,
    0, 0, 0, 0, 0, 0, 0, 0,
    0, 0, 0, -5, -3, 0, -5, 0,
    0, 0, 0, 0, 0, 0, 0, 0,
    0, 0, 0, 0, 0, -5, 0, 0,
    0, 0, 0, 0, -7, 0, 0, 0,
    0, 0, 0, 0, 0, 0, 0, 0,
    0, 0, 0, 0, 0, 0, 0, 0,
    0, 0, 0, 0, 0, 0, 0, 0,
    0, 0, 0, 0, 0, 0, 0, 0,
    0, 0, -23, 0, -14, -6, 0, -4,
    0, 0, 0, 0, 0, 0, 0, 0,
    0, 0, 0, 0, 0, 0, 0, 0,
    0, 0, 0, 0, 0, 0, 0, 0,
    -7, 0, 0, -22, 0, 0, 0, -7,
    9, -6, 0, -3, -3, -18, 0, -10,
    -5, 0, -27, 9, 0, 10, -1, 0,
    -14, -10, 0, -2, 0, 0, 0, 0,
    0, -6, -6, -6, -7, -2, 0, -2,
    0, 0, 0, 0, 0, 6, -6, 0,
    0, 0, 0, 11, 0, 0, 4, 0,
    -9, 0, -4, 0, 9, -10, 9, 0,
    13, 0, 0, 0, 0, 0, 0, 0,
    0, -4, 0, 0, 0, -3, 0, -4,
    -2, 0, -4, 2, 0, -12, 0, 0,
    -10, 6, 0, 0, 0, 0, 0, 0,
    -3, 0, 0, -39, 0, -19, -13, -10,
    -33, -3, 0, -33, 0, 0, 0, 0,
    -3, 0, 0, 0, 0, 0, 0, 0,
    -2, 0, -5, -5, -9, -5, -4, 0,
    0, 0, 0, 0, 0, 0, 0, 0,
    0, 0, 0, 0, 0, 0, -23, 0,
    -14, -6, 0, -23, 0, 0, 0, 0,
    0, 0, 0, 0, 0, 0, 0, 0,
    0, 0, 0, 0, 0, 0, 0, 0,
    0, 0, 0, 17, -12, 0, -46, -4,
    -12, 0, 0, 0, -20, 6, 0, -13,
    4, -6, 0, 0, 3, -12, -12, -6,
    0, -46, -6, 0, -3, -3, 4, -10,
    0, 0, 0, 0, 0, 0, 2, 0,
    5, 3, 0, 5, 0, 0, -6, -1,
    0, -4, -2, 0, 0, 0, 0, 0,
    0, 0, -2, 0, -37, 0, -18, 0,
    -13, -28, 0, 0, -23, 0, 0, 0,
    0, -2, -2, 0, 0, 0, 0, 0,
    -4, -5, 0, -7, -6, -10, -7, -6,
    0, 0, -7, 0, 0, -7, 0, 0,
    0, -1, 3, 0, 0, 0, 0, -14,
    0, 0, 0, 0, -12, 0, 4, 10,
    0, 0, -2, -2, -2, -2, 0, 0,
    0, 0, 0, 0, -3, 0, 0, 0,
    0, 0, 0, 0, 0, 0, 0, 0,
    0, 0, 0, 0, 0, 0, 0, 0,
    0, 0, -26, 0, -13, -4, 0, -27,
    0, 0, 0, 0, 0, 0, 0, 0,
    0, 0, 0, 0, 0, 0, 0, 0,
    0, 0, 0, 0, 0, 0, 0, 13,
    -10, 0, -27, -4, -7, 0, 0, 0,
    -16, 0, -2, -12, 0, -16, 0, -6,
    0, 0, -18, 0, 0, -40, -5, 0,
    -5, -5, 2, -7, 0, 0, 0, 0,
    0, -1, 1, 0, 0, 0, 0, 0,
    -2, 0, 12, -12, 0, -21, -2, 0,
    0, 0, -4, -10, 0, 0, -12, 0,
    -21, 0, -6, -5, 0, -19, 0, 0,
    -27, -7, 0, -5, -5, 0, -10, 0,
    0, 0, 0, 0, -2, 0, 0, 0,
    0, 0, 0, 0, 0, 2, -16, 0,
    0, -20, 0, 0, 0, -10, 0, 0,
    0, -6, 0, -23, 0, -6, -6, 0,
    -19, 0, 0, 12, 0, 0, -9, -9,
    0, 0, 0, 0, 0, 0, 0, -2,
    0, 0, 0, 0, 0, 0, 0, 0,
    12, -16, 0, -28, -4, -3, 0, 0,
    -6, -9, 0, -2, -17, 0, -19, 0,
    -6, 0, 0, -18, 0, 0, -46, -8,
    0, -4, -4, 3, -14, 0, 0, 0,
    0, 0, -4, 0, 0, 0, 0, 0,
    0, -2, 0, 4, -6, 0, 7, -12,
    0, 0, 0, -5, 6, 0, 0, 0,
    0, -21, 0, -6, -3, 6, -16, 0,
    0, 4, 0, 0, -6, -6, 0, 0,
    0, 0, 0, 0, 0, 0, 0, 0,
    0, 0, 0, 0, 0
};


/*Collect the kern class' data in one place*/
static const lv_font_fmt_txt_kern_classes_t kern_classes =
{
    .class_pair_values   = kern_class_values,
    .left_class_mapping  = kern_left_class_mapping,
    .right_class_mapping = kern_right_class_mapping,
    .left_class_cnt      = 55,
    .right_class_cnt     = 43,
};

/*--------------------
 *  ALL CUSTOM DATA
 *--------------------*/

#if LVGL_VERSION_MAJOR == 8
/*Store all the custom data of the font*/
static  lv_font_fmt_txt_glyph_cache_t cache;
#endif

#if LVGL_VERSION_MAJOR >= 8
static const lv_font_fmt_txt_dsc_t font_dsc = {
#else
static lv_font_fmt_txt_dsc_t font_dsc = {
#endif
    .glyph_bitmap = glyph_bitmap,
    .glyph_dsc = glyph_dsc,
    .cmaps = cmaps,
    .kern_dsc = &kern_classes,
    .kern_scale = 16,
    .cmap_num = 5,
    .bpp = 4,
    .kern_classes = 1,
    .bitmap_format = 0,
#if LVGL_VERSION_MAJOR == 8
    .cache = &cache
#endif
};



/*-----------------
 *  PUBLIC FONT
 *----------------*/

/*Initialize a public general font descriptor*/
#if LVGL_VERSION_MAJOR >= 8
const lv_font_t thai36 = {
#else
lv_font_t thai36 = {
#endif
    .get_glyph_dsc = lv_font_get_glyph_dsc_fmt_txt,    /*Function pointer to get glyph's data*/
    .get_glyph_bitmap = lv_font_get_bitmap_fmt_txt,    /*Function pointer to get glyph's bitmap*/
    .line_height = 49,          /*The maximum line height required by the font*/
    .base_line = 11,             /*Baseline measured from the bottom of the line*/
#if !(LVGL_VERSION_MAJOR == 6 && LVGL_VERSION_MINOR == 0)
    .subpx = LV_FONT_SUBPX_NONE,
#endif
#if LV_VERSION_CHECK(7, 4, 0) || LVGL_VERSION_MAJOR >= 8
    .underline_position = -4,
    .underline_thickness = 3,
#endif
    .dsc = &font_dsc,          /*The custom font data. Will be accessed by `get_glyph_bitmap/dsc` */
#if LV_VERSION_CHECK(8, 2, 0) || LVGL_VERSION_MAJOR >= 9
    .fallback = NULL,
#endif
    .user_data = NULL,
};



#endif /*#if THAI36*/

